-- This is a generated file. Please, do not modify it manually. 

USE BloodTestDB;

INSERT INTO Laboratory (lab_id, lab_name, lab_email) VALUES (0, 'lab0', 'lab0@gmail.com');
INSERT INTO Laboratory (lab_id, lab_name, lab_email) VALUES (1, 'lab1', 'lab1@gmail.com');
INSERT INTO Laboratory (lab_id, lab_name, lab_email) VALUES (2, 'lab2', 'lab2@gmail.com');
INSERT INTO Laboratory (lab_id, lab_name, lab_email) VALUES (3, 'lab3', 'lab3@gmail.com');
INSERT INTO Laboratory (lab_id, lab_name, lab_email) VALUES (4, 'lab4', 'lab4@gmail.com');
INSERT INTO Laboratory (lab_id, lab_name, lab_email) VALUES (5, 'lab5', 'lab5@gmail.com');
INSERT INTO Laboratory (lab_id, lab_name, lab_email) VALUES (6, 'lab6', 'lab6@gmail.com');
INSERT INTO Laboratory (lab_id, lab_name, lab_email) VALUES (7, 'lab7', 'lab7@gmail.com');
INSERT INTO Laboratory (lab_id, lab_name, lab_email) VALUES (8, 'lab8', 'lab8@gmail.com');
INSERT INTO Laboratory (lab_id, lab_name, lab_email) VALUES (9, 'lab9', 'lab9@gmail.com');

INSERT INTO Patient (patient_no, patient_name, patient_surname, patient_email, patient_phone) VALUES (396459, 'name396459', 'surname396459', 'patient396459@gmail.com', '7492690942');
INSERT INTO Patient (patient_no, patient_name, patient_surname, patient_email, patient_phone) VALUES (765445, 'name765445', 'surname765445', 'patient765445@gmail.com', '7552608253');
INSERT INTO Patient (patient_no, patient_name, patient_surname, patient_email, patient_phone) VALUES (453640, 'name453640', 'surname453640', 'patient453640@gmail.com', '7705830316');
INSERT INTO Patient (patient_no, patient_name, patient_surname, patient_email, patient_phone) VALUES (393737, 'name393737', 'surname393737', 'patient393737@gmail.com', '7237743159');
INSERT INTO Patient (patient_no, patient_name, patient_surname, patient_email, patient_phone) VALUES (867850, 'name867850', 'surname867850', 'patient867850@gmail.com', '7257492820');
INSERT INTO Patient (patient_no, patient_name, patient_surname, patient_email, patient_phone) VALUES (934923, 'name934923', 'surname934923', 'patient934923@gmail.com', '7262704553');
INSERT INTO Patient (patient_no, patient_name, patient_surname, patient_email, patient_phone) VALUES (763404, 'name763404', 'surname763404', 'patient763404@gmail.com', '7595880435');
INSERT INTO Patient (patient_no, patient_name, patient_surname, patient_email, patient_phone) VALUES (763410, 'name763410', 'surname763410', 'patient763410@gmail.com', '7829351921');
INSERT INTO Patient (patient_no, patient_name, patient_surname, patient_email, patient_phone) VALUES (173079, 'name173079', 'surname173079', 'patient173079@gmail.com', '7975465967');
INSERT INTO Patient (patient_no, patient_name, patient_surname, patient_email, patient_phone) VALUES (270361, 'name270361', 'surname270361', 'patient270361@gmail.com', '7280670943');
INSERT INTO Patient (patient_no, patient_name, patient_surname, patient_email, patient_phone) VALUES (777247, 'name777247', 'surname777247', 'patient777247@gmail.com', '7155766765');
INSERT INTO Patient (patient_no, patient_name, patient_surname, patient_email, patient_phone) VALUES (888352, 'name888352', 'surname888352', 'patient888352@gmail.com', '7767471084');
INSERT INTO Patient (patient_no, patient_name, patient_surname, patient_email, patient_phone) VALUES (443937, 'name443937', 'surname443937', 'patient443937@gmail.com', '7234207721');
INSERT INTO Patient (patient_no, patient_name, patient_surname, patient_email, patient_phone) VALUES (919075, 'name919075', 'surname919075', 'patient919075@gmail.com', '7252412902');
INSERT INTO Patient (patient_no, patient_name, patient_surname, patient_email, patient_phone) VALUES (554532, 'name554532', 'surname554532', 'patient554532@gmail.com', '7283520997');
INSERT INTO Patient (patient_no, patient_name, patient_surname, patient_email, patient_phone) VALUES (469541, 'name469541', 'surname469541', 'patient469541@gmail.com', '7812590563');
INSERT INTO Patient (patient_no, patient_name, patient_surname, patient_email, patient_phone) VALUES (729575, 'name729575', 'surname729575', 'patient729575@gmail.com', '7785397218');
INSERT INTO Patient (patient_no, patient_name, patient_surname, patient_email, patient_phone) VALUES (301767, 'name301767', 'surname301767', 'patient301767@gmail.com', '7740708321');
INSERT INTO Patient (patient_no, patient_name, patient_surname, patient_email, patient_phone) VALUES (255536, 'name255536', 'surname255536', 'patient255536@gmail.com', '7135662048');
INSERT INTO Patient (patient_no, patient_name, patient_surname, patient_email, patient_phone) VALUES (18952, 'name18952', 'surname18952', 'patient18952@gmail.com', '7486586981');
INSERT INTO Patient (patient_no, patient_name, patient_surname, patient_email, patient_phone) VALUES (713778, 'name713778', 'surname713778', 'patient713778@gmail.com', '7654104024');
INSERT INTO Patient (patient_no, patient_name, patient_surname, patient_email, patient_phone) VALUES (107059, 'name107059', 'surname107059', 'patient107059@gmail.com', '7562939863');
INSERT INTO Patient (patient_no, patient_name, patient_surname, patient_email, patient_phone) VALUES (470580, 'name470580', 'surname470580', 'patient470580@gmail.com', '7532282326');
INSERT INTO Patient (patient_no, patient_name, patient_surname, patient_email, patient_phone) VALUES (990773, 'name990773', 'surname990773', 'patient990773@gmail.com', '7955499989');
INSERT INTO Patient (patient_no, patient_name, patient_surname, patient_email, patient_phone) VALUES (186937, 'name186937', 'surname186937', 'patient186937@gmail.com', '7047990227');
INSERT INTO Patient (patient_no, patient_name, patient_surname, patient_email, patient_phone) VALUES (448571, 'name448571', 'surname448571', 'patient448571@gmail.com', '7217748946');
INSERT INTO Patient (patient_no, patient_name, patient_surname, patient_email, patient_phone) VALUES (440892, 'name440892', 'surname440892', 'patient440892@gmail.com', '7422748157');
INSERT INTO Patient (patient_no, patient_name, patient_surname, patient_email, patient_phone) VALUES (614410, 'name614410', 'surname614410', 'patient614410@gmail.com', '7985237968');
INSERT INTO Patient (patient_no, patient_name, patient_surname, patient_email, patient_phone) VALUES (937534, 'name937534', 'surname937534', 'patient937534@gmail.com', '7003334095');
INSERT INTO Patient (patient_no, patient_name, patient_surname, patient_email, patient_phone) VALUES (324674, 'name324674', 'surname324674', 'patient324674@gmail.com', '7888694219');
INSERT INTO Patient (patient_no, patient_name, patient_surname, patient_email, patient_phone) VALUES (230923, 'name230923', 'surname230923', 'patient230923@gmail.com', '7071576119');
INSERT INTO Patient (patient_no, patient_name, patient_surname, patient_email, patient_phone) VALUES (922181, 'name922181', 'surname922181', 'patient922181@gmail.com', '7293690824');
INSERT INTO Patient (patient_no, patient_name, patient_surname, patient_email, patient_phone) VALUES (114758, 'name114758', 'surname114758', 'patient114758@gmail.com', '7032422855');
INSERT INTO Patient (patient_no, patient_name, patient_surname, patient_email, patient_phone) VALUES (185356, 'name185356', 'surname185356', 'patient185356@gmail.com', '7450164405');
INSERT INTO Patient (patient_no, patient_name, patient_surname, patient_email, patient_phone) VALUES (489681, 'name489681', 'surname489681', 'patient489681@gmail.com', '7859061187');
INSERT INTO Patient (patient_no, patient_name, patient_surname, patient_email, patient_phone) VALUES (509003, 'name509003', 'surname509003', 'patient509003@gmail.com', '7075454402');
INSERT INTO Patient (patient_no, patient_name, patient_surname, patient_email, patient_phone) VALUES (550988, 'name550988', 'surname550988', 'patient550988@gmail.com', '7807877569');
INSERT INTO Patient (patient_no, patient_name, patient_surname, patient_email, patient_phone) VALUES (809552, 'name809552', 'surname809552', 'patient809552@gmail.com', '7711782848');
INSERT INTO Patient (patient_no, patient_name, patient_surname, patient_email, patient_phone) VALUES (655444, 'name655444', 'surname655444', 'patient655444@gmail.com', '7542869749');
INSERT INTO Patient (patient_no, patient_name, patient_surname, patient_email, patient_phone) VALUES (586840, 'name586840', 'surname586840', 'patient586840@gmail.com', '7678733332');
INSERT INTO Patient (patient_no, patient_name, patient_surname, patient_email, patient_phone) VALUES (809131, 'name809131', 'surname809131', 'patient809131@gmail.com', '7438353853');
INSERT INTO Patient (patient_no, patient_name, patient_surname, patient_email, patient_phone) VALUES (274523, 'name274523', 'surname274523', 'patient274523@gmail.com', '7028339130');
INSERT INTO Patient (patient_no, patient_name, patient_surname, patient_email, patient_phone) VALUES (60090, 'name60090', 'surname60090', 'patient60090@gmail.com', '7349748152');
INSERT INTO Patient (patient_no, patient_name, patient_surname, patient_email, patient_phone) VALUES (2655, 'name2655', 'surname2655', 'patient2655@gmail.com', '7953330313');
INSERT INTO Patient (patient_no, patient_name, patient_surname, patient_email, patient_phone) VALUES (286304, 'name286304', 'surname286304', 'patient286304@gmail.com', '7745397171');
INSERT INTO Patient (patient_no, patient_name, patient_surname, patient_email, patient_phone) VALUES (427617, 'name427617', 'surname427617', 'patient427617@gmail.com', '7230331826');
INSERT INTO Patient (patient_no, patient_name, patient_surname, patient_email, patient_phone) VALUES (896187, 'name896187', 'surname896187', 'patient896187@gmail.com', '7199579056');
INSERT INTO Patient (patient_no, patient_name, patient_surname, patient_email, patient_phone) VALUES (246033, 'name246033', 'surname246033', 'patient246033@gmail.com', '7094818205');
INSERT INTO Patient (patient_no, patient_name, patient_surname, patient_email, patient_phone) VALUES (459880, 'name459880', 'surname459880', 'patient459880@gmail.com', '7397441487');
INSERT INTO Patient (patient_no, patient_name, patient_surname, patient_email, patient_phone) VALUES (711275, 'name711275', 'surname711275', 'patient711275@gmail.com', '7156839852');
INSERT INTO Patient (patient_no, patient_name, patient_surname, patient_email, patient_phone) VALUES (12057, 'name12057', 'surname12057', 'patient12057@gmail.com', '7263427499');
INSERT INTO Patient (patient_no, patient_name, patient_surname, patient_email, patient_phone) VALUES (465938, 'name465938', 'surname465938', 'patient465938@gmail.com', '7089421724');
INSERT INTO Patient (patient_no, patient_name, patient_surname, patient_email, patient_phone) VALUES (673068, 'name673068', 'surname673068', 'patient673068@gmail.com', '7519209896');
INSERT INTO Patient (patient_no, patient_name, patient_surname, patient_email, patient_phone) VALUES (847473, 'name847473', 'surname847473', 'patient847473@gmail.com', '7203068326');
INSERT INTO Patient (patient_no, patient_name, patient_surname, patient_email, patient_phone) VALUES (155762, 'name155762', 'surname155762', 'patient155762@gmail.com', '7353704357');
INSERT INTO Patient (patient_no, patient_name, patient_surname, patient_email, patient_phone) VALUES (352115, 'name352115', 'surname352115', 'patient352115@gmail.com', '7983365540');
INSERT INTO Patient (patient_no, patient_name, patient_surname, patient_email, patient_phone) VALUES (265340, 'name265340', 'surname265340', 'patient265340@gmail.com', '7528753571');
INSERT INTO Patient (patient_no, patient_name, patient_surname, patient_email, patient_phone) VALUES (286333, 'name286333', 'surname286333', 'patient286333@gmail.com', '7649762210');
INSERT INTO Patient (patient_no, patient_name, patient_surname, patient_email, patient_phone) VALUES (93826, 'name93826', 'surname93826', 'patient93826@gmail.com', '7805458337');
INSERT INTO Patient (patient_no, patient_name, patient_surname, patient_email, patient_phone) VALUES (795499, 'name795499', 'surname795499', 'patient795499@gmail.com', '7776239008');
INSERT INTO Patient (patient_no, patient_name, patient_surname, patient_email, patient_phone) VALUES (142468, 'name142468', 'surname142468', 'patient142468@gmail.com', '7924380574');
INSERT INTO Patient (patient_no, patient_name, patient_surname, patient_email, patient_phone) VALUES (692870, 'name692870', 'surname692870', 'patient692870@gmail.com', '7005773213');
INSERT INTO Patient (patient_no, patient_name, patient_surname, patient_email, patient_phone) VALUES (479340, 'name479340', 'surname479340', 'patient479340@gmail.com', '7495799708');
INSERT INTO Patient (patient_no, patient_name, patient_surname, patient_email, patient_phone) VALUES (925845, 'name925845', 'surname925845', 'patient925845@gmail.com', '7234272083');
INSERT INTO Patient (patient_no, patient_name, patient_surname, patient_email, patient_phone) VALUES (94359, 'name94359', 'surname94359', 'patient94359@gmail.com', '7400133017');
INSERT INTO Patient (patient_no, patient_name, patient_surname, patient_email, patient_phone) VALUES (702618, 'name702618', 'surname702618', 'patient702618@gmail.com', '7866447768');
INSERT INTO Patient (patient_no, patient_name, patient_surname, patient_email, patient_phone) VALUES (42659, 'name42659', 'surname42659', 'patient42659@gmail.com', '7838244758');
INSERT INTO Patient (patient_no, patient_name, patient_surname, patient_email, patient_phone) VALUES (282278, 'name282278', 'surname282278', 'patient282278@gmail.com', '7641358226');
INSERT INTO Patient (patient_no, patient_name, patient_surname, patient_email, patient_phone) VALUES (278641, 'name278641', 'surname278641', 'patient278641@gmail.com', '7022425489');
INSERT INTO Patient (patient_no, patient_name, patient_surname, patient_email, patient_phone) VALUES (881833, 'name881833', 'surname881833', 'patient881833@gmail.com', '7039565200');
INSERT INTO Patient (patient_no, patient_name, patient_surname, patient_email, patient_phone) VALUES (582315, 'name582315', 'surname582315', 'patient582315@gmail.com', '7971696527');
INSERT INTO Patient (patient_no, patient_name, patient_surname, patient_email, patient_phone) VALUES (285981, 'name285981', 'surname285981', 'patient285981@gmail.com', '7093495181');
INSERT INTO Patient (patient_no, patient_name, patient_surname, patient_email, patient_phone) VALUES (581809, 'name581809', 'surname581809', 'patient581809@gmail.com', '7381036230');
INSERT INTO Patient (patient_no, patient_name, patient_surname, patient_email, patient_phone) VALUES (62131, 'name62131', 'surname62131', 'patient62131@gmail.com', '7821220745');
INSERT INTO Patient (patient_no, patient_name, patient_surname, patient_email, patient_phone) VALUES (861364, 'name861364', 'surname861364', 'patient861364@gmail.com', '7055657723');
INSERT INTO Patient (patient_no, patient_name, patient_surname, patient_email, patient_phone) VALUES (933558, 'name933558', 'surname933558', 'patient933558@gmail.com', '7470719553');
INSERT INTO Patient (patient_no, patient_name, patient_surname, patient_email, patient_phone) VALUES (355000, 'name355000', 'surname355000', 'patient355000@gmail.com', '7740308869');
INSERT INTO Patient (patient_no, patient_name, patient_surname, patient_email, patient_phone) VALUES (1721, 'name1721', 'surname1721', 'patient1721@gmail.com', '7534206699');
INSERT INTO Patient (patient_no, patient_name, patient_surname, patient_email, patient_phone) VALUES (924346, 'name924346', 'surname924346', 'patient924346@gmail.com', '7972899202');
INSERT INTO Patient (patient_no, patient_name, patient_surname, patient_email, patient_phone) VALUES (31263, 'name31263', 'surname31263', 'patient31263@gmail.com', '7633848705');
INSERT INTO Patient (patient_no, patient_name, patient_surname, patient_email, patient_phone) VALUES (714540, 'name714540', 'surname714540', 'patient714540@gmail.com', '7183119137');
INSERT INTO Patient (patient_no, patient_name, patient_surname, patient_email, patient_phone) VALUES (350400, 'name350400', 'surname350400', 'patient350400@gmail.com', '7449979259');
INSERT INTO Patient (patient_no, patient_name, patient_surname, patient_email, patient_phone) VALUES (988705, 'name988705', 'surname988705', 'patient988705@gmail.com', '7415791482');
INSERT INTO Patient (patient_no, patient_name, patient_surname, patient_email, patient_phone) VALUES (664776, 'name664776', 'surname664776', 'patient664776@gmail.com', '7700286841');
INSERT INTO Patient (patient_no, patient_name, patient_surname, patient_email, patient_phone) VALUES (242551, 'name242551', 'surname242551', 'patient242551@gmail.com', '7072921463');
INSERT INTO Patient (patient_no, patient_name, patient_surname, patient_email, patient_phone) VALUES (351950, 'name351950', 'surname351950', 'patient351950@gmail.com', '7456734070');
INSERT INTO Patient (patient_no, patient_name, patient_surname, patient_email, patient_phone) VALUES (588749, 'name588749', 'surname588749', 'patient588749@gmail.com', '7574124404');
INSERT INTO Patient (patient_no, patient_name, patient_surname, patient_email, patient_phone) VALUES (953553, 'name953553', 'surname953553', 'patient953553@gmail.com', '7628095347');
INSERT INTO Patient (patient_no, patient_name, patient_surname, patient_email, patient_phone) VALUES (867027, 'name867027', 'surname867027', 'patient867027@gmail.com', '7751456114');
INSERT INTO Patient (patient_no, patient_name, patient_surname, patient_email, patient_phone) VALUES (610004, 'name610004', 'surname610004', 'patient610004@gmail.com', '7921115505');
INSERT INTO Patient (patient_no, patient_name, patient_surname, patient_email, patient_phone) VALUES (206060, 'name206060', 'surname206060', 'patient206060@gmail.com', '7426550128');
INSERT INTO Patient (patient_no, patient_name, patient_surname, patient_email, patient_phone) VALUES (864148, 'name864148', 'surname864148', 'patient864148@gmail.com', '7890992701');
INSERT INTO Patient (patient_no, patient_name, patient_surname, patient_email, patient_phone) VALUES (924891, 'name924891', 'surname924891', 'patient924891@gmail.com', '7048542574');
INSERT INTO Patient (patient_no, patient_name, patient_surname, patient_email, patient_phone) VALUES (386786, 'name386786', 'surname386786', 'patient386786@gmail.com', '7035976556');
INSERT INTO Patient (patient_no, patient_name, patient_surname, patient_email, patient_phone) VALUES (306917, 'name306917', 'surname306917', 'patient306917@gmail.com', '7542000359');
INSERT INTO Patient (patient_no, patient_name, patient_surname, patient_email, patient_phone) VALUES (998631, 'name998631', 'surname998631', 'patient998631@gmail.com', '7189959017');
INSERT INTO Patient (patient_no, patient_name, patient_surname, patient_email, patient_phone) VALUES (243324, 'name243324', 'surname243324', 'patient243324@gmail.com', '7600321384');
INSERT INTO Patient (patient_no, patient_name, patient_surname, patient_email, patient_phone) VALUES (301291, 'name301291', 'surname301291', 'patient301291@gmail.com', '7389941649');
INSERT INTO Patient (patient_no, patient_name, patient_surname, patient_email, patient_phone) VALUES (875244, 'name875244', 'surname875244', 'patient875244@gmail.com', '7858242534');
INSERT INTO Patient (patient_no, patient_name, patient_surname, patient_email, patient_phone) VALUES (55021, 'name55021', 'surname55021', 'patient55021@gmail.com', '7909344612');
INSERT INTO Patient (patient_no, patient_name, patient_surname, patient_email, patient_phone) VALUES (781042, 'name781042', 'surname781042', 'patient781042@gmail.com', '7277761891');
INSERT INTO Patient (patient_no, patient_name, patient_surname, patient_email, patient_phone) VALUES (398067, 'name398067', 'surname398067', 'patient398067@gmail.com', '7684382050');
INSERT INTO Patient (patient_no, patient_name, patient_surname, patient_email, patient_phone) VALUES (631031, 'name631031', 'surname631031', 'patient631031@gmail.com', '7702324065');
INSERT INTO Patient (patient_no, patient_name, patient_surname, patient_email, patient_phone) VALUES (28410, 'name28410', 'surname28410', 'patient28410@gmail.com', '7234073952');
INSERT INTO Patient (patient_no, patient_name, patient_surname, patient_email, patient_phone) VALUES (838907, 'name838907', 'surname838907', 'patient838907@gmail.com', '7951992667');
INSERT INTO Patient (patient_no, patient_name, patient_surname, patient_email, patient_phone) VALUES (956672, 'name956672', 'surname956672', 'patient956672@gmail.com', '7220649305');
INSERT INTO Patient (patient_no, patient_name, patient_surname, patient_email, patient_phone) VALUES (811990, 'name811990', 'surname811990', 'patient811990@gmail.com', '7560534359');
INSERT INTO Patient (patient_no, patient_name, patient_surname, patient_email, patient_phone) VALUES (578822, 'name578822', 'surname578822', 'patient578822@gmail.com', '7265109334');
INSERT INTO Patient (patient_no, patient_name, patient_surname, patient_email, patient_phone) VALUES (121607, 'name121607', 'surname121607', 'patient121607@gmail.com', '7870624596');
INSERT INTO Patient (patient_no, patient_name, patient_surname, patient_email, patient_phone) VALUES (457481, 'name457481', 'surname457481', 'patient457481@gmail.com', '7231666659');
INSERT INTO Patient (patient_no, patient_name, patient_surname, patient_email, patient_phone) VALUES (182026, 'name182026', 'surname182026', 'patient182026@gmail.com', '7731829900');
INSERT INTO Patient (patient_no, patient_name, patient_surname, patient_email, patient_phone) VALUES (265540, 'name265540', 'surname265540', 'patient265540@gmail.com', '7988601169');
INSERT INTO Patient (patient_no, patient_name, patient_surname, patient_email, patient_phone) VALUES (157454, 'name157454', 'surname157454', 'patient157454@gmail.com', '7703662928');
INSERT INTO Patient (patient_no, patient_name, patient_surname, patient_email, patient_phone) VALUES (509201, 'name509201', 'surname509201', 'patient509201@gmail.com', '7288403791');
INSERT INTO Patient (patient_no, patient_name, patient_surname, patient_email, patient_phone) VALUES (67353, 'name67353', 'surname67353', 'patient67353@gmail.com', '7459214670');
INSERT INTO Patient (patient_no, patient_name, patient_surname, patient_email, patient_phone) VALUES (887578, 'name887578', 'surname887578', 'patient887578@gmail.com', '7253730123');
INSERT INTO Patient (patient_no, patient_name, patient_surname, patient_email, patient_phone) VALUES (678683, 'name678683', 'surname678683', 'patient678683@gmail.com', '7922452620');
INSERT INTO Patient (patient_no, patient_name, patient_surname, patient_email, patient_phone) VALUES (544029, 'name544029', 'surname544029', 'patient544029@gmail.com', '7457714191');
INSERT INTO Patient (patient_no, patient_name, patient_surname, patient_email, patient_phone) VALUES (318243, 'name318243', 'surname318243', 'patient318243@gmail.com', '7570900193');
INSERT INTO Patient (patient_no, patient_name, patient_surname, patient_email, patient_phone) VALUES (229668, 'name229668', 'surname229668', 'patient229668@gmail.com', '7320362306');
INSERT INTO Patient (patient_no, patient_name, patient_surname, patient_email, patient_phone) VALUES (446763, 'name446763', 'surname446763', 'patient446763@gmail.com', '7058958217');
INSERT INTO Patient (patient_no, patient_name, patient_surname, patient_email, patient_phone) VALUES (732823, 'name732823', 'surname732823', 'patient732823@gmail.com', '7973009728');
INSERT INTO Patient (patient_no, patient_name, patient_surname, patient_email, patient_phone) VALUES (833328, 'name833328', 'surname833328', 'patient833328@gmail.com', '7910068027');
INSERT INTO Patient (patient_no, patient_name, patient_surname, patient_email, patient_phone) VALUES (178485, 'name178485', 'surname178485', 'patient178485@gmail.com', '7111810119');
INSERT INTO Patient (patient_no, patient_name, patient_surname, patient_email, patient_phone) VALUES (545590, 'name545590', 'surname545590', 'patient545590@gmail.com', '7224054153');
INSERT INTO Patient (patient_no, patient_name, patient_surname, patient_email, patient_phone) VALUES (668983, 'name668983', 'surname668983', 'patient668983@gmail.com', '7985883955');
INSERT INTO Patient (patient_no, patient_name, patient_surname, patient_email, patient_phone) VALUES (149817, 'name149817', 'surname149817', 'patient149817@gmail.com', '7230172976');
INSERT INTO Patient (patient_no, patient_name, patient_surname, patient_email, patient_phone) VALUES (534842, 'name534842', 'surname534842', 'patient534842@gmail.com', '7316458205');
INSERT INTO Patient (patient_no, patient_name, patient_surname, patient_email, patient_phone) VALUES (467765, 'name467765', 'surname467765', 'patient467765@gmail.com', '7169496878');
INSERT INTO Patient (patient_no, patient_name, patient_surname, patient_email, patient_phone) VALUES (506176, 'name506176', 'surname506176', 'patient506176@gmail.com', '7874869036');
INSERT INTO Patient (patient_no, patient_name, patient_surname, patient_email, patient_phone) VALUES (21314, 'name21314', 'surname21314', 'patient21314@gmail.com', '7135441287');
INSERT INTO Patient (patient_no, patient_name, patient_surname, patient_email, patient_phone) VALUES (378180, 'name378180', 'surname378180', 'patient378180@gmail.com', '7642399017');
INSERT INTO Patient (patient_no, patient_name, patient_surname, patient_email, patient_phone) VALUES (951094, 'name951094', 'surname951094', 'patient951094@gmail.com', '7741562075');
INSERT INTO Patient (patient_no, patient_name, patient_surname, patient_email, patient_phone) VALUES (769869, 'name769869', 'surname769869', 'patient769869@gmail.com', '7887438114');
INSERT INTO Patient (patient_no, patient_name, patient_surname, patient_email, patient_phone) VALUES (911245, 'name911245', 'surname911245', 'patient911245@gmail.com', '7476169008');
INSERT INTO Patient (patient_no, patient_name, patient_surname, patient_email, patient_phone) VALUES (558416, 'name558416', 'surname558416', 'patient558416@gmail.com', '7031669536');
INSERT INTO Patient (patient_no, patient_name, patient_surname, patient_email, patient_phone) VALUES (985428, 'name985428', 'surname985428', 'patient985428@gmail.com', '7399805829');
INSERT INTO Patient (patient_no, patient_name, patient_surname, patient_email, patient_phone) VALUES (444759, 'name444759', 'surname444759', 'patient444759@gmail.com', '7305633054');
INSERT INTO Patient (patient_no, patient_name, patient_surname, patient_email, patient_phone) VALUES (47960, 'name47960', 'surname47960', 'patient47960@gmail.com', '7562341146');
INSERT INTO Patient (patient_no, patient_name, patient_surname, patient_email, patient_phone) VALUES (768858, 'name768858', 'surname768858', 'patient768858@gmail.com', '7523801879');
INSERT INTO Patient (patient_no, patient_name, patient_surname, patient_email, patient_phone) VALUES (539489, 'name539489', 'surname539489', 'patient539489@gmail.com', '7528780827');
INSERT INTO Patient (patient_no, patient_name, patient_surname, patient_email, patient_phone) VALUES (83810, 'name83810', 'surname83810', 'patient83810@gmail.com', '7344449301');
INSERT INTO Patient (patient_no, patient_name, patient_surname, patient_email, patient_phone) VALUES (495974, 'name495974', 'surname495974', 'patient495974@gmail.com', '7474373908');
INSERT INTO Patient (patient_no, patient_name, patient_surname, patient_email, patient_phone) VALUES (626538, 'name626538', 'surname626538', 'patient626538@gmail.com', '7406753249');
INSERT INTO Patient (patient_no, patient_name, patient_surname, patient_email, patient_phone) VALUES (602987, 'name602987', 'surname602987', 'patient602987@gmail.com', '7802580241');
INSERT INTO Patient (patient_no, patient_name, patient_surname, patient_email, patient_phone) VALUES (945519, 'name945519', 'surname945519', 'patient945519@gmail.com', '7409227024');
INSERT INTO Patient (patient_no, patient_name, patient_surname, patient_email, patient_phone) VALUES (747726, 'name747726', 'surname747726', 'patient747726@gmail.com', '7597644047');
INSERT INTO Patient (patient_no, patient_name, patient_surname, patient_email, patient_phone) VALUES (345970, 'name345970', 'surname345970', 'patient345970@gmail.com', '7276753676');
INSERT INTO Patient (patient_no, patient_name, patient_surname, patient_email, patient_phone) VALUES (788339, 'name788339', 'surname788339', 'patient788339@gmail.com', '7827185930');
INSERT INTO Patient (patient_no, patient_name, patient_surname, patient_email, patient_phone) VALUES (109381, 'name109381', 'surname109381', 'patient109381@gmail.com', '7742992135');
INSERT INTO Patient (patient_no, patient_name, patient_surname, patient_email, patient_phone) VALUES (337271, 'name337271', 'surname337271', 'patient337271@gmail.com', '7534915243');
INSERT INTO Patient (patient_no, patient_name, patient_surname, patient_email, patient_phone) VALUES (637471, 'name637471', 'surname637471', 'patient637471@gmail.com', '7275832579');
INSERT INTO Patient (patient_no, patient_name, patient_surname, patient_email, patient_phone) VALUES (646521, 'name646521', 'surname646521', 'patient646521@gmail.com', '7102714508');
INSERT INTO Patient (patient_no, patient_name, patient_surname, patient_email, patient_phone) VALUES (315263, 'name315263', 'surname315263', 'patient315263@gmail.com', '7724315905');
INSERT INTO Patient (patient_no, patient_name, patient_surname, patient_email, patient_phone) VALUES (414444, 'name414444', 'surname414444', 'patient414444@gmail.com', '7779090074');
INSERT INTO Patient (patient_no, patient_name, patient_surname, patient_email, patient_phone) VALUES (304023, 'name304023', 'surname304023', 'patient304023@gmail.com', '7622586210');
INSERT INTO Patient (patient_no, patient_name, patient_surname, patient_email, patient_phone) VALUES (77708, 'name77708', 'surname77708', 'patient77708@gmail.com', '7335270651');
INSERT INTO Patient (patient_no, patient_name, patient_surname, patient_email, patient_phone) VALUES (504898, 'name504898', 'surname504898', 'patient504898@gmail.com', '7040597242');
INSERT INTO Patient (patient_no, patient_name, patient_surname, patient_email, patient_phone) VALUES (34196, 'name34196', 'surname34196', 'patient34196@gmail.com', '7778114809');
INSERT INTO Patient (patient_no, patient_name, patient_surname, patient_email, patient_phone) VALUES (887193, 'name887193', 'surname887193', 'patient887193@gmail.com', '7553438456');
INSERT INTO Patient (patient_no, patient_name, patient_surname, patient_email, patient_phone) VALUES (43929, 'name43929', 'surname43929', 'patient43929@gmail.com', '7914279157');
INSERT INTO Patient (patient_no, patient_name, patient_surname, patient_email, patient_phone) VALUES (647889, 'name647889', 'surname647889', 'patient647889@gmail.com', '7120043251');
INSERT INTO Patient (patient_no, patient_name, patient_surname, patient_email, patient_phone) VALUES (906487, 'name906487', 'surname906487', 'patient906487@gmail.com', '7180687090');
INSERT INTO Patient (patient_no, patient_name, patient_surname, patient_email, patient_phone) VALUES (963490, 'name963490', 'surname963490', 'patient963490@gmail.com', '7559886065');
INSERT INTO Patient (patient_no, patient_name, patient_surname, patient_email, patient_phone) VALUES (330154, 'name330154', 'surname330154', 'patient330154@gmail.com', '7637014994');
INSERT INTO Patient (patient_no, patient_name, patient_surname, patient_email, patient_phone) VALUES (683435, 'name683435', 'surname683435', 'patient683435@gmail.com', '7245017324');
INSERT INTO Patient (patient_no, patient_name, patient_surname, patient_email, patient_phone) VALUES (315820, 'name315820', 'surname315820', 'patient315820@gmail.com', '7616683243');
INSERT INTO Patient (patient_no, patient_name, patient_surname, patient_email, patient_phone) VALUES (386922, 'name386922', 'surname386922', 'patient386922@gmail.com', '7311246569');
INSERT INTO Patient (patient_no, patient_name, patient_surname, patient_email, patient_phone) VALUES (532912, 'name532912', 'surname532912', 'patient532912@gmail.com', '7380314160');
INSERT INTO Patient (patient_no, patient_name, patient_surname, patient_email, patient_phone) VALUES (449970, 'name449970', 'surname449970', 'patient449970@gmail.com', '7227490840');
INSERT INTO Patient (patient_no, patient_name, patient_surname, patient_email, patient_phone) VALUES (66484, 'name66484', 'surname66484', 'patient66484@gmail.com', '7357997089');
INSERT INTO Patient (patient_no, patient_name, patient_surname, patient_email, patient_phone) VALUES (452533, 'name452533', 'surname452533', 'patient452533@gmail.com', '7867279588');
INSERT INTO Patient (patient_no, patient_name, patient_surname, patient_email, patient_phone) VALUES (175030, 'name175030', 'surname175030', 'patient175030@gmail.com', '7948233441');
INSERT INTO Patient (patient_no, patient_name, patient_surname, patient_email, patient_phone) VALUES (378809, 'name378809', 'surname378809', 'patient378809@gmail.com', '7927064287');
INSERT INTO Patient (patient_no, patient_name, patient_surname, patient_email, patient_phone) VALUES (391099, 'name391099', 'surname391099', 'patient391099@gmail.com', '7263978718');
INSERT INTO Patient (patient_no, patient_name, patient_surname, patient_email, patient_phone) VALUES (702909, 'name702909', 'surname702909', 'patient702909@gmail.com', '7806656289');
INSERT INTO Patient (patient_no, patient_name, patient_surname, patient_email, patient_phone) VALUES (477121, 'name477121', 'surname477121', 'patient477121@gmail.com', '7687767260');
INSERT INTO Patient (patient_no, patient_name, patient_surname, patient_email, patient_phone) VALUES (299973, 'name299973', 'surname299973', 'patient299973@gmail.com', '7893564015');
INSERT INTO Patient (patient_no, patient_name, patient_surname, patient_email, patient_phone) VALUES (581062, 'name581062', 'surname581062', 'patient581062@gmail.com', '7691190308');
INSERT INTO Patient (patient_no, patient_name, patient_surname, patient_email, patient_phone) VALUES (276937, 'name276937', 'surname276937', 'patient276937@gmail.com', '7415957203');
INSERT INTO Patient (patient_no, patient_name, patient_surname, patient_email, patient_phone) VALUES (241399, 'name241399', 'surname241399', 'patient241399@gmail.com', '7047085266');
INSERT INTO Patient (patient_no, patient_name, patient_surname, patient_email, patient_phone) VALUES (983501, 'name983501', 'surname983501', 'patient983501@gmail.com', '7215353549');
INSERT INTO Patient (patient_no, patient_name, patient_surname, patient_email, patient_phone) VALUES (83407, 'name83407', 'surname83407', 'patient83407@gmail.com', '7222715938');
INSERT INTO Patient (patient_no, patient_name, patient_surname, patient_email, patient_phone) VALUES (538104, 'name538104', 'surname538104', 'patient538104@gmail.com', '7975152332');
INSERT INTO Patient (patient_no, patient_name, patient_surname, patient_email, patient_phone) VALUES (390819, 'name390819', 'surname390819', 'patient390819@gmail.com', '7850168011');
INSERT INTO Patient (patient_no, patient_name, patient_surname, patient_email, patient_phone) VALUES (565717, 'name565717', 'surname565717', 'patient565717@gmail.com', '7292632778');
INSERT INTO Patient (patient_no, patient_name, patient_surname, patient_email, patient_phone) VALUES (654806, 'name654806', 'surname654806', 'patient654806@gmail.com', '7615583943');
INSERT INTO Patient (patient_no, patient_name, patient_surname, patient_email, patient_phone) VALUES (600536, 'name600536', 'surname600536', 'patient600536@gmail.com', '7013575878');
INSERT INTO Patient (patient_no, patient_name, patient_surname, patient_email, patient_phone) VALUES (152399, 'name152399', 'surname152399', 'patient152399@gmail.com', '7126608589');
INSERT INTO Patient (patient_no, patient_name, patient_surname, patient_email, patient_phone) VALUES (543196, 'name543196', 'surname543196', 'patient543196@gmail.com', '7967505604');
INSERT INTO Patient (patient_no, patient_name, patient_surname, patient_email, patient_phone) VALUES (988639, 'name988639', 'surname988639', 'patient988639@gmail.com', '7932909602');
INSERT INTO Patient (patient_no, patient_name, patient_surname, patient_email, patient_phone) VALUES (879569, 'name879569', 'surname879569', 'patient879569@gmail.com', '7534645536');
INSERT INTO Patient (patient_no, patient_name, patient_surname, patient_email, patient_phone) VALUES (925209, 'name925209', 'surname925209', 'patient925209@gmail.com', '7413467840');
INSERT INTO Patient (patient_no, patient_name, patient_surname, patient_email, patient_phone) VALUES (883366, 'name883366', 'surname883366', 'patient883366@gmail.com', '7342856383');
INSERT INTO Patient (patient_no, patient_name, patient_surname, patient_email, patient_phone) VALUES (355815, 'name355815', 'surname355815', 'patient355815@gmail.com', '7241569470');
INSERT INTO Patient (patient_no, patient_name, patient_surname, patient_email, patient_phone) VALUES (415498, 'name415498', 'surname415498', 'patient415498@gmail.com', '7649026762');
INSERT INTO Patient (patient_no, patient_name, patient_surname, patient_email, patient_phone) VALUES (6645, 'name6645', 'surname6645', 'patient6645@gmail.com', '7293506236');
INSERT INTO Patient (patient_no, patient_name, patient_surname, patient_email, patient_phone) VALUES (394744, 'name394744', 'surname394744', 'patient394744@gmail.com', '7265391289');
INSERT INTO Patient (patient_no, patient_name, patient_surname, patient_email, patient_phone) VALUES (887292, 'name887292', 'surname887292', 'patient887292@gmail.com', '7273162035');
INSERT INTO Patient (patient_no, patient_name, patient_surname, patient_email, patient_phone) VALUES (543741, 'name543741', 'surname543741', 'patient543741@gmail.com', '7876919990');

INSERT INTO Carer (patient_no, carer_name, carer_email, carer_phone, relationship) VALUES (692870, 'carer0', 'carer0@gmail.com', '7010041525', 'father');
INSERT INTO Carer (patient_no, carer_name, carer_email, carer_phone, relationship) VALUES (922181, 'carer1', 'carer1@gmail.com', '7262306995', 'grandparent');
INSERT INTO Carer (patient_no, carer_name, carer_email, carer_phone, relationship) VALUES (444759, 'carer2', 'carer2@gmail.com', '7225602735', 'father');
INSERT INTO Carer (patient_no, carer_name, carer_email, carer_phone, relationship) VALUES (443937, 'carer3', 'carer3@gmail.com', '7945722311', 'grandparent');
INSERT INTO Carer (patient_no, carer_name, carer_email, carer_phone, relationship) VALUES (241399, 'carer4', 'carer4@gmail.com', '7937864361', 'mother');
INSERT INTO Carer (patient_no, carer_name, carer_email, carer_phone, relationship) VALUES (543196, 'carer5', 'carer5@gmail.com', '7308283048', 'grandparent');
INSERT INTO Carer (patient_no, carer_name, carer_email, carer_phone, relationship) VALUES (509003, 'carer6', 'carer6@gmail.com', '7677211815', 'father');
INSERT INTO Carer (patient_no, carer_name, carer_email, carer_phone, relationship) VALUES (446763, 'carer7', 'carer7@gmail.com', '7218254501', 'father');
INSERT INTO Carer (patient_no, carer_name, carer_email, carer_phone, relationship) VALUES (586840, 'carer8', 'carer8@gmail.com', '7894474403', 'grandparent');
INSERT INTO Carer (patient_no, carer_name, carer_email, carer_phone, relationship) VALUES (12057, 'carer9', 'carer9@gmail.com', '7235974816', 'father');
INSERT INTO Carer (patient_no, carer_name, carer_email, carer_phone, relationship) VALUES (43929, 'carer10', 'carer10@gmail.com', '7292070341', 'uncle');
INSERT INTO Carer (patient_no, carer_name, carer_email, carer_phone, relationship) VALUES (315820, 'carer11', 'carer11@gmail.com', '7497159339', 'mother');
INSERT INTO Carer (patient_no, carer_name, carer_email, carer_phone, relationship) VALUES (479340, 'carer12', 'carer12@gmail.com', '7031022749', 'grandparent');
INSERT INTO Carer (patient_no, carer_name, carer_email, carer_phone, relationship) VALUES (282278, 'carer13', 'carer13@gmail.com', '7972558492', 'grandparent');
INSERT INTO Carer (patient_no, carer_name, carer_email, carer_phone, relationship) VALUES (990773, 'carer14', 'carer14@gmail.com', '7227760283', 'grandparent');
INSERT INTO Carer (patient_no, carer_name, carer_email, carer_phone, relationship) VALUES (875244, 'carer15', 'carer15@gmail.com', '7071571610', 'father');
INSERT INTO Carer (patient_no, carer_name, carer_email, carer_phone, relationship) VALUES (286333, 'carer16', 'carer16@gmail.com', '7354235758', 'grandparent');
INSERT INTO Carer (patient_no, carer_name, carer_email, carer_phone, relationship) VALUES (2655, 'carer17', 'carer17@gmail.com', '7473788564', 'grandparent');
INSERT INTO Carer (patient_no, carer_name, carer_email, carer_phone, relationship) VALUES (286333, 'carer18', 'carer18@gmail.com', '7271159320', 'grandparent');
INSERT INTO Carer (patient_no, carer_name, carer_email, carer_phone, relationship) VALUES (581062, 'carer19', 'carer19@gmail.com', '7718022284', 'grandparent');
INSERT INTO Carer (patient_no, carer_name, carer_email, carer_phone, relationship) VALUES (509201, 'carer20', 'carer20@gmail.com', '7706858635', 'uncle');
INSERT INTO Carer (patient_no, carer_name, carer_email, carer_phone, relationship) VALUES (692870, 'carer21', 'carer21@gmail.com', '7730372460', 'mother');
INSERT INTO Carer (patient_no, carer_name, carer_email, carer_phone, relationship) VALUES (600536, 'carer22', 'carer22@gmail.com', '7137522311', 'grandparent');
INSERT INTO Carer (patient_no, carer_name, carer_email, carer_phone, relationship) VALUES (925209, 'carer23', 'carer23@gmail.com', '7151841503', 'uncle');
INSERT INTO Carer (patient_no, carer_name, carer_email, carer_phone, relationship) VALUES (550988, 'carer24', 'carer24@gmail.com', '7132291201', 'mother');
INSERT INTO Carer (patient_no, carer_name, carer_email, carer_phone, relationship) VALUES (173079, 'carer25', 'carer25@gmail.com', '7006097535', 'uncle');
INSERT INTO Carer (patient_no, carer_name, carer_email, carer_phone, relationship) VALUES (544029, 'carer26', 'carer26@gmail.com', '7929205372', 'grandparent');
INSERT INTO Carer (patient_no, carer_name, carer_email, carer_phone, relationship) VALUES (427617, 'carer27', 'carer27@gmail.com', '7681932923', 'mother');
INSERT INTO Carer (patient_no, carer_name, carer_email, carer_phone, relationship) VALUES (881833, 'carer28', 'carer28@gmail.com', '7756179065', 'uncle');
INSERT INTO Carer (patient_no, carer_name, carer_email, carer_phone, relationship) VALUES (178485, 'carer29', 'carer29@gmail.com', '7639037048', 'father');
INSERT INTO Carer (patient_no, carer_name, carer_email, carer_phone, relationship) VALUES (55021, 'carer30', 'carer30@gmail.com', '7430095920', 'father');
INSERT INTO Carer (patient_no, carer_name, carer_email, carer_phone, relationship) VALUES (578822, 'carer31', 'carer31@gmail.com', '7934975604', 'uncle');
INSERT INTO Carer (patient_no, carer_name, carer_email, carer_phone, relationship) VALUES (809552, 'carer32', 'carer32@gmail.com', '7023477251', 'uncle');
INSERT INTO Carer (patient_no, carer_name, carer_email, carer_phone, relationship) VALUES (543196, 'carer33', 'carer33@gmail.com', '7028445807', 'mother');
INSERT INTO Carer (patient_no, carer_name, carer_email, carer_phone, relationship) VALUES (906487, 'carer34', 'carer34@gmail.com', '7104864877', 'grandparent');
INSERT INTO Carer (patient_no, carer_name, carer_email, carer_phone, relationship) VALUES (833328, 'carer35', 'carer35@gmail.com', '7817220716', 'uncle');
INSERT INTO Carer (patient_no, carer_name, carer_email, carer_phone, relationship) VALUES (543196, 'carer36', 'carer36@gmail.com', '7279633513', 'father');
INSERT INTO Carer (patient_no, carer_name, carer_email, carer_phone, relationship) VALUES (654806, 'carer37', 'carer37@gmail.com', '7640061031', 'grandparent');
INSERT INTO Carer (patient_no, carer_name, carer_email, carer_phone, relationship) VALUES (631031, 'carer38', 'carer38@gmail.com', '7033703013', 'grandparent');
INSERT INTO Carer (patient_no, carer_name, carer_email, carer_phone, relationship) VALUES (588749, 'carer39', 'carer39@gmail.com', '7380225360', 'grandparent');
INSERT INTO Carer (patient_no, carer_name, carer_email, carer_phone, relationship) VALUES (924346, 'carer40', 'carer40@gmail.com', '7333976675', 'grandparent');
INSERT INTO Carer (patient_no, carer_name, carer_email, carer_phone, relationship) VALUES (534842, 'carer41', 'carer41@gmail.com', '7071549537', 'father');
INSERT INTO Carer (patient_no, carer_name, carer_email, carer_phone, relationship) VALUES (83810, 'carer42', 'carer42@gmail.com', '7737924192', 'father');
INSERT INTO Carer (patient_no, carer_name, carer_email, carer_phone, relationship) VALUES (777247, 'carer43', 'carer43@gmail.com', '7881550943', 'father');
INSERT INTO Carer (patient_no, carer_name, carer_email, carer_phone, relationship) VALUES (911245, 'carer44', 'carer44@gmail.com', '7417294430', 'uncle');
INSERT INTO Carer (patient_no, carer_name, carer_email, carer_phone, relationship) VALUES (393737, 'carer45', 'carer45@gmail.com', '7729468509', 'father');
INSERT INTO Carer (patient_no, carer_name, carer_email, carer_phone, relationship) VALUES (448571, 'carer46', 'carer46@gmail.com', '7024000604', 'father');
INSERT INTO Carer (patient_no, carer_name, carer_email, carer_phone, relationship) VALUES (647889, 'carer47', 'carer47@gmail.com', '7683216475', 'grandparent');
INSERT INTO Carer (patient_no, carer_name, carer_email, carer_phone, relationship) VALUES (109381, 'carer48', 'carer48@gmail.com', '7253458522', 'mother');
INSERT INTO Carer (patient_no, carer_name, carer_email, carer_phone, relationship) VALUES (304023, 'carer49', 'carer49@gmail.com', '7319968343', 'grandparent');
INSERT INTO Carer (patient_no, carer_name, carer_email, carer_phone, relationship) VALUES (664776, 'carer50', 'carer50@gmail.com', '7605780562', 'uncle');
INSERT INTO Carer (patient_no, carer_name, carer_email, carer_phone, relationship) VALUES (489681, 'carer51', 'carer51@gmail.com', '7583418553', 'mother');
INSERT INTO Carer (patient_no, carer_name, carer_email, carer_phone, relationship) VALUES (246033, 'carer52', 'carer52@gmail.com', '7709040205', 'grandparent');
INSERT INTO Carer (patient_no, carer_name, carer_email, carer_phone, relationship) VALUES (883366, 'carer53', 'carer53@gmail.com', '7068343991', 'mother');
INSERT INTO Carer (patient_no, carer_name, carer_email, carer_phone, relationship) VALUES (867850, 'carer54', 'carer54@gmail.com', '7652814407', 'father');
INSERT INTO Carer (patient_no, carer_name, carer_email, carer_phone, relationship) VALUES (647889, 'carer55', 'carer55@gmail.com', '7642920006', 'father');
INSERT INTO Carer (patient_no, carer_name, carer_email, carer_phone, relationship) VALUES (867027, 'carer56', 'carer56@gmail.com', '7617978434', 'uncle');
INSERT INTO Carer (patient_no, carer_name, carer_email, carer_phone, relationship) VALUES (934923, 'carer57', 'carer57@gmail.com', '7051277152', 'father');
INSERT INTO Carer (patient_no, carer_name, carer_email, carer_phone, relationship) VALUES (763404, 'carer58', 'carer58@gmail.com', '7123280959', 'grandparent');
INSERT INTO Carer (patient_no, carer_name, carer_email, carer_phone, relationship) VALUES (610004, 'carer59', 'carer59@gmail.com', '7887337533', 'grandparent');
INSERT INTO Carer (patient_no, carer_name, carer_email, carer_phone, relationship) VALUES (985428, 'carer60', 'carer60@gmail.com', '7134899411', 'mother');
INSERT INTO Carer (patient_no, carer_name, carer_email, carer_phone, relationship) VALUES (6645, 'carer61', 'carer61@gmail.com', '7707413561', 'mother');
INSERT INTO Carer (patient_no, carer_name, carer_email, carer_phone, relationship) VALUES (62131, 'carer62', 'carer62@gmail.com', '7793138232', 'mother');
INSERT INTO Carer (patient_no, carer_name, carer_email, carer_phone, relationship) VALUES (602987, 'carer63', 'carer63@gmail.com', '7380489271', 'uncle');
INSERT INTO Carer (patient_no, carer_name, carer_email, carer_phone, relationship) VALUES (833328, 'carer64', 'carer64@gmail.com', '7086007348', 'father');
INSERT INTO Carer (patient_no, carer_name, carer_email, carer_phone, relationship) VALUES (477121, 'carer65', 'carer65@gmail.com', '7693909939', 'uncle');
INSERT INTO Carer (patient_no, carer_name, carer_email, carer_phone, relationship) VALUES (246033, 'carer66', 'carer66@gmail.com', '7043835441', 'uncle');
INSERT INTO Carer (patient_no, carer_name, carer_email, carer_phone, relationship) VALUES (506176, 'carer67', 'carer67@gmail.com', '7201198128', 'grandparent');
INSERT INTO Carer (patient_no, carer_name, carer_email, carer_phone, relationship) VALUES (985428, 'carer68', 'carer68@gmail.com', '7510211791', 'father');
INSERT INTO Carer (patient_no, carer_name, carer_email, carer_phone, relationship) VALUES (286304, 'carer69', 'carer69@gmail.com', '7763796523', 'father');
INSERT INTO Carer (patient_no, carer_name, carer_email, carer_phone, relationship) VALUES (324674, 'carer70', 'carer70@gmail.com', '7335830298', 'mother');
INSERT INTO Carer (patient_no, carer_name, carer_email, carer_phone, relationship) VALUES (18952, 'carer71', 'carer71@gmail.com', '7589540391', 'mother');
INSERT INTO Carer (patient_no, carer_name, carer_email, carer_phone, relationship) VALUES (673068, 'carer72', 'carer72@gmail.com', '7725474342', 'mother');
INSERT INTO Carer (patient_no, carer_name, carer_email, carer_phone, relationship) VALUES (861364, 'carer73', 'carer73@gmail.com', '7268000293', 'father');
INSERT INTO Carer (patient_no, carer_name, carer_email, carer_phone, relationship) VALUES (888352, 'carer74', 'carer74@gmail.com', '7595555876', 'father');
INSERT INTO Carer (patient_no, carer_name, carer_email, carer_phone, relationship) VALUES (809131, 'carer75', 'carer75@gmail.com', '7202527267', 'uncle');
INSERT INTO Carer (patient_no, carer_name, carer_email, carer_phone, relationship) VALUES (911245, 'carer76', 'carer76@gmail.com', '7178392098', 'uncle');
INSERT INTO Carer (patient_no, carer_name, carer_email, carer_phone, relationship) VALUES (887578, 'carer77', 'carer77@gmail.com', '7718007329', 'father');
INSERT INTO Carer (patient_no, carer_name, carer_email, carer_phone, relationship) VALUES (398067, 'carer78', 'carer78@gmail.com', '7864337951', 'grandparent');
INSERT INTO Carer (patient_no, carer_name, carer_email, carer_phone, relationship) VALUES (998631, 'carer79', 'carer79@gmail.com', '7767443142', 'grandparent');
INSERT INTO Carer (patient_no, carer_name, carer_email, carer_phone, relationship) VALUES (351950, 'carer80', 'carer80@gmail.com', '7231424289', 'father');
INSERT INTO Carer (patient_no, carer_name, carer_email, carer_phone, relationship) VALUES (109381, 'carer81', 'carer81@gmail.com', '7632585244', 'uncle');
INSERT INTO Carer (patient_no, carer_name, carer_email, carer_phone, relationship) VALUES (768858, 'carer82', 'carer82@gmail.com', '7095260591', 'mother');
INSERT INTO Carer (patient_no, carer_name, carer_email, carer_phone, relationship) VALUES (729575, 'carer83', 'carer83@gmail.com', '7214970905', 'father');
INSERT INTO Carer (patient_no, carer_name, carer_email, carer_phone, relationship) VALUES (673068, 'carer84', 'carer84@gmail.com', '7919199256', 'father');
INSERT INTO Carer (patient_no, carer_name, carer_email, carer_phone, relationship) VALUES (864148, 'carer85', 'carer85@gmail.com', '7813352793', 'grandparent');
INSERT INTO Carer (patient_no, carer_name, carer_email, carer_phone, relationship) VALUES (833328, 'carer86', 'carer86@gmail.com', '7039130715', 'grandparent');
INSERT INTO Carer (patient_no, carer_name, carer_email, carer_phone, relationship) VALUES (186937, 'carer87', 'carer87@gmail.com', '7797250069', 'father');
INSERT INTO Carer (patient_no, carer_name, carer_email, carer_phone, relationship) VALUES (306917, 'carer88', 'carer88@gmail.com', '7660828180', 'father');
INSERT INTO Carer (patient_no, carer_name, carer_email, carer_phone, relationship) VALUES (390819, 'carer89', 'carer89@gmail.com', '7695940867', 'mother');
INSERT INTO Carer (patient_no, carer_name, carer_email, carer_phone, relationship) VALUES (185356, 'carer90', 'carer90@gmail.com', '7532741097', 'grandparent');
INSERT INTO Carer (patient_no, carer_name, carer_email, carer_phone, relationship) VALUES (440892, 'carer91', 'carer91@gmail.com', '7459440143', 'father');
INSERT INTO Carer (patient_no, carer_name, carer_email, carer_phone, relationship) VALUES (924346, 'carer92', 'carer92@gmail.com', '7916667405', 'mother');
INSERT INTO Carer (patient_no, carer_name, carer_email, carer_phone, relationship) VALUES (427617, 'carer93', 'carer93@gmail.com', '7789699083', 'uncle');
INSERT INTO Carer (patient_no, carer_name, carer_email, carer_phone, relationship) VALUES (925209, 'carer94', 'carer94@gmail.com', '7223225354', 'grandparent');
INSERT INTO Carer (patient_no, carer_name, carer_email, carer_phone, relationship) VALUES (394744, 'carer95', 'carer95@gmail.com', '7938977319', 'grandparent');
INSERT INTO Carer (patient_no, carer_name, carer_email, carer_phone, relationship) VALUES (453640, 'carer96', 'carer96@gmail.com', '7199637510', 'mother');
INSERT INTO Carer (patient_no, carer_name, carer_email, carer_phone, relationship) VALUES (396459, 'carer97', 'carer97@gmail.com', '7910794155', 'mother');
INSERT INTO Carer (patient_no, carer_name, carer_email, carer_phone, relationship) VALUES (121607, 'carer98', 'carer98@gmail.com', '7361492994', 'mother');
INSERT INTO Carer (patient_no, carer_name, carer_email, carer_phone, relationship) VALUES (550988, 'carer99', 'carer99@gmail.com', '7759006721', 'mother');

INSERT INTO Test (patient_no, first_due_date, frequency, laboratory, completed) VALUES (241399, 20180204, 'weekly', 0, 'yes');
INSERT INTO Test (patient_no, first_due_date, frequency, laboratory, completed) VALUES (330154, 20190705, 'weekly', 7, 'no');
INSERT INTO Test (patient_no, first_due_date, frequency, laboratory, completed) VALUES (678683, 20190501, 'weekly', 1, 'no');
INSERT INTO Test (patient_no, first_due_date, frequency, laboratory, completed) VALUES (378809, 20180206, 'weekly', 3, 'yes');
INSERT INTO Test (patient_no, first_due_date, frequency, laboratory, completed) VALUES (28410, 20180221, 'weekly', 9, 'in review');
INSERT INTO Test (patient_no, first_due_date, frequency, laboratory, completed) VALUES (55021, 20180801, 'weekly', 3, 'yes');
INSERT INTO Test (patient_no, first_due_date, frequency, laboratory, completed) VALUES (983501, 20180709, 'weekly', 2, 'yes');
INSERT INTO Test (patient_no, first_due_date, frequency, laboratory, completed) VALUES (838907, 20180806, 'weekly', 3, 'yes');
INSERT INTO Test (patient_no, first_due_date, frequency, laboratory, completed) VALUES (47960, 20180809, 'weekly', 0, 'in review');
INSERT INTO Test (patient_no, first_due_date, frequency, laboratory, completed) VALUES (809131, 20180223, 'weekly', 1, 'in review');
INSERT INTO Test (patient_no, first_due_date, frequency, laboratory, completed) VALUES (398067, 20180119, 'weekly', 2, 'in review');
INSERT INTO Test (patient_no, first_due_date, frequency, laboratory, completed) VALUES (114758, 20181008, 'weekly', 3, 'in review');
INSERT INTO Test (patient_no, first_due_date, frequency, laboratory, completed) VALUES (301291, 20190603, 'weekly', 8, 'no');
INSERT INTO Test (patient_no, first_due_date, frequency, laboratory, completed) VALUES (230923, 20181213, 'weekly', 8, 'in review');
INSERT INTO Test (patient_no, first_due_date, frequency, laboratory, completed) VALUES (896187, 20180614, 'weekly', 4, 'yes');
INSERT INTO Test (patient_no, first_due_date, frequency, laboratory, completed) VALUES (157454, 20180713, 'weekly', 4, 'yes');
INSERT INTO Test (patient_no, first_due_date, frequency, laboratory, completed) VALUES (393737, 20180813, 'weekly', 0, 'no');
INSERT INTO Test (patient_no, first_due_date, frequency, laboratory, completed) VALUES (173079, 20180913, 'weekly', 3, 'no');
INSERT INTO Test (patient_no, first_due_date, frequency, laboratory, completed) VALUES (692870, 20180702, 'weekly', 5, 'no');
INSERT INTO Test (patient_no, first_due_date, frequency, laboratory, completed) VALUES (186937, 20180425, 'weekly', 3, 'in review');
INSERT INTO Test (patient_no, first_due_date, frequency, laboratory, completed) VALUES (664776, 20191020, 'weekly', 3, 'no');
INSERT INTO Test (patient_no, first_due_date, frequency, laboratory, completed) VALUES (543196, 20180101, 'weekly', 3, 'yes');
INSERT INTO Test (patient_no, first_due_date, frequency, laboratory, completed) VALUES (443937, 20180813, 'weekly', 5, 'no');
INSERT INTO Test (patient_no, first_due_date, frequency, laboratory, completed) VALUES (274523, 20190613, 'weekly', 2, 'in review');
INSERT INTO Test (patient_no, first_due_date, frequency, laboratory, completed) VALUES (933558, 20190315, 'weekly', 9, 'yes');
INSERT INTO Test (patient_no, first_due_date, frequency, laboratory, completed) VALUES (887193, 20181215, 'weekly', 3, 'no');
INSERT INTO Test (patient_no, first_due_date, frequency, laboratory, completed) VALUES (206060, 20180914, 'weekly', 8, 'yes');
INSERT INTO Test (patient_no, first_due_date, frequency, laboratory, completed) VALUES (956672, 20181013, 'weekly', 4, 'no');
INSERT INTO Test (patient_no, first_due_date, frequency, laboratory, completed) VALUES (888352, 20180103, 'weekly', 9, 'no');
INSERT INTO Test (patient_no, first_due_date, frequency, laboratory, completed) VALUES (469541, 20181107, 'weekly', 8, 'in review');
INSERT INTO Test (patient_no, first_due_date, frequency, laboratory, completed) VALUES (951094, 20180501, 'weekly', 3, 'yes');
INSERT INTO Test (patient_no, first_due_date, frequency, laboratory, completed) VALUES (142468, 20190612, 'weekly', 8, 'yes');
INSERT INTO Test (patient_no, first_due_date, frequency, laboratory, completed) VALUES (457481, 20180602, 'weekly', 4, 'no');
INSERT INTO Test (patient_no, first_due_date, frequency, laboratory, completed) VALUES (509201, 20180723, 'weekly', 4, 'in review');
INSERT INTO Test (patient_no, first_due_date, frequency, laboratory, completed) VALUES (610004, 20190527, 'weekly', 5, 'in review');
INSERT INTO Test (patient_no, first_due_date, frequency, laboratory, completed) VALUES (386922, 20180521, 'weekly', 0, 'no');
INSERT INTO Test (patient_no, first_due_date, frequency, laboratory, completed) VALUES (614410, 20181001, 'weekly', 1, 'in review');
INSERT INTO Test (patient_no, first_due_date, frequency, laboratory, completed) VALUES (278641, 20180412, 'weekly', 1, 'yes');
INSERT INTO Test (patient_no, first_due_date, frequency, laboratory, completed) VALUES (937534, 20180423, 'weekly', 6, 'in review');
INSERT INTO Test (patient_no, first_due_date, frequency, laboratory, completed) VALUES (286333, 20180214, 'weekly', 0, 'no');
INSERT INTO Test (patient_no, first_due_date, frequency, laboratory, completed) VALUES (452533, 20180407, 'weekly', 0, 'in review');
INSERT INTO Test (patient_no, first_due_date, frequency, laboratory, completed) VALUES (6645, 20180815, 'weekly', 8, 'in review');
INSERT INTO Test (patient_no, first_due_date, frequency, laboratory, completed) VALUES (282278, 20191019, 'weekly', 8, 'no');
INSERT INTO Test (patient_no, first_due_date, frequency, laboratory, completed) VALUES (875244, 20180207, 'weekly', 9, 'in review');
INSERT INTO Test (patient_no, first_due_date, frequency, laboratory, completed) VALUES (610004, 20191102, 'weekly', 0, 'no');
INSERT INTO Test (patient_no, first_due_date, frequency, laboratory, completed) VALUES (777247, 20190803, 'weekly', 3, 'no');
INSERT INTO Test (patient_no, first_due_date, frequency, laboratory, completed) VALUES (673068, 20180101, 'weekly', 2, 'yes');
INSERT INTO Test (patient_no, first_due_date, frequency, laboratory, completed) VALUES (479340, 20180222, 'weekly', 7, 'in review');
INSERT INTO Test (patient_no, first_due_date, frequency, laboratory, completed) VALUES (896187, 20180211, 'weekly', 6, 'in review');
INSERT INTO Test (patient_no, first_due_date, frequency, laboratory, completed) VALUES (847473, 20180806, 'weekly', 4, 'yes');
INSERT INTO Test (patient_no, first_due_date, frequency, laboratory, completed) VALUES (692870, 20190202, 'weekly', 6, 'no');
INSERT INTO Test (patient_no, first_due_date, frequency, laboratory, completed) VALUES (867850, 20180601, 'weekly', 0, 'yes');
INSERT INTO Test (patient_no, first_due_date, frequency, laboratory, completed) VALUES (937534, 20180412, 'weekly', 3, 'no');
INSERT INTO Test (patient_no, first_due_date, frequency, laboratory, completed) VALUES (647889, 20190918, 'weekly', 1, 'in review');
INSERT INTO Test (patient_no, first_due_date, frequency, laboratory, completed) VALUES (306917, 20180109, 'weekly', 1, 'no');
INSERT INTO Test (patient_no, first_due_date, frequency, laboratory, completed) VALUES (922181, 20191110, 'weekly', 0, 'in review');
INSERT INTO Test (patient_no, first_due_date, frequency, laboratory, completed) VALUES (479340, 20191105, 'weekly', 7, 'in review');
INSERT INTO Test (patient_no, first_due_date, frequency, laboratory, completed) VALUES (1721, 20180225, 'weekly', 9, 'no');
INSERT INTO Test (patient_no, first_due_date, frequency, laboratory, completed) VALUES (713778, 20180518, 'weekly', 8, 'no');
INSERT INTO Test (patient_no, first_due_date, frequency, laboratory, completed) VALUES (811990, 20180611, 'weekly', 6, 'no');
INSERT INTO Test (patient_no, first_due_date, frequency, laboratory, completed) VALUES (66484, 20181223, 'weekly', 4, 'in review');
INSERT INTO Test (patient_no, first_due_date, frequency, laboratory, completed) VALUES (711275, 20191105, 'weekly', 3, 'in review');
INSERT INTO Test (patient_no, first_due_date, frequency, laboratory, completed) VALUES (495974, 20190422, 'weekly', 5, 'in review');
INSERT INTO Test (patient_no, first_due_date, frequency, laboratory, completed) VALUES (867850, 20181019, 'weekly', 5, 'in review');
INSERT INTO Test (patient_no, first_due_date, frequency, laboratory, completed) VALUES (18952, 20191120, 'weekly', 0, 'no');
INSERT INTO Test (patient_no, first_due_date, frequency, laboratory, completed) VALUES (390819, 20180524, 'weekly', 4, 'no');
INSERT INTO Test (patient_no, first_due_date, frequency, laboratory, completed) VALUES (47960, 20180726, 'weekly', 2, 'no');
INSERT INTO Test (patient_no, first_due_date, frequency, laboratory, completed) VALUES (945519, 20180302, 'weekly', 4, 'yes');
INSERT INTO Test (patient_no, first_due_date, frequency, laboratory, completed) VALUES (315263, 20181201, 'weekly', 0, 'in review');
INSERT INTO Test (patient_no, first_due_date, frequency, laboratory, completed) VALUES (43929, 20180807, 'weekly', 1, 'yes');
INSERT INTO Test (patient_no, first_due_date, frequency, laboratory, completed) VALUES (142468, 20181227, 'weekly', 2, 'in review');
INSERT INTO Test (patient_no, first_due_date, frequency, laboratory, completed) VALUES (345970, 20180119, 'weekly', 7, 'in review');
INSERT INTO Test (patient_no, first_due_date, frequency, laboratory, completed) VALUES (457481, 20180826, 'weekly', 5, 'in review');
INSERT INTO Test (patient_no, first_due_date, frequency, laboratory, completed) VALUES (582315, 20180116, 'weekly', 4, 'no');
INSERT INTO Test (patient_no, first_due_date, frequency, laboratory, completed) VALUES (532912, 20180210, 'weekly', 3, 'in review');
INSERT INTO Test (patient_no, first_due_date, frequency, laboratory, completed) VALUES (545590, 20191211, 'weekly', 7, 'in review');
INSERT INTO Test (patient_no, first_due_date, frequency, laboratory, completed) VALUES (60090, 20190602, 'weekly', 4, 'no');
INSERT INTO Test (patient_no, first_due_date, frequency, laboratory, completed) VALUES (833328, 20180419, 'weekly', 5, 'in review');
INSERT INTO Test (patient_no, first_due_date, frequency, laboratory, completed) VALUES (769869, 20181105, 'weekly', 0, 'no');
INSERT INTO Test (patient_no, first_due_date, frequency, laboratory, completed) VALUES (933558, 20180225, 'weekly', 0, 'in review');
INSERT INTO Test (patient_no, first_due_date, frequency, laboratory, completed) VALUES (243324, 20180301, 'weekly', 5, 'no');
INSERT INTO Test (patient_no, first_due_date, frequency, laboratory, completed) VALUES (60090, 20190824, 'weekly', 4, 'yes');
INSERT INTO Test (patient_no, first_due_date, frequency, laboratory, completed) VALUES (2655, 20190511, 'weekly', 1, 'yes');
INSERT INTO Test (patient_no, first_due_date, frequency, laboratory, completed) VALUES (178485, 20191206, 'weekly', 5, 'yes');
INSERT INTO Test (patient_no, first_due_date, frequency, laboratory, completed) VALUES (351950, 20180802, 'weekly', 5, 'yes');
INSERT INTO Test (patient_no, first_due_date, frequency, laboratory, completed) VALUES (544029, 20190123, 'weekly', 8, 'in review');
INSERT INTO Test (patient_no, first_due_date, frequency, laboratory, completed) VALUES (286304, 20190410, 'weekly', 4, 'no');
INSERT INTO Test (patient_no, first_due_date, frequency, laboratory, completed) VALUES (393737, 20190215, 'weekly', 4, 'no');
INSERT INTO Test (patient_no, first_due_date, frequency, laboratory, completed) VALUES (543741, 20191008, 'weekly', 9, 'yes');
INSERT INTO Test (patient_no, first_due_date, frequency, laboratory, completed) VALUES (337271, 20180427, 'weekly', 7, 'yes');
INSERT INTO Test (patient_no, first_due_date, frequency, laboratory, completed) VALUES (925845, 20191115, 'weekly', 9, 'no');
INSERT INTO Test (patient_no, first_due_date, frequency, laboratory, completed) VALUES (415498, 20180516, 'weekly', 9, 'yes');
INSERT INTO Test (patient_no, first_due_date, frequency, laboratory, completed) VALUES (934923, 20181011, 'weekly', 5, 'yes');
INSERT INTO Test (patient_no, first_due_date, frequency, laboratory, completed) VALUES (265540, 20180817, 'weekly', 8, 'no');
INSERT INTO Test (patient_no, first_due_date, frequency, laboratory, completed) VALUES (337271, 20190515, 'weekly', 3, 'in review');
INSERT INTO Test (patient_no, first_due_date, frequency, laboratory, completed) VALUES (581809, 20191127, 'weekly', 4, 'no');
INSERT INTO Test (patient_no, first_due_date, frequency, laboratory, completed) VALUES (396459, 20180226, 'weekly', 3, 'yes');
INSERT INTO Test (patient_no, first_due_date, frequency, laboratory, completed) VALUES (809552, 20180708, 'weekly', 5, 'yes');
INSERT INTO Test (patient_no, first_due_date, frequency, laboratory, completed) VALUES (925209, 20190601, 'weekly', 4, 'no');
INSERT INTO Test (patient_no, first_due_date, frequency, laboratory, completed) VALUES (588749, 20180313, 'weekly', 0, 'no');
