INSERT INTO Patient (patient_no, name, surname, email, phone) VALUES (801792, name801792, surname801792, patient801792@gmail.com, 7661866492)
INSERT INTO Patient (patient_no, name, surname, email, phone) VALUES (943617, name943617, surname943617, patient943617@gmail.com, 7031625203)
INSERT INTO Patient (patient_no, name, surname, email, phone) VALUES (760325, name760325, surname760325, patient760325@gmail.com, 7712329712)
INSERT INTO Patient (patient_no, name, surname, email, phone) VALUES (974343, name974343, surname974343, patient974343@gmail.com, 7355631087)
INSERT INTO Patient (patient_no, name, surname, email, phone) VALUES (537610, name537610, surname537610, patient537610@gmail.com, 7654650343)
INSERT INTO Patient (patient_no, name, surname, email, phone) VALUES (468492, name468492, surname468492, patient468492@gmail.com, 7170184173)
INSERT INTO Patient (patient_no, name, surname, email, phone) VALUES (371730, name371730, surname371730, patient371730@gmail.com, 7888110569)
INSERT INTO Patient (patient_no, name, surname, email, phone) VALUES (411158, name411158, surname411158, patient411158@gmail.com, 7508491243)
INSERT INTO Patient (patient_no, name, surname, email, phone) VALUES (368151, name368151, surname368151, patient368151@gmail.com, 7735636970)
INSERT INTO Patient (patient_no, name, surname, email, phone) VALUES (407062, name407062, surname407062, patient407062@gmail.com, 7424659433)
INSERT INTO Patient (patient_no, name, surname, email, phone) VALUES (620057, name620057, surname620057, patient620057@gmail.com, 7735922664)
INSERT INTO Patient (patient_no, name, surname, email, phone) VALUES (318489, name318489, surname318489, patient318489@gmail.com, 7538288103)
INSERT INTO Patient (patient_no, name, surname, email, phone) VALUES (859161, name859161, surname859161, patient859161@gmail.com, 7932826598)
INSERT INTO Patient (patient_no, name, surname, email, phone) VALUES (171563, name171563, surname171563, patient171563@gmail.com, 7923600869)
INSERT INTO Patient (patient_no, name, surname, email, phone) VALUES (820268, name820268, surname820268, patient820268@gmail.com, 7759868388)
INSERT INTO Patient (patient_no, name, surname, email, phone) VALUES (359471, name359471, surname359471, patient359471@gmail.com, 7166833633)
INSERT INTO Patient (patient_no, name, surname, email, phone) VALUES (907825, name907825, surname907825, patient907825@gmail.com, 7452725729)
INSERT INTO Patient (patient_no, name, surname, email, phone) VALUES (689203, name689203, surname689203, patient689203@gmail.com, 7683755488)
INSERT INTO Patient (patient_no, name, surname, email, phone) VALUES (870453, name870453, surname870453, patient870453@gmail.com, 7868500957)
INSERT INTO Patient (patient_no, name, surname, email, phone) VALUES (984118, name984118, surname984118, patient984118@gmail.com, 7982230491)
INSERT INTO Patient (patient_no, name, surname, email, phone) VALUES (861754, name861754, surname861754, patient861754@gmail.com, 7841763802)
INSERT INTO Patient (patient_no, name, surname, email, phone) VALUES (688699, name688699, surname688699, patient688699@gmail.com, 7393629142)
INSERT INTO Patient (patient_no, name, surname, email, phone) VALUES (277051, name277051, surname277051, patient277051@gmail.com, 7694129622)
INSERT INTO Patient (patient_no, name, surname, email, phone) VALUES (953405, name953405, surname953405, patient953405@gmail.com, 7989620181)
INSERT INTO Patient (patient_no, name, surname, email, phone) VALUES (527936, name527936, surname527936, patient527936@gmail.com, 7702993362)
INSERT INTO Patient (patient_no, name, surname, email, phone) VALUES (293953, name293953, surname293953, patient293953@gmail.com, 7379541970)
INSERT INTO Patient (patient_no, name, surname, email, phone) VALUES (652356, name652356, surname652356, patient652356@gmail.com, 7829903314)
INSERT INTO Patient (patient_no, name, surname, email, phone) VALUES (593476, name593476, surname593476, patient593476@gmail.com, 7334433745)
INSERT INTO Patient (patient_no, name, surname, email, phone) VALUES (749125, name749125, surname749125, patient749125@gmail.com, 7518493647)
INSERT INTO Patient (patient_no, name, surname, email, phone) VALUES (241222, name241222, surname241222, patient241222@gmail.com, 7081988559)
INSERT INTO Patient (patient_no, name, surname, email, phone) VALUES (327241, name327241, surname327241, patient327241@gmail.com, 7165040077)
INSERT INTO Patient (patient_no, name, surname, email, phone) VALUES (379980, name379980, surname379980, patient379980@gmail.com, 7065761226)
INSERT INTO Patient (patient_no, name, surname, email, phone) VALUES (90709, name90709, surname90709, patient90709@gmail.com, 7095040457)
INSERT INTO Patient (patient_no, name, surname, email, phone) VALUES (332885, name332885, surname332885, patient332885@gmail.com, 7929588169)
INSERT INTO Patient (patient_no, name, surname, email, phone) VALUES (160343, name160343, surname160343, patient160343@gmail.com, 7340293062)
INSERT INTO Patient (patient_no, name, surname, email, phone) VALUES (234585, name234585, surname234585, patient234585@gmail.com, 7515326916)
INSERT INTO Patient (patient_no, name, surname, email, phone) VALUES (28768, name28768, surname28768, patient28768@gmail.com, 7356542403)
INSERT INTO Patient (patient_no, name, surname, email, phone) VALUES (447073, name447073, surname447073, patient447073@gmail.com, 7052197313)
INSERT INTO Patient (patient_no, name, surname, email, phone) VALUES (874084, name874084, surname874084, patient874084@gmail.com, 7475470266)
INSERT INTO Patient (patient_no, name, surname, email, phone) VALUES (852582, name852582, surname852582, patient852582@gmail.com, 7663631295)
INSERT INTO Patient (patient_no, name, surname, email, phone) VALUES (37479, name37479, surname37479, patient37479@gmail.com, 7260998076)
INSERT INTO Patient (patient_no, name, surname, email, phone) VALUES (943209, name943209, surname943209, patient943209@gmail.com, 7102708153)
INSERT INTO Patient (patient_no, name, surname, email, phone) VALUES (829034, name829034, surname829034, patient829034@gmail.com, 7822855098)
INSERT INTO Patient (patient_no, name, surname, email, phone) VALUES (398443, name398443, surname398443, patient398443@gmail.com, 7652271547)
INSERT INTO Patient (patient_no, name, surname, email, phone) VALUES (604267, name604267, surname604267, patient604267@gmail.com, 7909469626)
INSERT INTO Patient (patient_no, name, surname, email, phone) VALUES (321649, name321649, surname321649, patient321649@gmail.com, 7369049015)
INSERT INTO Patient (patient_no, name, surname, email, phone) VALUES (449140, name449140, surname449140, patient449140@gmail.com, 7062978488)
INSERT INTO Patient (patient_no, name, surname, email, phone) VALUES (725109, name725109, surname725109, patient725109@gmail.com, 7256163767)
INSERT INTO Patient (patient_no, name, surname, email, phone) VALUES (786038, name786038, surname786038, patient786038@gmail.com, 7399992244)
INSERT INTO Patient (patient_no, name, surname, email, phone) VALUES (833145, name833145, surname833145, patient833145@gmail.com, 7106131890)
INSERT INTO Patient (patient_no, name, surname, email, phone) VALUES (240771, name240771, surname240771, patient240771@gmail.com, 7500870060)
INSERT INTO Patient (patient_no, name, surname, email, phone) VALUES (322695, name322695, surname322695, patient322695@gmail.com, 7110819244)
INSERT INTO Patient (patient_no, name, surname, email, phone) VALUES (941705, name941705, surname941705, patient941705@gmail.com, 7163612588)
INSERT INTO Patient (patient_no, name, surname, email, phone) VALUES (522897, name522897, surname522897, patient522897@gmail.com, 7320790955)
INSERT INTO Patient (patient_no, name, surname, email, phone) VALUES (796306, name796306, surname796306, patient796306@gmail.com, 7335782826)
INSERT INTO Patient (patient_no, name, surname, email, phone) VALUES (775318, name775318, surname775318, patient775318@gmail.com, 7836129704)
INSERT INTO Patient (patient_no, name, surname, email, phone) VALUES (922263, name922263, surname922263, patient922263@gmail.com, 7306006949)
INSERT INTO Patient (patient_no, name, surname, email, phone) VALUES (658584, name658584, surname658584, patient658584@gmail.com, 7012595614)
INSERT INTO Patient (patient_no, name, surname, email, phone) VALUES (117913, name117913, surname117913, patient117913@gmail.com, 7401398173)
INSERT INTO Patient (patient_no, name, surname, email, phone) VALUES (10912, name10912, surname10912, patient10912@gmail.com, 7523717531)
INSERT INTO Patient (patient_no, name, surname, email, phone) VALUES (992933, name992933, surname992933, patient992933@gmail.com, 7180555674)
INSERT INTO Patient (patient_no, name, surname, email, phone) VALUES (439463, name439463, surname439463, patient439463@gmail.com, 7613050777)
INSERT INTO Patient (patient_no, name, surname, email, phone) VALUES (453800, name453800, surname453800, patient453800@gmail.com, 7009692567)
INSERT INTO Patient (patient_no, name, surname, email, phone) VALUES (362154, name362154, surname362154, patient362154@gmail.com, 7384376212)
INSERT INTO Patient (patient_no, name, surname, email, phone) VALUES (780459, name780459, surname780459, patient780459@gmail.com, 7671930772)
INSERT INTO Patient (patient_no, name, surname, email, phone) VALUES (594604, name594604, surname594604, patient594604@gmail.com, 7688718739)
INSERT INTO Patient (patient_no, name, surname, email, phone) VALUES (780461, name780461, surname780461, patient780461@gmail.com, 7994678673)
INSERT INTO Patient (patient_no, name, surname, email, phone) VALUES (651439, name651439, surname651439, patient651439@gmail.com, 7052197776)
INSERT INTO Patient (patient_no, name, surname, email, phone) VALUES (541873, name541873, surname541873, patient541873@gmail.com, 7710849422)
INSERT INTO Patient (patient_no, name, surname, email, phone) VALUES (101053, name101053, surname101053, patient101053@gmail.com, 7659576201)
INSERT INTO Patient (patient_no, name, surname, email, phone) VALUES (123075, name123075, surname123075, patient123075@gmail.com, 7198351752)
INSERT INTO Patient (patient_no, name, surname, email, phone) VALUES (369860, name369860, surname369860, patient369860@gmail.com, 7943880071)
INSERT INTO Patient (patient_no, name, surname, email, phone) VALUES (845511, name845511, surname845511, patient845511@gmail.com, 7109846404)
INSERT INTO Patient (patient_no, name, surname, email, phone) VALUES (588488, name588488, surname588488, patient588488@gmail.com, 7519526275)
INSERT INTO Patient (patient_no, name, surname, email, phone) VALUES (783047, name783047, surname783047, patient783047@gmail.com, 7702453121)
INSERT INTO Patient (patient_no, name, surname, email, phone) VALUES (69322, name69322, surname69322, patient69322@gmail.com, 7263885184)
INSERT INTO Patient (patient_no, name, surname, email, phone) VALUES (60103, name60103, surname60103, patient60103@gmail.com, 7306864511)
INSERT INTO Patient (patient_no, name, surname, email, phone) VALUES (211657, name211657, surname211657, patient211657@gmail.com, 7708164988)
INSERT INTO Patient (patient_no, name, surname, email, phone) VALUES (926923, name926923, surname926923, patient926923@gmail.com, 7310204796)
INSERT INTO Patient (patient_no, name, surname, email, phone) VALUES (641742, name641742, surname641742, patient641742@gmail.com, 7831611254)
INSERT INTO Patient (patient_no, name, surname, email, phone) VALUES (194257, name194257, surname194257, patient194257@gmail.com, 7382284152)
INSERT INTO Patient (patient_no, name, surname, email, phone) VALUES (13010, name13010, surname13010, patient13010@gmail.com, 7018508151)
INSERT INTO Patient (patient_no, name, surname, email, phone) VALUES (75992, name75992, surname75992, patient75992@gmail.com, 7631119224)
INSERT INTO Patient (patient_no, name, surname, email, phone) VALUES (649945, name649945, surname649945, patient649945@gmail.com, 7731023222)
INSERT INTO Patient (patient_no, name, surname, email, phone) VALUES (472798, name472798, surname472798, patient472798@gmail.com, 7079845750)
INSERT INTO Patient (patient_no, name, surname, email, phone) VALUES (659173, name659173, surname659173, patient659173@gmail.com, 7846036849)
INSERT INTO Patient (patient_no, name, surname, email, phone) VALUES (518886, name518886, surname518886, patient518886@gmail.com, 7569117551)
INSERT INTO Patient (patient_no, name, surname, email, phone) VALUES (502504, name502504, surname502504, patient502504@gmail.com, 7928552301)
INSERT INTO Patient (patient_no, name, surname, email, phone) VALUES (84204, name84204, surname84204, patient84204@gmail.com, 7301004138)
INSERT INTO Patient (patient_no, name, surname, email, phone) VALUES (457967, name457967, surname457967, patient457967@gmail.com, 7147991914)
INSERT INTO Patient (patient_no, name, surname, email, phone) VALUES (967920, name967920, surname967920, patient967920@gmail.com, 7557433704)
INSERT INTO Patient (patient_no, name, surname, email, phone) VALUES (655603, name655603, surname655603, patient655603@gmail.com, 7973775718)
INSERT INTO Patient (patient_no, name, surname, email, phone) VALUES (700661, name700661, surname700661, patient700661@gmail.com, 7960139109)
INSERT INTO Patient (patient_no, name, surname, email, phone) VALUES (925431, name925431, surname925431, patient925431@gmail.com, 7908560227)
INSERT INTO Patient (patient_no, name, surname, email, phone) VALUES (561409, name561409, surname561409, patient561409@gmail.com, 7475403616)
INSERT INTO Patient (patient_no, name, surname, email, phone) VALUES (846082, name846082, surname846082, patient846082@gmail.com, 7379427169)
INSERT INTO Patient (patient_no, name, surname, email, phone) VALUES (943364, name943364, surname943364, patient943364@gmail.com, 7232686432)
INSERT INTO Patient (patient_no, name, surname, email, phone) VALUES (384262, name384262, surname384262, patient384262@gmail.com, 7811851605)
INSERT INTO Patient (patient_no, name, surname, email, phone) VALUES (793351, name793351, surname793351, patient793351@gmail.com, 7241816917)
INSERT INTO Patient (patient_no, name, surname, email, phone) VALUES (635657, name635657, surname635657, patient635657@gmail.com, 7801708892)
INSERT INTO Patient (patient_no, name, surname, email, phone) VALUES (971530, name971530, surname971530, patient971530@gmail.com, 7732900698)
INSERT INTO Patient (patient_no, name, surname, email, phone) VALUES (23310, name23310, surname23310, patient23310@gmail.com, 7165428058)
INSERT INTO Patient (patient_no, name, surname, email, phone) VALUES (606991, name606991, surname606991, patient606991@gmail.com, 7208096088)
INSERT INTO Patient (patient_no, name, surname, email, phone) VALUES (640786, name640786, surname640786, patient640786@gmail.com, 7352638296)
INSERT INTO Patient (patient_no, name, surname, email, phone) VALUES (433941, name433941, surname433941, patient433941@gmail.com, 7209512791)
INSERT INTO Patient (patient_no, name, surname, email, phone) VALUES (79125, name79125, surname79125, patient79125@gmail.com, 7575745366)
INSERT INTO Patient (patient_no, name, surname, email, phone) VALUES (674583, name674583, surname674583, patient674583@gmail.com, 7508156245)
INSERT INTO Patient (patient_no, name, surname, email, phone) VALUES (134936, name134936, surname134936, patient134936@gmail.com, 7163242835)
INSERT INTO Patient (patient_no, name, surname, email, phone) VALUES (585504, name585504, surname585504, patient585504@gmail.com, 7865099603)
INSERT INTO Patient (patient_no, name, surname, email, phone) VALUES (474913, name474913, surname474913, patient474913@gmail.com, 7879242066)
INSERT INTO Patient (patient_no, name, surname, email, phone) VALUES (757538, name757538, surname757538, patient757538@gmail.com, 7764566353)
INSERT INTO Patient (patient_no, name, surname, email, phone) VALUES (614697, name614697, surname614697, patient614697@gmail.com, 7111389520)
INSERT INTO Patient (patient_no, name, surname, email, phone) VALUES (714031, name714031, surname714031, patient714031@gmail.com, 7866899791)
INSERT INTO Patient (patient_no, name, surname, email, phone) VALUES (147766, name147766, surname147766, patient147766@gmail.com, 7241088328)
INSERT INTO Patient (patient_no, name, surname, email, phone) VALUES (978743, name978743, surname978743, patient978743@gmail.com, 7513101639)
INSERT INTO Patient (patient_no, name, surname, email, phone) VALUES (108857, name108857, surname108857, patient108857@gmail.com, 7078506308)
INSERT INTO Patient (patient_no, name, surname, email, phone) VALUES (57148, name57148, surname57148, patient57148@gmail.com, 7272420676)
INSERT INTO Patient (patient_no, name, surname, email, phone) VALUES (13118, name13118, surname13118, patient13118@gmail.com, 7901995330)
INSERT INTO Patient (patient_no, name, surname, email, phone) VALUES (696131, name696131, surname696131, patient696131@gmail.com, 7036392770)
INSERT INTO Patient (patient_no, name, surname, email, phone) VALUES (841028, name841028, surname841028, patient841028@gmail.com, 7491251008)
INSERT INTO Patient (patient_no, name, surname, email, phone) VALUES (190278, name190278, surname190278, patient190278@gmail.com, 7805974848)
INSERT INTO Patient (patient_no, name, surname, email, phone) VALUES (300871, name300871, surname300871, patient300871@gmail.com, 7377059644)
INSERT INTO Patient (patient_no, name, surname, email, phone) VALUES (58704, name58704, surname58704, patient58704@gmail.com, 7259083067)
INSERT INTO Patient (patient_no, name, surname, email, phone) VALUES (32597, name32597, surname32597, patient32597@gmail.com, 7224506682)
INSERT INTO Patient (patient_no, name, surname, email, phone) VALUES (872280, name872280, surname872280, patient872280@gmail.com, 7960379703)
INSERT INTO Patient (patient_no, name, surname, email, phone) VALUES (463713, name463713, surname463713, patient463713@gmail.com, 7609023284)
INSERT INTO Patient (patient_no, name, surname, email, phone) VALUES (418657, name418657, surname418657, patient418657@gmail.com, 7180670770)
INSERT INTO Patient (patient_no, name, surname, email, phone) VALUES (38243, name38243, surname38243, patient38243@gmail.com, 7663847216)
INSERT INTO Patient (patient_no, name, surname, email, phone) VALUES (745825, name745825, surname745825, patient745825@gmail.com, 7763204399)
INSERT INTO Patient (patient_no, name, surname, email, phone) VALUES (338277, name338277, surname338277, patient338277@gmail.com, 7540922667)
INSERT INTO Patient (patient_no, name, surname, email, phone) VALUES (443750, name443750, surname443750, patient443750@gmail.com, 7886211885)
INSERT INTO Patient (patient_no, name, surname, email, phone) VALUES (806253, name806253, surname806253, patient806253@gmail.com, 7264421163)
INSERT INTO Patient (patient_no, name, surname, email, phone) VALUES (612719, name612719, surname612719, patient612719@gmail.com, 7412770090)
INSERT INTO Patient (patient_no, name, surname, email, phone) VALUES (280433, name280433, surname280433, patient280433@gmail.com, 7313661738)
INSERT INTO Patient (patient_no, name, surname, email, phone) VALUES (226673, name226673, surname226673, patient226673@gmail.com, 7374968616)
INSERT INTO Patient (patient_no, name, surname, email, phone) VALUES (675187, name675187, surname675187, patient675187@gmail.com, 7001998632)
INSERT INTO Patient (patient_no, name, surname, email, phone) VALUES (216949, name216949, surname216949, patient216949@gmail.com, 7621079335)
INSERT INTO Patient (patient_no, name, surname, email, phone) VALUES (420727, name420727, surname420727, patient420727@gmail.com, 7074936614)
INSERT INTO Patient (patient_no, name, surname, email, phone) VALUES (220023, name220023, surname220023, patient220023@gmail.com, 7405508898)
INSERT INTO Patient (patient_no, name, surname, email, phone) VALUES (848248, name848248, surname848248, patient848248@gmail.com, 7840352545)
INSERT INTO Patient (patient_no, name, surname, email, phone) VALUES (941436, name941436, surname941436, patient941436@gmail.com, 7651921187)
INSERT INTO Patient (patient_no, name, surname, email, phone) VALUES (740222, name740222, surname740222, patient740222@gmail.com, 7007154978)
INSERT INTO Patient (patient_no, name, surname, email, phone) VALUES (736638, name736638, surname736638, patient736638@gmail.com, 7287141665)
INSERT INTO Patient (patient_no, name, surname, email, phone) VALUES (534402, name534402, surname534402, patient534402@gmail.com, 7620124448)
INSERT INTO Patient (patient_no, name, surname, email, phone) VALUES (7045, name7045, surname7045, patient7045@gmail.com, 7725331228)
INSERT INTO Patient (patient_no, name, surname, email, phone) VALUES (927110, name927110, surname927110, patient927110@gmail.com, 7471767834)
INSERT INTO Patient (patient_no, name, surname, email, phone) VALUES (96144, name96144, surname96144, patient96144@gmail.com, 7747077399)
INSERT INTO Patient (patient_no, name, surname, email, phone) VALUES (309138, name309138, surname309138, patient309138@gmail.com, 7541310739)
INSERT INTO Patient (patient_no, name, surname, email, phone) VALUES (127892, name127892, surname127892, patient127892@gmail.com, 7647394580)
INSERT INTO Patient (patient_no, name, surname, email, phone) VALUES (72085, name72085, surname72085, patient72085@gmail.com, 7057634579)
INSERT INTO Patient (patient_no, name, surname, email, phone) VALUES (302486, name302486, surname302486, patient302486@gmail.com, 7995851024)
INSERT INTO Patient (patient_no, name, surname, email, phone) VALUES (36247, name36247, surname36247, patient36247@gmail.com, 7976732433)
INSERT INTO Patient (patient_no, name, surname, email, phone) VALUES (265114, name265114, surname265114, patient265114@gmail.com, 7300223248)
INSERT INTO Patient (patient_no, name, surname, email, phone) VALUES (832925, name832925, surname832925, patient832925@gmail.com, 7585462542)
INSERT INTO Patient (patient_no, name, surname, email, phone) VALUES (751518, name751518, surname751518, patient751518@gmail.com, 7147049229)
INSERT INTO Patient (patient_no, name, surname, email, phone) VALUES (707485, name707485, surname707485, patient707485@gmail.com, 7960448263)
INSERT INTO Patient (patient_no, name, surname, email, phone) VALUES (314270, name314270, surname314270, patient314270@gmail.com, 7559528712)
INSERT INTO Patient (patient_no, name, surname, email, phone) VALUES (343966, name343966, surname343966, patient343966@gmail.com, 7659203846)
INSERT INTO Patient (patient_no, name, surname, email, phone) VALUES (956322, name956322, surname956322, patient956322@gmail.com, 7174822662)
INSERT INTO Patient (patient_no, name, surname, email, phone) VALUES (742822, name742822, surname742822, patient742822@gmail.com, 7037760774)
INSERT INTO Patient (patient_no, name, surname, email, phone) VALUES (338351, name338351, surname338351, patient338351@gmail.com, 7356537605)
INSERT INTO Patient (patient_no, name, surname, email, phone) VALUES (990640, name990640, surname990640, patient990640@gmail.com, 7487289092)
INSERT INTO Patient (patient_no, name, surname, email, phone) VALUES (893361, name893361, surname893361, patient893361@gmail.com, 7665481985)
INSERT INTO Patient (patient_no, name, surname, email, phone) VALUES (318897, name318897, surname318897, patient318897@gmail.com, 7574822656)
INSERT INTO Patient (patient_no, name, surname, email, phone) VALUES (135087, name135087, surname135087, patient135087@gmail.com, 7835371260)
INSERT INTO Patient (patient_no, name, surname, email, phone) VALUES (323508, name323508, surname323508, patient323508@gmail.com, 7964210427)
INSERT INTO Patient (patient_no, name, surname, email, phone) VALUES (875951, name875951, surname875951, patient875951@gmail.com, 7661706492)
INSERT INTO Patient (patient_no, name, surname, email, phone) VALUES (470459, name470459, surname470459, patient470459@gmail.com, 7189065980)
INSERT INTO Patient (patient_no, name, surname, email, phone) VALUES (399293, name399293, surname399293, patient399293@gmail.com, 7115594491)
INSERT INTO Patient (patient_no, name, surname, email, phone) VALUES (866749, name866749, surname866749, patient866749@gmail.com, 7694272761)
INSERT INTO Patient (patient_no, name, surname, email, phone) VALUES (579007, name579007, surname579007, patient579007@gmail.com, 7777240821)
INSERT INTO Patient (patient_no, name, surname, email, phone) VALUES (100799, name100799, surname100799, patient100799@gmail.com, 7996316403)
INSERT INTO Patient (patient_no, name, surname, email, phone) VALUES (630206, name630206, surname630206, patient630206@gmail.com, 7678970098)
INSERT INTO Patient (patient_no, name, surname, email, phone) VALUES (404931, name404931, surname404931, patient404931@gmail.com, 7892443889)
INSERT INTO Patient (patient_no, name, surname, email, phone) VALUES (721349, name721349, surname721349, patient721349@gmail.com, 7337599728)
INSERT INTO Patient (patient_no, name, surname, email, phone) VALUES (835015, name835015, surname835015, patient835015@gmail.com, 7499118825)
INSERT INTO Patient (patient_no, name, surname, email, phone) VALUES (337353, name337353, surname337353, patient337353@gmail.com, 7725651174)
INSERT INTO Patient (patient_no, name, surname, email, phone) VALUES (556492, name556492, surname556492, patient556492@gmail.com, 7628038885)
INSERT INTO Patient (patient_no, name, surname, email, phone) VALUES (805325, name805325, surname805325, patient805325@gmail.com, 7338801891)
INSERT INTO Patient (patient_no, name, surname, email, phone) VALUES (851922, name851922, surname851922, patient851922@gmail.com, 7749236962)
INSERT INTO Patient (patient_no, name, surname, email, phone) VALUES (84435, name84435, surname84435, patient84435@gmail.com, 7597815522)
INSERT INTO Patient (patient_no, name, surname, email, phone) VALUES (558550, name558550, surname558550, patient558550@gmail.com, 7292065504)
INSERT INTO Patient (patient_no, name, surname, email, phone) VALUES (341975, name341975, surname341975, patient341975@gmail.com, 7778727645)
INSERT INTO Patient (patient_no, name, surname, email, phone) VALUES (354775, name354775, surname354775, patient354775@gmail.com, 7025123033)
INSERT INTO Patient (patient_no, name, surname, email, phone) VALUES (813019, name813019, surname813019, patient813019@gmail.com, 7289691861)
INSERT INTO Patient (patient_no, name, surname, email, phone) VALUES (889822, name889822, surname889822, patient889822@gmail.com, 7226149590)
INSERT INTO Patient (patient_no, name, surname, email, phone) VALUES (140257, name140257, surname140257, patient140257@gmail.com, 7729920724)
INSERT INTO Patient (patient_no, name, surname, email, phone) VALUES (757220, name757220, surname757220, patient757220@gmail.com, 7872154324)
INSERT INTO Patient (patient_no, name, surname, email, phone) VALUES (579557, name579557, surname579557, patient579557@gmail.com, 7917337804)
INSERT INTO Patient (patient_no, name, surname, email, phone) VALUES (557541, name557541, surname557541, patient557541@gmail.com, 7433163472)
INSERT INTO Patient (patient_no, name, surname, email, phone) VALUES (971753, name971753, surname971753, patient971753@gmail.com, 7150037712)
INSERT INTO Patient (patient_no, name, surname, email, phone) VALUES (839658, name839658, surname839658, patient839658@gmail.com, 7501736649)
INSERT INTO Patient (patient_no, name, surname, email, phone) VALUES (245227, name245227, surname245227, patient245227@gmail.com, 7076798156)
INSERT INTO Patient (patient_no, name, surname, email, phone) VALUES (954346, name954346, surname954346, patient954346@gmail.com, 7936048845)
INSERT INTO Patient (patient_no, name, surname, email, phone) VALUES (177133, name177133, surname177133, patient177133@gmail.com, 7697543884)
INSERT INTO Patient (patient_no, name, surname, email, phone) VALUES (933867, name933867, surname933867, patient933867@gmail.com, 7002482379)
INSERT INTO Patient (patient_no, name, surname, email, phone) VALUES (359410, name359410, surname359410, patient359410@gmail.com, 7549106377)
INSERT INTO Patient (patient_no, name, surname, email, phone) VALUES (434678, name434678, surname434678, patient434678@gmail.com, 7686584521)
INSERT INTO Patient (patient_no, name, surname, email, phone) VALUES (958969, name958969, surname958969, patient958969@gmail.com, 7233388742)
INSERT INTO Patient (patient_no, name, surname, email, phone) VALUES (722428, name722428, surname722428, patient722428@gmail.com, 7818190022)

INSERT INTO Carer (patient_no, carer_name, email, phone, relationship) VALUES (806253, carer0, carer0@gmail.com, 7135874755, uncle)
INSERT INTO Carer (patient_no, carer_name, email, phone, relationship) VALUES (832925, carer1, carer1@gmail.com, 7914014913, father)
INSERT INTO Carer (patient_no, carer_name, email, phone, relationship) VALUES (362154, carer2, carer2@gmail.com, 7970046653, grandparent)
INSERT INTO Carer (patient_no, carer_name, email, phone, relationship) VALUES (674583, carer3, carer3@gmail.com, 7730755769, grandparent)
INSERT INTO Carer (patient_no, carer_name, email, phone, relationship) VALUES (870453, carer4, carer4@gmail.com, 7153769146, mother)
INSERT INTO Carer (patient_no, carer_name, email, phone, relationship) VALUES (140257, carer5, carer5@gmail.com, 7240815801, mother)
INSERT INTO Carer (patient_no, carer_name, email, phone, relationship) VALUES (651439, carer6, carer6@gmail.com, 7508996277, father)
INSERT INTO Carer (patient_no, carer_name, email, phone, relationship) VALUES (123075, carer7, carer7@gmail.com, 7578764466, mother)
INSERT INTO Carer (patient_no, carer_name, email, phone, relationship) VALUES (958969, carer8, carer8@gmail.com, 7877235377, father)
INSERT INTO Carer (patient_no, carer_name, email, phone, relationship) VALUES (829034, carer9, carer9@gmail.com, 7146301614, uncle)
INSERT INTO Carer (patient_no, carer_name, email, phone, relationship) VALUES (805325, carer10, carer10@gmail.com, 7971762862, father)
INSERT INTO Carer (patient_no, carer_name, email, phone, relationship) VALUES (123075, carer11, carer11@gmail.com, 7883373229, grandparent)
INSERT INTO Carer (patient_no, carer_name, email, phone, relationship) VALUES (651439, carer12, carer12@gmail.com, 7546497195, grandparent)
INSERT INTO Carer (patient_no, carer_name, email, phone, relationship) VALUES (537610, carer13, carer13@gmail.com, 7472264863, mother)
INSERT INTO Carer (patient_no, carer_name, email, phone, relationship) VALUES (280433, carer14, carer14@gmail.com, 7276048030, uncle)
INSERT INTO Carer (patient_no, carer_name, email, phone, relationship) VALUES (359471, carer15, carer15@gmail.com, 7351721117, grandparent)
INSERT INTO Carer (patient_no, carer_name, email, phone, relationship) VALUES (343966, carer16, carer16@gmail.com, 7497256092, uncle)
INSERT INTO Carer (patient_no, carer_name, email, phone, relationship) VALUES (801792, carer17, carer17@gmail.com, 7102202522, father)
INSERT INTO Carer (patient_no, carer_name, email, phone, relationship) VALUES (140257, carer18, carer18@gmail.com, 7047061145, mother)
INSERT INTO Carer (patient_no, carer_name, email, phone, relationship) VALUES (321649, carer19, carer19@gmail.com, 7085291159, uncle)
INSERT INTO Carer (patient_no, carer_name, email, phone, relationship) VALUES (796306, carer20, carer20@gmail.com, 7320102550, grandparent)
INSERT INTO Carer (patient_no, carer_name, email, phone, relationship) VALUES (922263, carer21, carer21@gmail.com, 7664359573, grandparent)
INSERT INTO Carer (patient_no, carer_name, email, phone, relationship) VALUES (655603, carer22, carer22@gmail.com, 7674397840, uncle)
INSERT INTO Carer (patient_no, carer_name, email, phone, relationship) VALUES (280433, carer23, carer23@gmail.com, 7245278862, father)
INSERT INTO Carer (patient_no, carer_name, email, phone, relationship) VALUES (75992, carer24, carer24@gmail.com, 7802783372, mother)
INSERT INTO Carer (patient_no, carer_name, email, phone, relationship) VALUES (323508, carer25, carer25@gmail.com, 7974830221, father)
INSERT INTO Carer (patient_no, carer_name, email, phone, relationship) VALUES (354775, carer26, carer26@gmail.com, 7362792588, grandparent)
INSERT INTO Carer (patient_no, carer_name, email, phone, relationship) VALUES (135087, carer27, carer27@gmail.com, 7564640394, mother)
INSERT INTO Carer (patient_no, carer_name, email, phone, relationship) VALUES (793351, carer28, carer28@gmail.com, 7436673161, uncle)
INSERT INTO Carer (patient_no, carer_name, email, phone, relationship) VALUES (502504, carer29, carer29@gmail.com, 7380928648, mother)
INSERT INTO Carer (patient_no, carer_name, email, phone, relationship) VALUES (541873, carer30, carer30@gmail.com, 7155777670, mother)
INSERT INTO Carer (patient_no, carer_name, email, phone, relationship) VALUES (433941, carer31, carer31@gmail.com, 7031176325, grandparent)
INSERT INTO Carer (patient_no, carer_name, email, phone, relationship) VALUES (384262, carer32, carer32@gmail.com, 7931932292, grandparent)
INSERT INTO Carer (patient_no, carer_name, email, phone, relationship) VALUES (783047, carer33, carer33@gmail.com, 7684805251, uncle)
INSERT INTO Carer (patient_no, carer_name, email, phone, relationship) VALUES (468492, carer34, carer34@gmail.com, 7209506433, grandparent)
INSERT INTO Carer (patient_no, carer_name, email, phone, relationship) VALUES (651439, carer35, carer35@gmail.com, 7702908543, grandparent)
INSERT INTO Carer (patient_no, carer_name, email, phone, relationship) VALUES (893361, carer36, carer36@gmail.com, 7474361470, mother)
INSERT INTO Carer (patient_no, carer_name, email, phone, relationship) VALUES (147766, carer37, carer37@gmail.com, 7998030462, father)
INSERT INTO Carer (patient_no, carer_name, email, phone, relationship) VALUES (38243, carer38, carer38@gmail.com, 7984057468, grandparent)
INSERT INTO Carer (patient_no, carer_name, email, phone, relationship) VALUES (943209, carer39, carer39@gmail.com, 7538033276, mother)
INSERT INTO Carer (patient_no, carer_name, email, phone, relationship) VALUES (696131, carer40, carer40@gmail.com, 7310074490, mother)
INSERT INTO Carer (patient_no, carer_name, email, phone, relationship) VALUES (866749, carer41, carer41@gmail.com, 7555795066, father)
INSERT INTO Carer (patient_no, carer_name, email, phone, relationship) VALUES (338351, carer42, carer42@gmail.com, 7710726777, father)
INSERT INTO Carer (patient_no, carer_name, email, phone, relationship) VALUES (742822, carer43, carer43@gmail.com, 7397858420, father)
INSERT INTO Carer (patient_no, carer_name, email, phone, relationship) VALUES (689203, carer44, carer44@gmail.com, 7482829935, mother)
INSERT INTO Carer (patient_no, carer_name, email, phone, relationship) VALUES (872280, carer45, carer45@gmail.com, 7545971308, father)
INSERT INTO Carer (patient_no, carer_name, email, phone, relationship) VALUES (362154, carer46, carer46@gmail.com, 7597224043, uncle)
INSERT INTO Carer (patient_no, carer_name, email, phone, relationship) VALUES (327241, carer47, carer47@gmail.com, 7781979242, uncle)
INSERT INTO Carer (patient_no, carer_name, email, phone, relationship) VALUES (117913, carer48, carer48@gmail.com, 7730902632, uncle)
INSERT INTO Carer (patient_no, carer_name, email, phone, relationship) VALUES (866749, carer49, carer49@gmail.com, 7156914791, uncle)
INSERT INTO Carer (patient_no, carer_name, email, phone, relationship) VALUES (658584, carer50, carer50@gmail.com, 7854499430, father)
INSERT INTO Carer (patient_no, carer_name, email, phone, relationship) VALUES (472798, carer51, carer51@gmail.com, 7608721509, mother)
INSERT INTO Carer (patient_no, carer_name, email, phone, relationship) VALUES (327241, carer52, carer52@gmail.com, 7256011876, uncle)
INSERT INTO Carer (patient_no, carer_name, email, phone, relationship) VALUES (875951, carer53, carer53@gmail.com, 7757054046, father)
INSERT INTO Carer (patient_no, carer_name, email, phone, relationship) VALUES (534402, carer54, carer54@gmail.com, 7249588321, uncle)
INSERT INTO Carer (patient_no, carer_name, email, phone, relationship) VALUES (300871, carer55, carer55@gmail.com, 7477560927, uncle)
INSERT INTO Carer (patient_no, carer_name, email, phone, relationship) VALUES (240771, carer56, carer56@gmail.com, 7960847964, father)
INSERT INTO Carer (patient_no, carer_name, email, phone, relationship) VALUES (841028, carer57, carer57@gmail.com, 7736697439, grandparent)
INSERT INTO Carer (patient_no, carer_name, email, phone, relationship) VALUES (100799, carer58, carer58@gmail.com, 7515558494, father)
INSERT INTO Carer (patient_no, carer_name, email, phone, relationship) VALUES (318489, carer59, carer59@gmail.com, 7143693917, grandparent)
INSERT INTO Carer (patient_no, carer_name, email, phone, relationship) VALUES (384262, carer60, carer60@gmail.com, 7005727324, uncle)
INSERT INTO Carer (patient_no, carer_name, email, phone, relationship) VALUES (751518, carer61, carer61@gmail.com, 7500570199, grandparent)
INSERT INTO Carer (patient_no, carer_name, email, phone, relationship) VALUES (675187, carer62, carer62@gmail.com, 7400993882, mother)
INSERT INTO Carer (patient_no, carer_name, email, phone, relationship) VALUES (140257, carer63, carer63@gmail.com, 7774625369, father)
INSERT INTO Carer (patient_no, carer_name, email, phone, relationship) VALUES (652356, carer64, carer64@gmail.com, 7602996823, father)
INSERT INTO Carer (patient_no, carer_name, email, phone, relationship) VALUES (58704, carer65, carer65@gmail.com, 7791554647, father)
INSERT INTO Carer (patient_no, carer_name, email, phone, relationship) VALUES (23310, carer66, carer66@gmail.com, 7624205390, father)
INSERT INTO Carer (patient_no, carer_name, email, phone, relationship) VALUES (226673, carer67, carer67@gmail.com, 7574188108, uncle)
INSERT INTO Carer (patient_no, carer_name, email, phone, relationship) VALUES (318489, carer68, carer68@gmail.com, 7852488267, uncle)
INSERT INTO Carer (patient_no, carer_name, email, phone, relationship) VALUES (293953, carer69, carer69@gmail.com, 7241806410, grandparent)
INSERT INTO Carer (patient_no, carer_name, email, phone, relationship) VALUES (745825, carer70, carer70@gmail.com, 7402705992, father)
INSERT INTO Carer (patient_no, carer_name, email, phone, relationship) VALUES (943209, carer71, carer71@gmail.com, 7492566600, father)
INSERT INTO Carer (patient_no, carer_name, email, phone, relationship) VALUES (420727, carer72, carer72@gmail.com, 7264824903, father)
INSERT INTO Carer (patient_no, carer_name, email, phone, relationship) VALUES (740222, carer73, carer73@gmail.com, 7210914374, mother)
INSERT INTO Carer (patient_no, carer_name, email, phone, relationship) VALUES (265114, carer74, carer74@gmail.com, 7053642308, father)
INSERT INTO Carer (patient_no, carer_name, email, phone, relationship) VALUES (588488, carer75, carer75@gmail.com, 7480450623, mother)
INSERT INTO Carer (patient_no, carer_name, email, phone, relationship) VALUES (79125, carer76, carer76@gmail.com, 7355480126, grandparent)
INSERT INTO Carer (patient_no, carer_name, email, phone, relationship) VALUES (742822, carer77, carer77@gmail.com, 7002869822, father)
INSERT INTO Carer (patient_no, carer_name, email, phone, relationship) VALUES (852582, carer78, carer78@gmail.com, 7427344956, grandparent)
INSERT INTO Carer (patient_no, carer_name, email, phone, relationship) VALUES (696131, carer79, carer79@gmail.com, 7933684277, grandparent)
INSERT INTO Carer (patient_no, carer_name, email, phone, relationship) VALUES (757220, carer80, carer80@gmail.com, 7665063988, grandparent)
INSERT INTO Carer (patient_no, carer_name, email, phone, relationship) VALUES (362154, carer81, carer81@gmail.com, 7746526769, mother)
INSERT INTO Carer (patient_no, carer_name, email, phone, relationship) VALUES (140257, carer82, carer82@gmail.com, 7093973040, uncle)
INSERT INTO Carer (patient_no, carer_name, email, phone, relationship) VALUES (28768, carer83, carer83@gmail.com, 7993261103, mother)
INSERT INTO Carer (patient_no, carer_name, email, phone, relationship) VALUES (457967, carer84, carer84@gmail.com, 7056757283, grandparent)
INSERT INTO Carer (patient_no, carer_name, email, phone, relationship) VALUES (614697, carer85, carer85@gmail.com, 7950709279, mother)
INSERT INTO Carer (patient_no, carer_name, email, phone, relationship) VALUES (28768, carer86, carer86@gmail.com, 7361064785, uncle)
INSERT INTO Carer (patient_no, carer_name, email, phone, relationship) VALUES (588488, carer87, carer87@gmail.com, 7226884125, uncle)
INSERT INTO Carer (patient_no, carer_name, email, phone, relationship) VALUES (420727, carer88, carer88@gmail.com, 7731279900, father)
INSERT INTO Carer (patient_no, carer_name, email, phone, relationship) VALUES (956322, carer89, carer89@gmail.com, 7511371801, uncle)
INSERT INTO Carer (patient_no, carer_name, email, phone, relationship) VALUES (801792, carer90, carer90@gmail.com, 7275087894, grandparent)
INSERT INTO Carer (patient_no, carer_name, email, phone, relationship) VALUES (72085, carer91, carer91@gmail.com, 7883712527, mother)
INSERT INTO Carer (patient_no, carer_name, email, phone, relationship) VALUES (37479, carer92, carer92@gmail.com, 7347663886, father)
INSERT INTO Carer (patient_no, carer_name, email, phone, relationship) VALUES (474913, carer93, carer93@gmail.com, 7697208843, grandparent)
INSERT INTO Carer (patient_no, carer_name, email, phone, relationship) VALUES (468492, carer94, carer94@gmail.com, 7036962822, grandparent)
INSERT INTO Carer (patient_no, carer_name, email, phone, relationship) VALUES (990640, carer95, carer95@gmail.com, 7495676422, uncle)
INSERT INTO Carer (patient_no, carer_name, email, phone, relationship) VALUES (652356, carer96, carer96@gmail.com, 7104127494, grandparent)
INSERT INTO Carer (patient_no, carer_name, email, phone, relationship) VALUES (652356, carer97, carer97@gmail.com, 7432700422, uncle)
INSERT INTO Carer (patient_no, carer_name, email, phone, relationship) VALUES (123075, carer98, carer98@gmail.com, 7885949956, mother)
INSERT INTO Carer (patient_no, carer_name, email, phone, relationship) VALUES (362154, carer99, carer99@gmail.com, 7048379391, uncle)

INSERT INTO Laboratory (lab_id, name, email) VALUES (0, lab0, lab0@gmail.com)
INSERT INTO Laboratory (lab_id, name, email) VALUES (1, lab1, lab1@gmail.com)
INSERT INTO Laboratory (lab_id, name, email) VALUES (2, lab2, lab2@gmail.com)
INSERT INTO Laboratory (lab_id, name, email) VALUES (3, lab3, lab3@gmail.com)
INSERT INTO Laboratory (lab_id, name, email) VALUES (4, lab4, lab4@gmail.com)
INSERT INTO Laboratory (lab_id, name, email) VALUES (5, lab5, lab5@gmail.com)
INSERT INTO Laboratory (lab_id, name, email) VALUES (6, lab6, lab6@gmail.com)
INSERT INTO Laboratory (lab_id, name, email) VALUES (7, lab7, lab7@gmail.com)
INSERT INTO Laboratory (lab_id, name, email) VALUES (8, lab8, lab8@gmail.com)
INSERT INTO Laboratory (lab_id, name, email) VALUES (9, lab9, lab9@gmail.com)

INSERT INTO Test (patient_no, first_due_date, frequency, laboratory, completed) VALUES (594604, 20180114, weekly, 6, yes)
INSERT INTO Test (patient_no, first_due_date, frequency, laboratory, completed) VALUES (37479, 20190925, weekly, 8, yes)
INSERT INTO Test (patient_no, first_due_date, frequency, laboratory, completed) VALUES (941436, 20190614, weekly, 0, in review)
INSERT INTO Test (patient_no, first_due_date, frequency, laboratory, completed) VALUES (399293, 20180114, weekly, 9, in review)
INSERT INTO Test (patient_no, first_due_date, frequency, laboratory, completed) VALUES (314270, 20181103, weekly, 1, in review)
INSERT INTO Test (patient_no, first_due_date, frequency, laboratory, completed) VALUES (907825, 20180212, weekly, 1, no)
INSERT INTO Test (patient_no, first_due_date, frequency, laboratory, completed) VALUES (786038, 20180524, weekly, 6, yes)
INSERT INTO Test (patient_no, first_due_date, frequency, laboratory, completed) VALUES (984118, 20181205, weekly, 3, yes)
INSERT INTO Test (patient_no, first_due_date, frequency, laboratory, completed) VALUES (943364, 20190616, weekly, 2, yes)
INSERT INTO Test (patient_no, first_due_date, frequency, laboratory, completed) VALUES (832925, 20191218, weekly, 4, no)
INSERT INTO Test (patient_no, first_due_date, frequency, laboratory, completed) VALUES (658584, 20180525, weekly, 5, in review)
INSERT INTO Test (patient_no, first_due_date, frequency, laboratory, completed) VALUES (332885, 20190218, weekly, 2, no)
INSERT INTO Test (patient_no, first_due_date, frequency, laboratory, completed) VALUES (696131, 20181009, weekly, 2, in review)
INSERT INTO Test (patient_no, first_due_date, frequency, laboratory, completed) VALUES (411158, 20180614, weekly, 7, no)
INSERT INTO Test (patient_no, first_due_date, frequency, laboratory, completed) VALUES (927110, 20180712, weekly, 2, yes)
INSERT INTO Test (patient_no, first_due_date, frequency, laboratory, completed) VALUES (420727, 20191319, weekly, 8, no)
INSERT INTO Test (patient_no, first_due_date, frequency, laboratory, completed) VALUES (369860, 20180723, weekly, 3, in review)
INSERT INTO Test (patient_no, first_due_date, frequency, laboratory, completed) VALUES (453800, 20180224, weekly, 3, in review)
INSERT INTO Test (patient_no, first_due_date, frequency, laboratory, completed) VALUES (714031, 20181302, weekly, 8, in review)
INSERT INTO Test (patient_no, first_due_date, frequency, laboratory, completed) VALUES (293953, 20180919, weekly, 2, in review)
INSERT INTO Test (patient_no, first_due_date, frequency, laboratory, completed) VALUES (322695, 20190603, weekly, 8, yes)
INSERT INTO Test (patient_no, first_due_date, frequency, laboratory, completed) VALUES (343966, 20190207, weekly, 9, no)
INSERT INTO Test (patient_no, first_due_date, frequency, laboratory, completed) VALUES (659173, 20191306, weekly, 4, yes)
INSERT INTO Test (patient_no, first_due_date, frequency, laboratory, completed) VALUES (323508, 20180819, weekly, 2, in review)
INSERT INTO Test (patient_no, first_due_date, frequency, laboratory, completed) VALUES (941705, 20180204, weekly, 7, no)
INSERT INTO Test (patient_no, first_due_date, frequency, laboratory, completed) VALUES (280433, 20180202, weekly, 3, no)
INSERT INTO Test (patient_no, first_due_date, frequency, laboratory, completed) VALUES (439463, 20180218, weekly, 2, no)
INSERT INTO Test (patient_no, first_due_date, frequency, laboratory, completed) VALUES (829034, 20180314, weekly, 7, yes)
INSERT INTO Test (patient_no, first_due_date, frequency, laboratory, completed) VALUES (984118, 20180519, weekly, 4, yes)
INSERT INTO Test (patient_no, first_due_date, frequency, laboratory, completed) VALUES (96144, 20180315, weekly, 5, in review)
INSERT INTO Test (patient_no, first_due_date, frequency, laboratory, completed) VALUES (859161, 20181310, weekly, 2, no)
INSERT INTO Test (patient_no, first_due_date, frequency, laboratory, completed) VALUES (557541, 20180703, weekly, 1, in review)
INSERT INTO Test (patient_no, first_due_date, frequency, laboratory, completed) VALUES (926923, 20190104, weekly, 6, no)
INSERT INTO Test (patient_no, first_due_date, frequency, laboratory, completed) VALUES (870453, 20180709, weekly, 9, yes)
INSERT INTO Test (patient_no, first_due_date, frequency, laboratory, completed) VALUES (434678, 20180121, weekly, 9, no)
INSERT INTO Test (patient_no, first_due_date, frequency, laboratory, completed) VALUES (534402, 20181016, weekly, 8, in review)
INSERT INTO Test (patient_no, first_due_date, frequency, laboratory, completed) VALUES (343966, 20180225, weekly, 0, yes)
INSERT INTO Test (patient_no, first_due_date, frequency, laboratory, completed) VALUES (371730, 20180317, weekly, 1, no)
INSERT INTO Test (patient_no, first_due_date, frequency, laboratory, completed) VALUES (7045, 20180709, weekly, 9, in review)
INSERT INTO Test (patient_no, first_due_date, frequency, laboratory, completed) VALUES (36247, 20190403, weekly, 3, in review)
INSERT INTO Test (patient_no, first_due_date, frequency, laboratory, completed) VALUES (359471, 20180613, weekly, 8, in review)
INSERT INTO Test (patient_no, first_due_date, frequency, laboratory, completed) VALUES (889822, 20181312, weekly, 3, no)
INSERT INTO Test (patient_no, first_due_date, frequency, laboratory, completed) VALUES (974343, 20180710, weekly, 1, in review)
INSERT INTO Test (patient_no, first_due_date, frequency, laboratory, completed) VALUES (635657, 20190603, weekly, 2, in review)
INSERT INTO Test (patient_no, first_due_date, frequency, laboratory, completed) VALUES (534402, 20180126, weekly, 9, no)
INSERT INTO Test (patient_no, first_due_date, frequency, laboratory, completed) VALUES (659173, 20180107, weekly, 9, no)
INSERT INTO Test (patient_no, first_due_date, frequency, laboratory, completed) VALUES (604267, 20181003, weekly, 9, no)
INSERT INTO Test (patient_no, first_due_date, frequency, laboratory, completed) VALUES (927110, 20180926, weekly, 2, in review)
INSERT INTO Test (patient_no, first_due_date, frequency, laboratory, completed) VALUES (852582, 20190121, weekly, 4, in review)
INSERT INTO Test (patient_no, first_due_date, frequency, laboratory, completed) VALUES (990640, 20190320, weekly, 3, in review)
INSERT INTO Test (patient_no, first_due_date, frequency, laboratory, completed) VALUES (541873, 20180116, weekly, 4, in review)
INSERT INTO Test (patient_no, first_due_date, frequency, laboratory, completed) VALUES (379980, 20190823, weekly, 0, yes)
INSERT INTO Test (patient_no, first_due_date, frequency, laboratory, completed) VALUES (36247, 20190910, weekly, 4, in review)
INSERT INTO Test (patient_no, first_due_date, frequency, laboratory, completed) VALUES (851922, 20180423, weekly, 4, no)
INSERT INTO Test (patient_no, first_due_date, frequency, laboratory, completed) VALUES (314270, 20180528, weekly, 0, in review)
INSERT INTO Test (patient_no, first_due_date, frequency, laboratory, completed) VALUES (379980, 20181006, weekly, 3, in review)
INSERT INTO Test (patient_no, first_due_date, frequency, laboratory, completed) VALUES (630206, 20180521, weekly, 8, yes)
INSERT INTO Test (patient_no, first_due_date, frequency, laboratory, completed) VALUES (502504, 20180827, weekly, 1, yes)
INSERT INTO Test (patient_no, first_due_date, frequency, laboratory, completed) VALUES (318897, 20180611, weekly, 3, in review)
INSERT INTO Test (patient_no, first_due_date, frequency, laboratory, completed) VALUES (839658, 20180922, weekly, 4, no)
INSERT INTO Test (patient_no, first_due_date, frequency, laboratory, completed) VALUES (620057, 20190317, weekly, 9, no)
INSERT INTO Test (patient_no, first_due_date, frequency, laboratory, completed) VALUES (588488, 20190318, weekly, 9, no)
INSERT INTO Test (patient_no, first_due_date, frequency, laboratory, completed) VALUES (108857, 20181303, weekly, 1, in review)
INSERT INTO Test (patient_no, first_due_date, frequency, laboratory, completed) VALUES (443750, 20180101, weekly, 6, no)
INSERT INTO Test (patient_no, first_due_date, frequency, laboratory, completed) VALUES (57148, 20190315, weekly, 6, yes)
INSERT INTO Test (patient_no, first_due_date, frequency, laboratory, completed) VALUES (941436, 20180920, weekly, 3, yes)
INSERT INTO Test (patient_no, first_due_date, frequency, laboratory, completed) VALUES (846082, 20191203, weekly, 1, in review)
INSERT INTO Test (patient_no, first_due_date, frequency, laboratory, completed) VALUES (369860, 20190310, weekly, 7, in review)
INSERT INTO Test (patient_no, first_due_date, frequency, laboratory, completed) VALUES (354775, 20181311, weekly, 2, yes)
INSERT INTO Test (patient_no, first_due_date, frequency, laboratory, completed) VALUES (793351, 20180910, weekly, 7, yes)
INSERT INTO Test (patient_no, first_due_date, frequency, laboratory, completed) VALUES (870453, 20191122, weekly, 7, in review)
INSERT INTO Test (patient_no, first_due_date, frequency, laboratory, completed) VALUES (579557, 20190215, weekly, 1, no)
INSERT INTO Test (patient_no, first_due_date, frequency, laboratory, completed) VALUES (433941, 20180827, weekly, 9, yes)
INSERT INTO Test (patient_no, first_due_date, frequency, laboratory, completed) VALUES (974343, 20190126, weekly, 6, yes)
INSERT INTO Test (patient_no, first_due_date, frequency, laboratory, completed) VALUES (338277, 20190509, weekly, 0, yes)
INSERT INTO Test (patient_no, first_due_date, frequency, laboratory, completed) VALUES (675187, 20180812, weekly, 3, in review)
INSERT INTO Test (patient_no, first_due_date, frequency, laboratory, completed) VALUES (780461, 20190619, weekly, 6, in review)
INSERT INTO Test (patient_no, first_due_date, frequency, laboratory, completed) VALUES (742822, 20190315, weekly, 0, yes)
INSERT INTO Test (patient_no, first_due_date, frequency, laboratory, completed) VALUES (117913, 20191328, weekly, 9, yes)
INSERT INTO Test (patient_no, first_due_date, frequency, laboratory, completed) VALUES (751518, 20190309, weekly, 5, in review)
INSERT INTO Test (patient_no, first_due_date, frequency, laboratory, completed) VALUES (37479, 20180112, weekly, 3, in review)
INSERT INTO Test (patient_no, first_due_date, frequency, laboratory, completed) VALUES (742822, 20191128, weekly, 2, in review)
INSERT INTO Test (patient_no, first_due_date, frequency, laboratory, completed) VALUES (194257, 20181326, weekly, 6, in review)
INSERT INTO Test (patient_no, first_due_date, frequency, laboratory, completed) VALUES (640786, 20190811, weekly, 1, in review)
INSERT INTO Test (patient_no, first_due_date, frequency, laboratory, completed) VALUES (318489, 20181325, weekly, 5, yes)
INSERT INTO Test (patient_no, first_due_date, frequency, laboratory, completed) VALUES (463713, 20190708, weekly, 8, in review)
INSERT INTO Test (patient_no, first_due_date, frequency, laboratory, completed) VALUES (585504, 20180418, weekly, 9, yes)
INSERT INTO Test (patient_no, first_due_date, frequency, laboratory, completed) VALUES (449140, 20180304, weekly, 5, no)
INSERT INTO Test (patient_no, first_due_date, frequency, laboratory, completed) VALUES (641742, 20180927, weekly, 8, no)
INSERT INTO Test (patient_no, first_due_date, frequency, laboratory, completed) VALUES (736638, 20181302, weekly, 0, in review)
INSERT INTO Test (patient_no, first_due_date, frequency, laboratory, completed) VALUES (343966, 20180509, weekly, 1, yes)
INSERT INTO Test (patient_no, first_due_date, frequency, laboratory, completed) VALUES (561409, 20180118, weekly, 1, yes)
INSERT INTO Test (patient_no, first_due_date, frequency, laboratory, completed) VALUES (736638, 20180127, weekly, 8, in review)
INSERT INTO Test (patient_no, first_due_date, frequency, laboratory, completed) VALUES (675187, 20181127, weekly, 8, in review)
INSERT INTO Test (patient_no, first_due_date, frequency, laboratory, completed) VALUES (463713, 20190818, weekly, 0, yes)
INSERT INTO Test (patient_no, first_due_date, frequency, laboratory, completed) VALUES (561409, 20180423, weekly, 2, in review)
INSERT INTO Test (patient_no, first_due_date, frequency, laboratory, completed) VALUES (956322, 20180522, weekly, 2, no)
INSERT INTO Test (patient_no, first_due_date, frequency, laboratory, completed) VALUES (736638, 20180225, weekly, 5, yes)
INSERT INTO Test (patient_no, first_due_date, frequency, laboratory, completed) VALUES (314270, 20180812, weekly, 8, no)
INSERT INTO Test (patient_no, first_due_date, frequency, laboratory, completed) VALUES (941705, 20190514, weekly, 8, in review)
