INSERT INTO Patient (patient_no, name, surname, email, phone) VALUES (477390, 'name477390', 'surname477390', 'patient477390@gmail.com', '7513334271')
INSERT INTO Patient (patient_no, name, surname, email, phone) VALUES (732678, 'name732678', 'surname732678', 'patient732678@gmail.com', '7494199806')
INSERT INTO Patient (patient_no, name, surname, email, phone) VALUES (262663, 'name262663', 'surname262663', 'patient262663@gmail.com', '7645001725')
INSERT INTO Patient (patient_no, name, surname, email, phone) VALUES (913420, 'name913420', 'surname913420', 'patient913420@gmail.com', '7242620412')
INSERT INTO Patient (patient_no, name, surname, email, phone) VALUES (654863, 'name654863', 'surname654863', 'patient654863@gmail.com', '7871856635')
INSERT INTO Patient (patient_no, name, surname, email, phone) VALUES (660498, 'name660498', 'surname660498', 'patient660498@gmail.com', '7645120506')
INSERT INTO Patient (patient_no, name, surname, email, phone) VALUES (965145, 'name965145', 'surname965145', 'patient965145@gmail.com', '7012181497')
INSERT INTO Patient (patient_no, name, surname, email, phone) VALUES (795165, 'name795165', 'surname795165', 'patient795165@gmail.com', '7585718776')
INSERT INTO Patient (patient_no, name, surname, email, phone) VALUES (292101, 'name292101', 'surname292101', 'patient292101@gmail.com', '7832552950')
INSERT INTO Patient (patient_no, name, surname, email, phone) VALUES (230946, 'name230946', 'surname230946', 'patient230946@gmail.com', '7926388222')
INSERT INTO Patient (patient_no, name, surname, email, phone) VALUES (570915, 'name570915', 'surname570915', 'patient570915@gmail.com', '7321816563')
INSERT INTO Patient (patient_no, name, surname, email, phone) VALUES (467462, 'name467462', 'surname467462', 'patient467462@gmail.com', '7219711470')
INSERT INTO Patient (patient_no, name, surname, email, phone) VALUES (575018, 'name575018', 'surname575018', 'patient575018@gmail.com', '7483349330')
INSERT INTO Patient (patient_no, name, surname, email, phone) VALUES (564779, 'name564779', 'surname564779', 'patient564779@gmail.com', '7074913771')
INSERT INTO Patient (patient_no, name, surname, email, phone) VALUES (999090, 'name999090', 'surname999090', 'patient999090@gmail.com', '7892460028')
INSERT INTO Patient (patient_no, name, surname, email, phone) VALUES (552497, 'name552497', 'surname552497', 'patient552497@gmail.com', '7878995025')
INSERT INTO Patient (patient_no, name, surname, email, phone) VALUES (995382, 'name995382', 'surname995382', 'patient995382@gmail.com', '7206349285')
INSERT INTO Patient (patient_no, name, surname, email, phone) VALUES (751671, 'name751671', 'surname751671', 'patient751671@gmail.com', '7899478945')
INSERT INTO Patient (patient_no, name, surname, email, phone) VALUES (838712, 'name838712', 'surname838712', 'patient838712@gmail.com', '7201999843')
INSERT INTO Patient (patient_no, name, surname, email, phone) VALUES (361019, 'name361019', 'surname361019', 'patient361019@gmail.com', '7905682914')
INSERT INTO Patient (patient_no, name, surname, email, phone) VALUES (416829, 'name416829', 'surname416829', 'patient416829@gmail.com', '7056527841')
INSERT INTO Patient (patient_no, name, surname, email, phone) VALUES (815167, 'name815167', 'surname815167', 'patient815167@gmail.com', '7185920479')
INSERT INTO Patient (patient_no, name, surname, email, phone) VALUES (979547, 'name979547', 'surname979547', 'patient979547@gmail.com', '7279201786')
INSERT INTO Patient (patient_no, name, surname, email, phone) VALUES (345670, 'name345670', 'surname345670', 'patient345670@gmail.com', '7519413003')
INSERT INTO Patient (patient_no, name, surname, email, phone) VALUES (891975, 'name891975', 'surname891975', 'patient891975@gmail.com', '7527145435')
INSERT INTO Patient (patient_no, name, surname, email, phone) VALUES (630856, 'name630856', 'surname630856', 'patient630856@gmail.com', '7524110810')
INSERT INTO Patient (patient_no, name, surname, email, phone) VALUES (58953, 'name58953', 'surname58953', 'patient58953@gmail.com', '7639974361')
INSERT INTO Patient (patient_no, name, surname, email, phone) VALUES (89674, 'name89674', 'surname89674', 'patient89674@gmail.com', '7730179922')
INSERT INTO Patient (patient_no, name, surname, email, phone) VALUES (743351, 'name743351', 'surname743351', 'patient743351@gmail.com', '7666094039')
INSERT INTO Patient (patient_no, name, surname, email, phone) VALUES (247041, 'name247041', 'surname247041', 'patient247041@gmail.com', '7933985235')
INSERT INTO Patient (patient_no, name, surname, email, phone) VALUES (631573, 'name631573', 'surname631573', 'patient631573@gmail.com', '7887383506')
INSERT INTO Patient (patient_no, name, surname, email, phone) VALUES (819790, 'name819790', 'surname819790', 'patient819790@gmail.com', '7376878545')
INSERT INTO Patient (patient_no, name, surname, email, phone) VALUES (733263, 'name733263', 'surname733263', 'patient733263@gmail.com', '7600420816')
INSERT INTO Patient (patient_no, name, surname, email, phone) VALUES (177080, 'name177080', 'surname177080', 'patient177080@gmail.com', '7064814669')
INSERT INTO Patient (patient_no, name, surname, email, phone) VALUES (424019, 'name424019', 'surname424019', 'patient424019@gmail.com', '7361763756')
INSERT INTO Patient (patient_no, name, surname, email, phone) VALUES (971860, 'name971860', 'surname971860', 'patient971860@gmail.com', '7716001741')
INSERT INTO Patient (patient_no, name, surname, email, phone) VALUES (966741, 'name966741', 'surname966741', 'patient966741@gmail.com', '7769818571')
INSERT INTO Patient (patient_no, name, surname, email, phone) VALUES (257113, 'name257113', 'surname257113', 'patient257113@gmail.com', '7648480201')
INSERT INTO Patient (patient_no, name, surname, email, phone) VALUES (571483, 'name571483', 'surname571483', 'patient571483@gmail.com', '7592489934')
INSERT INTO Patient (patient_no, name, surname, email, phone) VALUES (960954, 'name960954', 'surname960954', 'patient960954@gmail.com', '7521241031')
INSERT INTO Patient (patient_no, name, surname, email, phone) VALUES (247904, 'name247904', 'surname247904', 'patient247904@gmail.com', '7088950518')
INSERT INTO Patient (patient_no, name, surname, email, phone) VALUES (249441, 'name249441', 'surname249441', 'patient249441@gmail.com', '7335235523')
INSERT INTO Patient (patient_no, name, surname, email, phone) VALUES (527461, 'name527461', 'surname527461', 'patient527461@gmail.com', '7163268544')
INSERT INTO Patient (patient_no, name, surname, email, phone) VALUES (432745, 'name432745', 'surname432745', 'patient432745@gmail.com', '7564811509')
INSERT INTO Patient (patient_no, name, surname, email, phone) VALUES (240768, 'name240768', 'surname240768', 'patient240768@gmail.com', '7416688573')
INSERT INTO Patient (patient_no, name, surname, email, phone) VALUES (291947, 'name291947', 'surname291947', 'patient291947@gmail.com', '7971526076')
INSERT INTO Patient (patient_no, name, surname, email, phone) VALUES (548893, 'name548893', 'surname548893', 'patient548893@gmail.com', '7041988535')
INSERT INTO Patient (patient_no, name, surname, email, phone) VALUES (142445, 'name142445', 'surname142445', 'patient142445@gmail.com', '7121895302')
INSERT INTO Patient (patient_no, name, surname, email, phone) VALUES (94318, 'name94318', 'surname94318', 'patient94318@gmail.com', '7458138726')
INSERT INTO Patient (patient_no, name, surname, email, phone) VALUES (54895, 'name54895', 'surname54895', 'patient54895@gmail.com', '7868526004')
INSERT INTO Patient (patient_no, name, surname, email, phone) VALUES (613488, 'name613488', 'surname613488', 'patient613488@gmail.com', '7946555826')
INSERT INTO Patient (patient_no, name, surname, email, phone) VALUES (22641, 'name22641', 'surname22641', 'patient22641@gmail.com', '7752576945')
INSERT INTO Patient (patient_no, name, surname, email, phone) VALUES (874938, 'name874938', 'surname874938', 'patient874938@gmail.com', '7750544816')
INSERT INTO Patient (patient_no, name, surname, email, phone) VALUES (72821, 'name72821', 'surname72821', 'patient72821@gmail.com', '7670792110')
INSERT INTO Patient (patient_no, name, surname, email, phone) VALUES (607356, 'name607356', 'surname607356', 'patient607356@gmail.com', '7100153773')
INSERT INTO Patient (patient_no, name, surname, email, phone) VALUES (804990, 'name804990', 'surname804990', 'patient804990@gmail.com', '7708922796')
INSERT INTO Patient (patient_no, name, surname, email, phone) VALUES (165653, 'name165653', 'surname165653', 'patient165653@gmail.com', '7971800491')
INSERT INTO Patient (patient_no, name, surname, email, phone) VALUES (942720, 'name942720', 'surname942720', 'patient942720@gmail.com', '7294736545')
INSERT INTO Patient (patient_no, name, surname, email, phone) VALUES (244865, 'name244865', 'surname244865', 'patient244865@gmail.com', '7400158873')
INSERT INTO Patient (patient_no, name, surname, email, phone) VALUES (142466, 'name142466', 'surname142466', 'patient142466@gmail.com', '7898402214')
INSERT INTO Patient (patient_no, name, surname, email, phone) VALUES (308867, 'name308867', 'surname308867', 'patient308867@gmail.com', '7780638629')
INSERT INTO Patient (patient_no, name, surname, email, phone) VALUES (165508, 'name165508', 'surname165508', 'patient165508@gmail.com', '7247831707')
INSERT INTO Patient (patient_no, name, surname, email, phone) VALUES (485313, 'name485313', 'surname485313', 'patient485313@gmail.com', '7154915746')
INSERT INTO Patient (patient_no, name, surname, email, phone) VALUES (676491, 'name676491', 'surname676491', 'patient676491@gmail.com', '7255361264')
INSERT INTO Patient (patient_no, name, surname, email, phone) VALUES (296078, 'name296078', 'surname296078', 'patient296078@gmail.com', '7421990304')
INSERT INTO Patient (patient_no, name, surname, email, phone) VALUES (205677, 'name205677', 'surname205677', 'patient205677@gmail.com', '7082606405')
INSERT INTO Patient (patient_no, name, surname, email, phone) VALUES (425106, 'name425106', 'surname425106', 'patient425106@gmail.com', '7350880812')
INSERT INTO Patient (patient_no, name, surname, email, phone) VALUES (452035, 'name452035', 'surname452035', 'patient452035@gmail.com', '7814222748')
INSERT INTO Patient (patient_no, name, surname, email, phone) VALUES (264852, 'name264852', 'surname264852', 'patient264852@gmail.com', '7598644635')
INSERT INTO Patient (patient_no, name, surname, email, phone) VALUES (222870, 'name222870', 'surname222870', 'patient222870@gmail.com', '7426377279')
INSERT INTO Patient (patient_no, name, surname, email, phone) VALUES (651887, 'name651887', 'surname651887', 'patient651887@gmail.com', '7841569945')
INSERT INTO Patient (patient_no, name, surname, email, phone) VALUES (780445, 'name780445', 'surname780445', 'patient780445@gmail.com', '7844887957')
INSERT INTO Patient (patient_no, name, surname, email, phone) VALUES (402373, 'name402373', 'surname402373', 'patient402373@gmail.com', '7611577236')
INSERT INTO Patient (patient_no, name, surname, email, phone) VALUES (791719, 'name791719', 'surname791719', 'patient791719@gmail.com', '7421997458')
INSERT INTO Patient (patient_no, name, surname, email, phone) VALUES (862376, 'name862376', 'surname862376', 'patient862376@gmail.com', '7231273358')
INSERT INTO Patient (patient_no, name, surname, email, phone) VALUES (544428, 'name544428', 'surname544428', 'patient544428@gmail.com', '7456865915')
INSERT INTO Patient (patient_no, name, surname, email, phone) VALUES (250541, 'name250541', 'surname250541', 'patient250541@gmail.com', '7473535370')
INSERT INTO Patient (patient_no, name, surname, email, phone) VALUES (29359, 'name29359', 'surname29359', 'patient29359@gmail.com', '7145388422')
INSERT INTO Patient (patient_no, name, surname, email, phone) VALUES (808626, 'name808626', 'surname808626', 'patient808626@gmail.com', '7791887237')
INSERT INTO Patient (patient_no, name, surname, email, phone) VALUES (109236, 'name109236', 'surname109236', 'patient109236@gmail.com', '7450805124')
INSERT INTO Patient (patient_no, name, surname, email, phone) VALUES (352439, 'name352439', 'surname352439', 'patient352439@gmail.com', '7220016875')
INSERT INTO Patient (patient_no, name, surname, email, phone) VALUES (314422, 'name314422', 'surname314422', 'patient314422@gmail.com', '7606635925')
INSERT INTO Patient (patient_no, name, surname, email, phone) VALUES (502133, 'name502133', 'surname502133', 'patient502133@gmail.com', '7754563085')
INSERT INTO Patient (patient_no, name, surname, email, phone) VALUES (913462, 'name913462', 'surname913462', 'patient913462@gmail.com', '7970250619')
INSERT INTO Patient (patient_no, name, surname, email, phone) VALUES (324814, 'name324814', 'surname324814', 'patient324814@gmail.com', '7508551033')
INSERT INTO Patient (patient_no, name, surname, email, phone) VALUES (437968, 'name437968', 'surname437968', 'patient437968@gmail.com', '7685511031')
INSERT INTO Patient (patient_no, name, surname, email, phone) VALUES (170706, 'name170706', 'surname170706', 'patient170706@gmail.com', '7995857782')
INSERT INTO Patient (patient_no, name, surname, email, phone) VALUES (927779, 'name927779', 'surname927779', 'patient927779@gmail.com', '7051949940')
INSERT INTO Patient (patient_no, name, surname, email, phone) VALUES (646869, 'name646869', 'surname646869', 'patient646869@gmail.com', '7751236979')
INSERT INTO Patient (patient_no, name, surname, email, phone) VALUES (217, 'name217', 'surname217', 'patient217@gmail.com', '7280909167')
INSERT INTO Patient (patient_no, name, surname, email, phone) VALUES (536798, 'name536798', 'surname536798', 'patient536798@gmail.com', '7307949931')
INSERT INTO Patient (patient_no, name, surname, email, phone) VALUES (949120, 'name949120', 'surname949120', 'patient949120@gmail.com', '7102971507')
INSERT INTO Patient (patient_no, name, surname, email, phone) VALUES (309990, 'name309990', 'surname309990', 'patient309990@gmail.com', '7925225320')
INSERT INTO Patient (patient_no, name, surname, email, phone) VALUES (857319, 'name857319', 'surname857319', 'patient857319@gmail.com', '7951109991')
INSERT INTO Patient (patient_no, name, surname, email, phone) VALUES (998126, 'name998126', 'surname998126', 'patient998126@gmail.com', '7336250213')
INSERT INTO Patient (patient_no, name, surname, email, phone) VALUES (6674, 'name6674', 'surname6674', 'patient6674@gmail.com', '7202977122')
INSERT INTO Patient (patient_no, name, surname, email, phone) VALUES (82164, 'name82164', 'surname82164', 'patient82164@gmail.com', '7038845791')
INSERT INTO Patient (patient_no, name, surname, email, phone) VALUES (103669, 'name103669', 'surname103669', 'patient103669@gmail.com', '7780049246')
INSERT INTO Patient (patient_no, name, surname, email, phone) VALUES (538358, 'name538358', 'surname538358', 'patient538358@gmail.com', '7179209871')
INSERT INTO Patient (patient_no, name, surname, email, phone) VALUES (959738, 'name959738', 'surname959738', 'patient959738@gmail.com', '7427298138')
INSERT INTO Patient (patient_no, name, surname, email, phone) VALUES (731387, 'name731387', 'surname731387', 'patient731387@gmail.com', '7024470873')
INSERT INTO Patient (patient_no, name, surname, email, phone) VALUES (207100, 'name207100', 'surname207100', 'patient207100@gmail.com', '7296723800')
INSERT INTO Patient (patient_no, name, surname, email, phone) VALUES (974589, 'name974589', 'surname974589', 'patient974589@gmail.com', '7993204793')
INSERT INTO Patient (patient_no, name, surname, email, phone) VALUES (299775, 'name299775', 'surname299775', 'patient299775@gmail.com', '7959897430')
INSERT INTO Patient (patient_no, name, surname, email, phone) VALUES (45184, 'name45184', 'surname45184', 'patient45184@gmail.com', '7342050645')
INSERT INTO Patient (patient_no, name, surname, email, phone) VALUES (445701, 'name445701', 'surname445701', 'patient445701@gmail.com', '7201339220')
INSERT INTO Patient (patient_no, name, surname, email, phone) VALUES (918278, 'name918278', 'surname918278', 'patient918278@gmail.com', '7078602066')
INSERT INTO Patient (patient_no, name, surname, email, phone) VALUES (389895, 'name389895', 'surname389895', 'patient389895@gmail.com', '7656058424')
INSERT INTO Patient (patient_no, name, surname, email, phone) VALUES (711950, 'name711950', 'surname711950', 'patient711950@gmail.com', '7794807119')
INSERT INTO Patient (patient_no, name, surname, email, phone) VALUES (575249, 'name575249', 'surname575249', 'patient575249@gmail.com', '7228936014')
INSERT INTO Patient (patient_no, name, surname, email, phone) VALUES (127252, 'name127252', 'surname127252', 'patient127252@gmail.com', '7452224994')
INSERT INTO Patient (patient_no, name, surname, email, phone) VALUES (807701, 'name807701', 'surname807701', 'patient807701@gmail.com', '7499294024')
INSERT INTO Patient (patient_no, name, surname, email, phone) VALUES (82649, 'name82649', 'surname82649', 'patient82649@gmail.com', '7934362439')
INSERT INTO Patient (patient_no, name, surname, email, phone) VALUES (633632, 'name633632', 'surname633632', 'patient633632@gmail.com', '7097206086')
INSERT INTO Patient (patient_no, name, surname, email, phone) VALUES (752417, 'name752417', 'surname752417', 'patient752417@gmail.com', '7662932805')
INSERT INTO Patient (patient_no, name, surname, email, phone) VALUES (535849, 'name535849', 'surname535849', 'patient535849@gmail.com', '7844544873')
INSERT INTO Patient (patient_no, name, surname, email, phone) VALUES (384811, 'name384811', 'surname384811', 'patient384811@gmail.com', '7110596417')
INSERT INTO Patient (patient_no, name, surname, email, phone) VALUES (1325, 'name1325', 'surname1325', 'patient1325@gmail.com', '7013868351')
INSERT INTO Patient (patient_no, name, surname, email, phone) VALUES (282715, 'name282715', 'surname282715', 'patient282715@gmail.com', '7313517886')
INSERT INTO Patient (patient_no, name, surname, email, phone) VALUES (726805, 'name726805', 'surname726805', 'patient726805@gmail.com', '7086927932')
INSERT INTO Patient (patient_no, name, surname, email, phone) VALUES (415029, 'name415029', 'surname415029', 'patient415029@gmail.com', '7158291770')
INSERT INTO Patient (patient_no, name, surname, email, phone) VALUES (816438, 'name816438', 'surname816438', 'patient816438@gmail.com', '7278186205')
INSERT INTO Patient (patient_no, name, surname, email, phone) VALUES (199992, 'name199992', 'surname199992', 'patient199992@gmail.com', '7886961801')
INSERT INTO Patient (patient_no, name, surname, email, phone) VALUES (882489, 'name882489', 'surname882489', 'patient882489@gmail.com', '7589209398')
INSERT INTO Patient (patient_no, name, surname, email, phone) VALUES (578877, 'name578877', 'surname578877', 'patient578877@gmail.com', '7970937566')
INSERT INTO Patient (patient_no, name, surname, email, phone) VALUES (649534, 'name649534', 'surname649534', 'patient649534@gmail.com', '7575403828')
INSERT INTO Patient (patient_no, name, surname, email, phone) VALUES (548159, 'name548159', 'surname548159', 'patient548159@gmail.com', '7765361458')
INSERT INTO Patient (patient_no, name, surname, email, phone) VALUES (59716, 'name59716', 'surname59716', 'patient59716@gmail.com', '7130552456')
INSERT INTO Patient (patient_no, name, surname, email, phone) VALUES (28982, 'name28982', 'surname28982', 'patient28982@gmail.com', '7337280303')
INSERT INTO Patient (patient_no, name, surname, email, phone) VALUES (267849, 'name267849', 'surname267849', 'patient267849@gmail.com', '7304392494')
INSERT INTO Patient (patient_no, name, surname, email, phone) VALUES (422215, 'name422215', 'surname422215', 'patient422215@gmail.com', '7284119858')
INSERT INTO Patient (patient_no, name, surname, email, phone) VALUES (9034, 'name9034', 'surname9034', 'patient9034@gmail.com', '7287443243')
INSERT INTO Patient (patient_no, name, surname, email, phone) VALUES (555853, 'name555853', 'surname555853', 'patient555853@gmail.com', '7137758506')
INSERT INTO Patient (patient_no, name, surname, email, phone) VALUES (839431, 'name839431', 'surname839431', 'patient839431@gmail.com', '7366148904')
INSERT INTO Patient (patient_no, name, surname, email, phone) VALUES (257080, 'name257080', 'surname257080', 'patient257080@gmail.com', '7245912359')
INSERT INTO Patient (patient_no, name, surname, email, phone) VALUES (417619, 'name417619', 'surname417619', 'patient417619@gmail.com', '7709728549')
INSERT INTO Patient (patient_no, name, surname, email, phone) VALUES (833880, 'name833880', 'surname833880', 'patient833880@gmail.com', '7148880161')
INSERT INTO Patient (patient_no, name, surname, email, phone) VALUES (282969, 'name282969', 'surname282969', 'patient282969@gmail.com', '7315554181')
INSERT INTO Patient (patient_no, name, surname, email, phone) VALUES (172890, 'name172890', 'surname172890', 'patient172890@gmail.com', '7939778332')
INSERT INTO Patient (patient_no, name, surname, email, phone) VALUES (145244, 'name145244', 'surname145244', 'patient145244@gmail.com', '7759696345')
INSERT INTO Patient (patient_no, name, surname, email, phone) VALUES (514397, 'name514397', 'surname514397', 'patient514397@gmail.com', '7080584021')
INSERT INTO Patient (patient_no, name, surname, email, phone) VALUES (667374, 'name667374', 'surname667374', 'patient667374@gmail.com', '7497035028')
INSERT INTO Patient (patient_no, name, surname, email, phone) VALUES (857446, 'name857446', 'surname857446', 'patient857446@gmail.com', '7431600403')
INSERT INTO Patient (patient_no, name, surname, email, phone) VALUES (960359, 'name960359', 'surname960359', 'patient960359@gmail.com', '7591235857')
INSERT INTO Patient (patient_no, name, surname, email, phone) VALUES (156013, 'name156013', 'surname156013', 'patient156013@gmail.com', '7373446189')
INSERT INTO Patient (patient_no, name, surname, email, phone) VALUES (867696, 'name867696', 'surname867696', 'patient867696@gmail.com', '7037833998')
INSERT INTO Patient (patient_no, name, surname, email, phone) VALUES (484721, 'name484721', 'surname484721', 'patient484721@gmail.com', '7280295693')
INSERT INTO Patient (patient_no, name, surname, email, phone) VALUES (815475, 'name815475', 'surname815475', 'patient815475@gmail.com', '7277331724')
INSERT INTO Patient (patient_no, name, surname, email, phone) VALUES (401214, 'name401214', 'surname401214', 'patient401214@gmail.com', '7609003787')
INSERT INTO Patient (patient_no, name, surname, email, phone) VALUES (783222, 'name783222', 'surname783222', 'patient783222@gmail.com', '7565724865')
INSERT INTO Patient (patient_no, name, surname, email, phone) VALUES (427895, 'name427895', 'surname427895', 'patient427895@gmail.com', '7066060844')
INSERT INTO Patient (patient_no, name, surname, email, phone) VALUES (425629, 'name425629', 'surname425629', 'patient425629@gmail.com', '7946923782')
INSERT INTO Patient (patient_no, name, surname, email, phone) VALUES (838023, 'name838023', 'surname838023', 'patient838023@gmail.com', '7415150806')
INSERT INTO Patient (patient_no, name, surname, email, phone) VALUES (830344, 'name830344', 'surname830344', 'patient830344@gmail.com', '7781757384')
INSERT INTO Patient (patient_no, name, surname, email, phone) VALUES (913300, 'name913300', 'surname913300', 'patient913300@gmail.com', '7735262979')
INSERT INTO Patient (patient_no, name, surname, email, phone) VALUES (433045, 'name433045', 'surname433045', 'patient433045@gmail.com', '7570279168')
INSERT INTO Patient (patient_no, name, surname, email, phone) VALUES (680859, 'name680859', 'surname680859', 'patient680859@gmail.com', '7872075007')
INSERT INTO Patient (patient_no, name, surname, email, phone) VALUES (112029, 'name112029', 'surname112029', 'patient112029@gmail.com', '7172398846')
INSERT INTO Patient (patient_no, name, surname, email, phone) VALUES (39326, 'name39326', 'surname39326', 'patient39326@gmail.com', '7046525179')
INSERT INTO Patient (patient_no, name, surname, email, phone) VALUES (595364, 'name595364', 'surname595364', 'patient595364@gmail.com', '7660763382')
INSERT INTO Patient (patient_no, name, surname, email, phone) VALUES (221095, 'name221095', 'surname221095', 'patient221095@gmail.com', '7408580222')
INSERT INTO Patient (patient_no, name, surname, email, phone) VALUES (822696, 'name822696', 'surname822696', 'patient822696@gmail.com', '7500453672')
INSERT INTO Patient (patient_no, name, surname, email, phone) VALUES (638381, 'name638381', 'surname638381', 'patient638381@gmail.com', '7336875760')
INSERT INTO Patient (patient_no, name, surname, email, phone) VALUES (725422, 'name725422', 'surname725422', 'patient725422@gmail.com', '7935206127')
INSERT INTO Patient (patient_no, name, surname, email, phone) VALUES (898205, 'name898205', 'surname898205', 'patient898205@gmail.com', '7090586350')
INSERT INTO Patient (patient_no, name, surname, email, phone) VALUES (581555, 'name581555', 'surname581555', 'patient581555@gmail.com', '7583967469')
INSERT INTO Patient (patient_no, name, surname, email, phone) VALUES (708020, 'name708020', 'surname708020', 'patient708020@gmail.com', '7668273900')
INSERT INTO Patient (patient_no, name, surname, email, phone) VALUES (569270, 'name569270', 'surname569270', 'patient569270@gmail.com', '7891672811')
INSERT INTO Patient (patient_no, name, surname, email, phone) VALUES (822199, 'name822199', 'surname822199', 'patient822199@gmail.com', '7476202859')
INSERT INTO Patient (patient_no, name, surname, email, phone) VALUES (192440, 'name192440', 'surname192440', 'patient192440@gmail.com', '7573017832')
INSERT INTO Patient (patient_no, name, surname, email, phone) VALUES (117690, 'name117690', 'surname117690', 'patient117690@gmail.com', '7803908326')
INSERT INTO Patient (patient_no, name, surname, email, phone) VALUES (931999, 'name931999', 'surname931999', 'patient931999@gmail.com', '7836171492')
INSERT INTO Patient (patient_no, name, surname, email, phone) VALUES (720202, 'name720202', 'surname720202', 'patient720202@gmail.com', '7150039267')
INSERT INTO Patient (patient_no, name, surname, email, phone) VALUES (990143, 'name990143', 'surname990143', 'patient990143@gmail.com', '7249455855')
INSERT INTO Patient (patient_no, name, surname, email, phone) VALUES (934337, 'name934337', 'surname934337', 'patient934337@gmail.com', '7469128656')
INSERT INTO Patient (patient_no, name, surname, email, phone) VALUES (626115, 'name626115', 'surname626115', 'patient626115@gmail.com', '7992656421')
INSERT INTO Patient (patient_no, name, surname, email, phone) VALUES (464837, 'name464837', 'surname464837', 'patient464837@gmail.com', '7283828446')
INSERT INTO Patient (patient_no, name, surname, email, phone) VALUES (330712, 'name330712', 'surname330712', 'patient330712@gmail.com', '7918163677')
INSERT INTO Patient (patient_no, name, surname, email, phone) VALUES (830410, 'name830410', 'surname830410', 'patient830410@gmail.com', '7855668444')
INSERT INTO Patient (patient_no, name, surname, email, phone) VALUES (970191, 'name970191', 'surname970191', 'patient970191@gmail.com', '7303446747')
INSERT INTO Patient (patient_no, name, surname, email, phone) VALUES (298963, 'name298963', 'surname298963', 'patient298963@gmail.com', '7861869189')
INSERT INTO Patient (patient_no, name, surname, email, phone) VALUES (276436, 'name276436', 'surname276436', 'patient276436@gmail.com', '7176450774')
INSERT INTO Patient (patient_no, name, surname, email, phone) VALUES (814550, 'name814550', 'surname814550', 'patient814550@gmail.com', '7040468693')
INSERT INTO Patient (patient_no, name, surname, email, phone) VALUES (991704, 'name991704', 'surname991704', 'patient991704@gmail.com', '7045045971')
INSERT INTO Patient (patient_no, name, surname, email, phone) VALUES (955355, 'name955355', 'surname955355', 'patient955355@gmail.com', '7195927159')
INSERT INTO Patient (patient_no, name, surname, email, phone) VALUES (431586, 'name431586', 'surname431586', 'patient431586@gmail.com', '7850522825')
INSERT INTO Patient (patient_no, name, surname, email, phone) VALUES (418555, 'name418555', 'surname418555', 'patient418555@gmail.com', '7582844872')
INSERT INTO Patient (patient_no, name, surname, email, phone) VALUES (584676, 'name584676', 'surname584676', 'patient584676@gmail.com', '7868361859')
INSERT INTO Patient (patient_no, name, surname, email, phone) VALUES (344549, 'name344549', 'surname344549', 'patient344549@gmail.com', '7136458946')
INSERT INTO Patient (patient_no, name, surname, email, phone) VALUES (190954, 'name190954', 'surname190954', 'patient190954@gmail.com', '7253686961')
INSERT INTO Patient (patient_no, name, surname, email, phone) VALUES (277483, 'name277483', 'surname277483', 'patient277483@gmail.com', '7803707071')
INSERT INTO Patient (patient_no, name, surname, email, phone) VALUES (708589, 'name708589', 'surname708589', 'patient708589@gmail.com', '7373351102')
INSERT INTO Patient (patient_no, name, surname, email, phone) VALUES (62888, 'name62888', 'surname62888', 'patient62888@gmail.com', '7654059197')
INSERT INTO Patient (patient_no, name, surname, email, phone) VALUES (304118, 'name304118', 'surname304118', 'patient304118@gmail.com', '7310190093')
INSERT INTO Patient (patient_no, name, surname, email, phone) VALUES (123896, 'name123896', 'surname123896', 'patient123896@gmail.com', '7170433140')
INSERT INTO Patient (patient_no, name, surname, email, phone) VALUES (946772, 'name946772', 'surname946772', 'patient946772@gmail.com', '7297224393')
INSERT INTO Patient (patient_no, name, surname, email, phone) VALUES (252410, 'name252410', 'surname252410', 'patient252410@gmail.com', '7598086326')
INSERT INTO Patient (patient_no, name, surname, email, phone) VALUES (445947, 'name445947', 'surname445947', 'patient445947@gmail.com', '7191359156')
INSERT INTO Patient (patient_no, name, surname, email, phone) VALUES (649546, 'name649546', 'surname649546', 'patient649546@gmail.com', '7665625203')
INSERT INTO Patient (patient_no, name, surname, email, phone) VALUES (800767, 'name800767', 'surname800767', 'patient800767@gmail.com', '7629222065')

INSERT INTO Carer (patient_no, carer_name, email, phone, relationship) VALUES (282715, 'carer0', 'carer0@gmail.com', '7049311919', 'father')
INSERT INTO Carer (patient_no, carer_name, email, phone, relationship) VALUES (649534, 'carer1', 'carer1@gmail.com', '7242432684', 'grandparent')
INSERT INTO Carer (patient_no, carer_name, email, phone, relationship) VALUES (59716, 'carer2', 'carer2@gmail.com', '7802144425', 'grandparent')
INSERT INTO Carer (patient_no, carer_name, email, phone, relationship) VALUES (112029, 'carer3', 'carer3@gmail.com', '7828715176', 'father')
INSERT INTO Carer (patient_no, carer_name, email, phone, relationship) VALUES (991704, 'carer4', 'carer4@gmail.com', '7203350183', 'mother')
INSERT INTO Carer (patient_no, carer_name, email, phone, relationship) VALUES (252410, 'carer5', 'carer5@gmail.com', '7250492070', 'mother')
INSERT INTO Carer (patient_no, carer_name, email, phone, relationship) VALUES (891975, 'carer6', 'carer6@gmail.com', '7124945573', 'uncle')
INSERT INTO Carer (patient_no, carer_name, email, phone, relationship) VALUES (445947, 'carer7', 'carer7@gmail.com', '7348969122', 'mother')
INSERT INTO Carer (patient_no, carer_name, email, phone, relationship) VALUES (999090, 'carer8', 'carer8@gmail.com', '7440775841', 'grandparent')
INSERT INTO Carer (patient_no, carer_name, email, phone, relationship) VALUES (720202, 'carer9', 'carer9@gmail.com', '7663310496', 'mother')
INSERT INTO Carer (patient_no, carer_name, email, phone, relationship) VALUES (401214, 'carer10', 'carer10@gmail.com', '7670203548', 'mother')
INSERT INTO Carer (patient_no, carer_name, email, phone, relationship) VALUES (626115, 'carer11', 'carer11@gmail.com', '7785105563', 'father')
INSERT INTO Carer (patient_no, carer_name, email, phone, relationship) VALUES (578877, 'carer12', 'carer12@gmail.com', '7893937817', 'uncle')
INSERT INTO Carer (patient_no, carer_name, email, phone, relationship) VALUES (708589, 'carer13', 'carer13@gmail.com', '7308828697', 'uncle')
INSERT INTO Carer (patient_no, carer_name, email, phone, relationship) VALUES (960359, 'carer14', 'carer14@gmail.com', '7484106902', 'uncle')
INSERT INTO Carer (patient_no, carer_name, email, phone, relationship) VALUES (170706, 'carer15', 'carer15@gmail.com', '7664990357', 'mother')
INSERT INTO Carer (patient_no, carer_name, email, phone, relationship) VALUES (437968, 'carer16', 'carer16@gmail.com', '7637815235', 'father')
INSERT INTO Carer (patient_no, carer_name, email, phone, relationship) VALUES (536798, 'carer17', 'carer17@gmail.com', '7942027921', 'mother')
INSERT INTO Carer (patient_no, carer_name, email, phone, relationship) VALUES (654863, 'carer18', 'carer18@gmail.com', '7924928751', 'uncle')
INSERT INTO Carer (patient_no, carer_name, email, phone, relationship) VALUES (555853, 'carer19', 'carer19@gmail.com', '7949230221', 'father')
INSERT INTO Carer (patient_no, carer_name, email, phone, relationship) VALUES (535849, 'carer20', 'carer20@gmail.com', '7157745292', 'grandparent')
INSERT INTO Carer (patient_no, carer_name, email, phone, relationship) VALUES (402373, 'carer21', 'carer21@gmail.com', '7382620268', 'grandparent')
INSERT INTO Carer (patient_no, carer_name, email, phone, relationship) VALUES (780445, 'carer22', 'carer22@gmail.com', '7768531592', 'father')
INSERT INTO Carer (patient_no, carer_name, email, phone, relationship) VALUES (29359, 'carer23', 'carer23@gmail.com', '7519574663', 'mother')
INSERT INTO Carer (patient_no, carer_name, email, phone, relationship) VALUES (257113, 'carer24', 'carer24@gmail.com', '7855749765', 'father')
INSERT INTO Carer (patient_no, carer_name, email, phone, relationship) VALUES (527461, 'carer25', 'carer25@gmail.com', '7731532419', 'father')
INSERT INTO Carer (patient_no, carer_name, email, phone, relationship) VALUES (974589, 'carer26', 'carer26@gmail.com', '7140740114', 'grandparent')
INSERT INTO Carer (patient_no, carer_name, email, phone, relationship) VALUES (630856, 'carer27', 'carer27@gmail.com', '7824930737', 'father')
INSERT INTO Carer (patient_no, carer_name, email, phone, relationship) VALUES (484721, 'carer28', 'carer28@gmail.com', '7418820734', 'father')
INSERT INTO Carer (patient_no, carer_name, email, phone, relationship) VALUES (998126, 'carer29', 'carer29@gmail.com', '7317800370', 'grandparent')
INSERT INTO Carer (patient_no, carer_name, email, phone, relationship) VALUES (464837, 'carer30', 'carer30@gmail.com', '7802828412', 'father')
INSERT INTO Carer (patient_no, carer_name, email, phone, relationship) VALUES (292101, 'carer31', 'carer31@gmail.com', '7835825787', 'father')
INSERT INTO Carer (patient_no, carer_name, email, phone, relationship) VALUES (445701, 'carer32', 'carer32@gmail.com', '7597111416', 'uncle')
INSERT INTO Carer (patient_no, carer_name, email, phone, relationship) VALUES (552497, 'carer33', 'carer33@gmail.com', '7936272503', 'uncle')
INSERT INTO Carer (patient_no, carer_name, email, phone, relationship) VALUES (536798, 'carer34', 'carer34@gmail.com', '7691831924', 'grandparent')
INSERT INTO Carer (patient_no, carer_name, email, phone, relationship) VALUES (638381, 'carer35', 'carer35@gmail.com', '7599944979', 'mother')
INSERT INTO Carer (patient_no, carer_name, email, phone, relationship) VALUES (584676, 'carer36', 'carer36@gmail.com', '7674958063', 'mother')
INSERT INTO Carer (patient_no, carer_name, email, phone, relationship) VALUES (112029, 'carer37', 'carer37@gmail.com', '7940195949', 'father')
INSERT INTO Carer (patient_no, carer_name, email, phone, relationship) VALUES (708020, 'carer38', 'carer38@gmail.com', '7759033487', 'mother')
INSERT INTO Carer (patient_no, carer_name, email, phone, relationship) VALUES (959738, 'carer39', 'carer39@gmail.com', '7924078012', 'father')
INSERT INTO Carer (patient_no, carer_name, email, phone, relationship) VALUES (514397, 'carer40', 'carer40@gmail.com', '7249992853', 'uncle')
INSERT INTO Carer (patient_no, carer_name, email, phone, relationship) VALUES (808626, 'carer41', 'carer41@gmail.com', '7655734886', 'uncle')
INSERT INTO Carer (patient_no, carer_name, email, phone, relationship) VALUES (999090, 'carer42', 'carer42@gmail.com', '7618390630', 'mother')
INSERT INTO Carer (patient_no, carer_name, email, phone, relationship) VALUES (199992, 'carer43', 'carer43@gmail.com', '7467315812', 'father')
INSERT INTO Carer (patient_no, carer_name, email, phone, relationship) VALUES (432745, 'carer44', 'carer44@gmail.com', '7510652003', 'mother')
INSERT INTO Carer (patient_no, carer_name, email, phone, relationship) VALUES (417619, 'carer45', 'carer45@gmail.com', '7884746850', 'father')
INSERT INTO Carer (patient_no, carer_name, email, phone, relationship) VALUES (6674, 'carer46', 'carer46@gmail.com', '7578226784', 'grandparent')
INSERT INTO Carer (patient_no, carer_name, email, phone, relationship) VALUES (743351, 'carer47', 'carer47@gmail.com', '7169872479', 'uncle')
INSERT INTO Carer (patient_no, carer_name, email, phone, relationship) VALUES (142445, 'carer48', 'carer48@gmail.com', '7933188092', 'grandparent')
INSERT INTO Carer (patient_no, carer_name, email, phone, relationship) VALUES (361019, 'carer49', 'carer49@gmail.com', '7481250908', 'uncle')
INSERT INTO Carer (patient_no, carer_name, email, phone, relationship) VALUES (217, 'carer50', 'carer50@gmail.com', '7305940571', 'father')
INSERT INTO Carer (patient_no, carer_name, email, phone, relationship) VALUES (142466, 'carer51', 'carer51@gmail.com', '7115797593', 'father')
INSERT INTO Carer (patient_no, carer_name, email, phone, relationship) VALUES (244865, 'carer52', 'carer52@gmail.com', '7474906943', 'father')
INSERT INTO Carer (patient_no, carer_name, email, phone, relationship) VALUES (966741, 'carer53', 'carer53@gmail.com', '7699998295', 'father')
INSERT INTO Carer (patient_no, carer_name, email, phone, relationship) VALUES (815475, 'carer54', 'carer54@gmail.com', '7156928085', 'uncle')
INSERT INTO Carer (patient_no, carer_name, email, phone, relationship) VALUES (548893, 'carer55', 'carer55@gmail.com', '7621595732', 'grandparent')
INSERT INTO Carer (patient_no, carer_name, email, phone, relationship) VALUES (995382, 'carer56', 'carer56@gmail.com', '7358763107', 'uncle')
INSERT INTO Carer (patient_no, carer_name, email, phone, relationship) VALUES (780445, 'carer57', 'carer57@gmail.com', '7807334456', 'uncle')
INSERT INTO Carer (patient_no, carer_name, email, phone, relationship) VALUES (247904, 'carer58', 'carer58@gmail.com', '7779160676', 'mother')
INSERT INTO Carer (patient_no, carer_name, email, phone, relationship) VALUES (800767, 'carer59', 'carer59@gmail.com', '7960222799', 'uncle')
INSERT INTO Carer (patient_no, carer_name, email, phone, relationship) VALUES (170706, 'carer60', 'carer60@gmail.com', '7100151394', 'mother')
INSERT INTO Carer (patient_no, carer_name, email, phone, relationship) VALUES (431586, 'carer61', 'carer61@gmail.com', '7662979511', 'grandparent')
INSERT INTO Carer (patient_no, carer_name, email, phone, relationship) VALUES (631573, 'carer62', 'carer62@gmail.com', '7450923006', 'uncle')
INSERT INTO Carer (patient_no, carer_name, email, phone, relationship) VALUES (974589, 'carer63', 'carer63@gmail.com', '7681166262', 'mother')
INSERT INTO Carer (patient_no, carer_name, email, phone, relationship) VALUES (217, 'carer64', 'carer64@gmail.com', '7569160971', 'father')
INSERT INTO Carer (patient_no, carer_name, email, phone, relationship) VALUES (217, 'carer65', 'carer65@gmail.com', '7427745344', 'uncle')
INSERT INTO Carer (patient_no, carer_name, email, phone, relationship) VALUES (667374, 'carer66', 'carer66@gmail.com', '7460151359', 'grandparent')
INSERT INTO Carer (patient_no, carer_name, email, phone, relationship) VALUES (711950, 'carer67', 'carer67@gmail.com', '7332024381', 'uncle')
INSERT INTO Carer (patient_no, carer_name, email, phone, relationship) VALUES (192440, 'carer68', 'carer68@gmail.com', '7692995132', 'uncle')
INSERT INTO Carer (patient_no, carer_name, email, phone, relationship) VALUES (638381, 'carer69', 'carer69@gmail.com', '7707684532', 'father')
INSERT INTO Carer (patient_no, carer_name, email, phone, relationship) VALUES (970191, 'carer70', 'carer70@gmail.com', '7045462584', 'father')
INSERT INTO Carer (patient_no, carer_name, email, phone, relationship) VALUES (222870, 'carer71', 'carer71@gmail.com', '7940168713', 'father')
INSERT INTO Carer (patient_no, carer_name, email, phone, relationship) VALUES (112029, 'carer72', 'carer72@gmail.com', '7130273361', 'uncle')
INSERT INTO Carer (patient_no, carer_name, email, phone, relationship) VALUES (445701, 'carer73', 'carer73@gmail.com', '7961740852', 'mother')
INSERT INTO Carer (patient_no, carer_name, email, phone, relationship) VALUES (6674, 'carer74', 'carer74@gmail.com', '7190705201', 'father')
INSERT INTO Carer (patient_no, carer_name, email, phone, relationship) VALUES (998126, 'carer75', 'carer75@gmail.com', '7645252335', 'father')
INSERT INTO Carer (patient_no, carer_name, email, phone, relationship) VALUES (867696, 'carer76', 'carer76@gmail.com', '7588778029', 'uncle')
INSERT INTO Carer (patient_no, carer_name, email, phone, relationship) VALUES (966741, 'carer77', 'carer77@gmail.com', '7310684716', 'father')
INSERT INTO Carer (patient_no, carer_name, email, phone, relationship) VALUES (960359, 'carer78', 'carer78@gmail.com', '7049900586', 'uncle')
INSERT INTO Carer (patient_no, carer_name, email, phone, relationship) VALUES (464837, 'carer79', 'carer79@gmail.com', '7751041063', 'uncle')
INSERT INTO Carer (patient_no, carer_name, email, phone, relationship) VALUES (267849, 'carer80', 'carer80@gmail.com', '7056447750', 'mother')
INSERT INTO Carer (patient_no, carer_name, email, phone, relationship) VALUES (199992, 'carer81', 'carer81@gmail.com', '7698739231', 'uncle')
INSERT INTO Carer (patient_no, carer_name, email, phone, relationship) VALUES (708020, 'carer82', 'carer82@gmail.com', '7519818781', 'grandparent')
INSERT INTO Carer (patient_no, carer_name, email, phone, relationship) VALUES (304118, 'carer83', 'carer83@gmail.com', '7751794714', 'father')
INSERT INTO Carer (patient_no, carer_name, email, phone, relationship) VALUES (324814, 'carer84', 'carer84@gmail.com', '7662319108', 'father')
INSERT INTO Carer (patient_no, carer_name, email, phone, relationship) VALUES (282969, 'carer85', 'carer85@gmail.com', '7856588889', 'uncle')
INSERT INTO Carer (patient_no, carer_name, email, phone, relationship) VALUES (89674, 'carer86', 'carer86@gmail.com', '7181119577', 'uncle')
INSERT INTO Carer (patient_no, carer_name, email, phone, relationship) VALUES (422215, 'carer87', 'carer87@gmail.com', '7079069204', 'father')
INSERT INTO Carer (patient_no, carer_name, email, phone, relationship) VALUES (54895, 'carer88', 'carer88@gmail.com', '7541031799', 'mother')
INSERT INTO Carer (patient_no, carer_name, email, phone, relationship) VALUES (731387, 'carer89', 'carer89@gmail.com', '7098937874', 'father')
INSERT INTO Carer (patient_no, carer_name, email, phone, relationship) VALUES (9034, 'carer90', 'carer90@gmail.com', '7857410063', 'father')
INSERT INTO Carer (patient_no, carer_name, email, phone, relationship) VALUES (708020, 'carer91', 'carer91@gmail.com', '7795873293', 'father')
INSERT INTO Carer (patient_no, carer_name, email, phone, relationship) VALUES (477390, 'carer92', 'carer92@gmail.com', '7650492332', 'uncle')
INSERT INTO Carer (patient_no, carer_name, email, phone, relationship) VALUES (308867, 'carer93', 'carer93@gmail.com', '7337257480', 'grandparent')
INSERT INTO Carer (patient_no, carer_name, email, phone, relationship) VALUES (913420, 'carer94', 'carer94@gmail.com', '7174589447', 'father')
INSERT INTO Carer (patient_no, carer_name, email, phone, relationship) VALUES (207100, 'carer95', 'carer95@gmail.com', '7688192518', 'father')
INSERT INTO Carer (patient_no, carer_name, email, phone, relationship) VALUES (276436, 'carer96', 'carer96@gmail.com', '7260337669', 'uncle')
INSERT INTO Carer (patient_no, carer_name, email, phone, relationship) VALUES (384811, 'carer97', 'carer97@gmail.com', '7585049092', 'mother')
INSERT INTO Carer (patient_no, carer_name, email, phone, relationship) VALUES (415029, 'carer98', 'carer98@gmail.com', '7573949954', 'mother')
INSERT INTO Carer (patient_no, carer_name, email, phone, relationship) VALUES (324814, 'carer99', 'carer99@gmail.com', '7500441521', 'mother')

INSERT INTO Laboratory (lab_id, name, email) VALUES (0, 'lab0', 'lab0@gmail.com')
INSERT INTO Laboratory (lab_id, name, email) VALUES (1, 'lab1', 'lab1@gmail.com')
INSERT INTO Laboratory (lab_id, name, email) VALUES (2, 'lab2', 'lab2@gmail.com')
INSERT INTO Laboratory (lab_id, name, email) VALUES (3, 'lab3', 'lab3@gmail.com')
INSERT INTO Laboratory (lab_id, name, email) VALUES (4, 'lab4', 'lab4@gmail.com')
INSERT INTO Laboratory (lab_id, name, email) VALUES (5, 'lab5', 'lab5@gmail.com')
INSERT INTO Laboratory (lab_id, name, email) VALUES (6, 'lab6', 'lab6@gmail.com')
INSERT INTO Laboratory (lab_id, name, email) VALUES (7, 'lab7', 'lab7@gmail.com')
INSERT INTO Laboratory (lab_id, name, email) VALUES (8, 'lab8', 'lab8@gmail.com')
INSERT INTO Laboratory (lab_id, name, email) VALUES (9, 'lab9', 'lab9@gmail.com')

INSERT INTO Test (patient_no, first_due_date, frequency, laboratory, completed) VALUES (752417, 20181002, 'weekly', 8, 'no')
INSERT INTO Test (patient_no, first_due_date, frequency, laboratory, completed) VALUES (165653, 20181215, 'weekly', 3, 'in review')
INSERT INTO Test (patient_no, first_due_date, frequency, laboratory, completed) VALUES (720202, 20190820, 'weekly', 0, 'in review')
INSERT INTO Test (patient_no, first_due_date, frequency, laboratory, completed) VALUES (514397, 20181017, 'weekly', 1, 'yes')
INSERT INTO Test (patient_no, first_due_date, frequency, laboratory, completed) VALUES (708020, 20180817, 'weekly', 1, 'no')
INSERT INTO Test (patient_no, first_due_date, frequency, laboratory, completed) VALUES (733263, 20180710, 'weekly', 9, 'in review')
INSERT INTO Test (patient_no, first_due_date, frequency, laboratory, completed) VALUES (649534, 20190113, 'weekly', 3, 'in review')
INSERT INTO Test (patient_no, first_due_date, frequency, laboratory, completed) VALUES (431586, 20180621, 'weekly', 4, 'yes')
INSERT INTO Test (patient_no, first_due_date, frequency, laboratory, completed) VALUES (389895, 20190412, 'weekly', 6, 'yes')
INSERT INTO Test (patient_no, first_due_date, frequency, laboratory, completed) VALUES (708020, 20180526, 'weekly', 0, 'yes')
INSERT INTO Test (patient_no, first_due_date, frequency, laboratory, completed) VALUES (726805, 20180710, 'weekly', 7, 'no')
INSERT INTO Test (patient_no, first_due_date, frequency, laboratory, completed) VALUES (345670, 20190116, 'weekly', 6, 'in review')
INSERT INTO Test (patient_no, first_due_date, frequency, laboratory, completed) VALUES (651887, 20190924, 'weekly', 0, 'yes')
INSERT INTO Test (patient_no, first_due_date, frequency, laboratory, completed) VALUES (344549, 20181109, 'weekly', 0, 'no')
INSERT INTO Test (patient_no, first_due_date, frequency, laboratory, completed) VALUES (575249, 20181201, 'weekly', 0, 'no')
INSERT INTO Test (patient_no, first_due_date, frequency, laboratory, completed) VALUES (291947, 20180717, 'weekly', 1, 'yes')
INSERT INTO Test (patient_no, first_due_date, frequency, laboratory, completed) VALUES (264852, 20180418, 'weekly', 1, 'yes')
INSERT INTO Test (patient_no, first_due_date, frequency, laboratory, completed) VALUES (142466, 20190106, 'weekly', 6, 'no')
INSERT INTO Test (patient_no, first_due_date, frequency, laboratory, completed) VALUES (979547, 20190510, 'weekly', 2, 'yes')
INSERT INTO Test (patient_no, first_due_date, frequency, laboratory, completed) VALUES (979547, 20180208, 'weekly', 6, 'in review')
INSERT INTO Test (patient_no, first_due_date, frequency, laboratory, completed) VALUES (575018, 20180421, 'weekly', 1, 'no')
INSERT INTO Test (patient_no, first_due_date, frequency, laboratory, completed) VALUES (425629, 20180320, 'weekly', 3, 'yes')
INSERT INTO Test (patient_no, first_due_date, frequency, laboratory, completed) VALUES (552497, 20180515, 'weekly', 9, 'no')
INSERT INTO Test (patient_no, first_due_date, frequency, laboratory, completed) VALUES (58953, 20190814, 'weekly', 7, 'no')
INSERT INTO Test (patient_no, first_due_date, frequency, laboratory, completed) VALUES (384811, 20180809, 'weekly', 0, 'in review')
INSERT INTO Test (patient_no, first_due_date, frequency, laboratory, completed) VALUES (552497, 20181011, 'weekly', 0, 'yes')
INSERT INTO Test (patient_no, first_due_date, frequency, laboratory, completed) VALUES (752417, 20180919, 'weekly', 8, 'no')
INSERT INTO Test (patient_no, first_due_date, frequency, laboratory, completed) VALUES (117690, 20180826, 'weekly', 1, 'yes')
INSERT INTO Test (patient_no, first_due_date, frequency, laboratory, completed) VALUES (965145, 20181019, 'weekly', 9, 'yes')
INSERT INTO Test (patient_no, first_due_date, frequency, laboratory, completed) VALUES (109236, 20181008, 'weekly', 0, 'no')
INSERT INTO Test (patient_no, first_due_date, frequency, laboratory, completed) VALUES (613488, 20180201, 'weekly', 4, 'yes')
INSERT INTO Test (patient_no, first_due_date, frequency, laboratory, completed) VALUES (344549, 20180718, 'weekly', 4, 'yes')
INSERT INTO Test (patient_no, first_due_date, frequency, laboratory, completed) VALUES (292101, 20181319, 'weekly', 1, 'no')
INSERT INTO Test (patient_no, first_due_date, frequency, laboratory, completed) VALUES (974589, 20191016, 'weekly', 6, 'no')
INSERT INTO Test (patient_no, first_due_date, frequency, laboratory, completed) VALUES (127252, 20180801, 'weekly', 0, 'in review')
INSERT INTO Test (patient_no, first_due_date, frequency, laboratory, completed) VALUES (995382, 20190921, 'weekly', 4, 'yes')
INSERT INTO Test (patient_no, first_due_date, frequency, laboratory, completed) VALUES (82164, 20181305, 'weekly', 3, 'yes')
INSERT INTO Test (patient_no, first_due_date, frequency, laboratory, completed) VALUES (819790, 20191009, 'weekly', 3, 'yes')
INSERT INTO Test (patient_no, first_due_date, frequency, laboratory, completed) VALUES (998126, 20181225, 'weekly', 6, 'yes')
INSERT INTO Test (patient_no, first_due_date, frequency, laboratory, completed) VALUES (247904, 20180605, 'weekly', 9, 'in review')
INSERT INTO Test (patient_no, first_due_date, frequency, laboratory, completed) VALUES (633632, 20181303, 'weekly', 7, 'yes')
INSERT INTO Test (patient_no, first_due_date, frequency, laboratory, completed) VALUES (630856, 20191008, 'weekly', 8, 'yes')
INSERT INTO Test (patient_no, first_due_date, frequency, laboratory, completed) VALUES (424019, 20180711, 'weekly', 3, 'no')
INSERT INTO Test (patient_no, first_due_date, frequency, laboratory, completed) VALUES (296078, 20191223, 'weekly', 7, 'no')
INSERT INTO Test (patient_no, first_due_date, frequency, laboratory, completed) VALUES (998126, 20180702, 'weekly', 6, 'in review')
INSERT INTO Test (patient_no, first_due_date, frequency, laboratory, completed) VALUES (165653, 20190513, 'weekly', 6, 'yes')
INSERT INTO Test (patient_no, first_due_date, frequency, laboratory, completed) VALUES (822199, 20190518, 'weekly', 4, 'yes')
INSERT INTO Test (patient_no, first_due_date, frequency, laboratory, completed) VALUES (425629, 20180901, 'weekly', 9, 'no')
INSERT INTO Test (patient_no, first_due_date, frequency, laboratory, completed) VALUES (199992, 20180715, 'weekly', 8, 'yes')
INSERT INTO Test (patient_no, first_due_date, frequency, laboratory, completed) VALUES (145244, 20180621, 'weekly', 1, 'in review')
INSERT INTO Test (patient_no, first_due_date, frequency, laboratory, completed) VALUES (485313, 20181118, 'weekly', 7, 'yes')
INSERT INTO Test (patient_no, first_due_date, frequency, laboratory, completed) VALUES (538358, 20181118, 'weekly', 1, 'yes')
INSERT INTO Test (patient_no, first_due_date, frequency, laboratory, completed) VALUES (960954, 20180301, 'weekly', 5, 'no')
INSERT INTO Test (patient_no, first_due_date, frequency, laboratory, completed) VALUES (221095, 20181006, 'weekly', 8, 'yes')
INSERT INTO Test (patient_no, first_due_date, frequency, laboratory, completed) VALUES (979547, 20181209, 'weekly', 0, 'no')
INSERT INTO Test (patient_no, first_due_date, frequency, laboratory, completed) VALUES (838712, 20190202, 'weekly', 1, 'no')
INSERT INTO Test (patient_no, first_due_date, frequency, laboratory, completed) VALUES (190954, 20180307, 'weekly', 3, 'no')
INSERT INTO Test (patient_no, first_due_date, frequency, laboratory, completed) VALUES (959738, 20180705, 'weekly', 6, 'yes')
INSERT INTO Test (patient_no, first_due_date, frequency, laboratory, completed) VALUES (882489, 20180807, 'weekly', 7, 'in review')
INSERT INTO Test (patient_no, first_due_date, frequency, laboratory, completed) VALUES (304118, 20180909, 'weekly', 3, 'yes')
INSERT INTO Test (patient_no, first_due_date, frequency, laboratory, completed) VALUES (949120, 20190211, 'weekly', 6, 'yes')
INSERT INTO Test (patient_no, first_due_date, frequency, laboratory, completed) VALUES (417619, 20190605, 'weekly', 9, 'yes')
INSERT INTO Test (patient_no, first_due_date, frequency, laboratory, completed) VALUES (838712, 20180108, 'weekly', 6, 'yes')
INSERT INTO Test (patient_no, first_due_date, frequency, laboratory, completed) VALUES (230946, 20190804, 'weekly', 9, 'yes')
INSERT INTO Test (patient_no, first_due_date, frequency, laboratory, completed) VALUES (72821, 20180310, 'weekly', 3, 'yes')
INSERT INTO Test (patient_no, first_due_date, frequency, laboratory, completed) VALUES (250541, 20180222, 'weekly', 5, 'yes')
INSERT INTO Test (patient_no, first_due_date, frequency, laboratory, completed) VALUES (417619, 20181127, 'weekly', 1, 'in review')
INSERT INTO Test (patient_no, first_due_date, frequency, laboratory, completed) VALUES (59716, 20181224, 'weekly', 6, 'in review')
INSERT INTO Test (patient_no, first_due_date, frequency, laboratory, completed) VALUES (89674, 20180722, 'weekly', 4, 'in review')
INSERT INTO Test (patient_no, first_due_date, frequency, laboratory, completed) VALUES (250541, 20190423, 'weekly', 9, 'yes')
INSERT INTO Test (patient_no, first_due_date, frequency, laboratory, completed) VALUES (477390, 20181325, 'weekly', 9, 'yes')
INSERT INTO Test (patient_no, first_due_date, frequency, laboratory, completed) VALUES (651887, 20180826, 'weekly', 0, 'no')
INSERT INTO Test (patient_no, first_due_date, frequency, laboratory, completed) VALUES (389895, 20180721, 'weekly', 0, 'no')
INSERT INTO Test (patient_no, first_due_date, frequency, laboratory, completed) VALUES (424019, 20190722, 'weekly', 2, 'yes')
INSERT INTO Test (patient_no, first_due_date, frequency, laboratory, completed) VALUES (971860, 20180805, 'weekly', 9, 'no')
INSERT INTO Test (patient_no, first_due_date, frequency, laboratory, completed) VALUES (425629, 20180110, 'weekly', 2, 'in review')
INSERT INTO Test (patient_no, first_due_date, frequency, laboratory, completed) VALUES (732678, 20190203, 'weekly', 2, 'yes')
INSERT INTO Test (patient_no, first_due_date, frequency, laboratory, completed) VALUES (389895, 20180605, 'weekly', 3, 'no')
INSERT INTO Test (patient_no, first_due_date, frequency, laboratory, completed) VALUES (361019, 20180828, 'weekly', 6, 'yes')
INSERT INTO Test (patient_no, first_due_date, frequency, laboratory, completed) VALUES (535849, 20181020, 'weekly', 6, 'yes')
INSERT INTO Test (patient_no, first_due_date, frequency, laboratory, completed) VALUES (485313, 20180303, 'weekly', 7, 'in review')
INSERT INTO Test (patient_no, first_due_date, frequency, laboratory, completed) VALUES (857446, 20181216, 'weekly', 0, 'in review')
INSERT INTO Test (patient_no, first_due_date, frequency, laboratory, completed) VALUES (1325, 20190709, 'weekly', 9, 'no')
INSERT INTO Test (patient_no, first_due_date, frequency, laboratory, completed) VALUES (276436, 20180807, 'weekly', 3, 'no')
INSERT INTO Test (patient_no, first_due_date, frequency, laboratory, completed) VALUES (416829, 20191216, 'weekly', 5, 'in review')
INSERT INTO Test (patient_no, first_due_date, frequency, laboratory, completed) VALUES (257080, 20180513, 'weekly', 2, 'in review')
INSERT INTO Test (patient_no, first_due_date, frequency, laboratory, completed) VALUES (979547, 20181222, 'weekly', 7, 'in review')
INSERT INTO Test (patient_no, first_due_date, frequency, laboratory, completed) VALUES (467462, 20180320, 'weekly', 3, 'no')
INSERT INTO Test (patient_no, first_due_date, frequency, laboratory, completed) VALUES (780445, 20181206, 'weekly', 3, 'no')
INSERT INTO Test (patient_no, first_due_date, frequency, laboratory, completed) VALUES (838023, 20180723, 'weekly', 1, 'no')
INSERT INTO Test (patient_no, first_due_date, frequency, laboratory, completed) VALUES (72821, 20180217, 'weekly', 5, 'no')
INSERT INTO Test (patient_no, first_due_date, frequency, laboratory, completed) VALUES (815167, 20180423, 'weekly', 8, 'no')
INSERT INTO Test (patient_no, first_due_date, frequency, laboratory, completed) VALUES (913462, 20180318, 'weekly', 4, 'yes')
INSERT INTO Test (patient_no, first_due_date, frequency, laboratory, completed) VALUES (344549, 20180712, 'weekly', 8, 'no')
INSERT INTO Test (patient_no, first_due_date, frequency, laboratory, completed) VALUES (891975, 20190204, 'weekly', 0, 'yes')
INSERT INTO Test (patient_no, first_due_date, frequency, laboratory, completed) VALUES (264852, 20180515, 'weekly', 2, 'no')
INSERT INTO Test (patient_no, first_due_date, frequency, laboratory, completed) VALUES (822199, 20180409, 'weekly', 7, 'no')
INSERT INTO Test (patient_no, first_due_date, frequency, laboratory, completed) VALUES (58953, 20180615, 'weekly', 8, 'no')
INSERT INTO Test (patient_no, first_due_date, frequency, laboratory, completed) VALUES (425629, 20181123, 'weekly', 6, 'in review')
INSERT INTO Test (patient_no, first_due_date, frequency, laboratory, completed) VALUES (222870, 20190614, 'weekly', 4, 'no')
