-- This is a generated file. Please, do not modify it manually.

USE BloodTestDB;

DELETE FROM Carer;
DELETE FROM Test;
DELETE FROM Patient;
DELETE FROM Laboratory;
DELETE FROM TokenControl;

INSERT INTO Laboratory (lab_id, lab_name, lab_email) VALUES (1, 'lab1', 'lab1@gmail.com');
INSERT INTO Laboratory (lab_id, lab_name, lab_email) VALUES (2, 'lab2', 'lab2@gmail.com');
INSERT INTO Laboratory (lab_id, lab_name, lab_email) VALUES (3, 'lab3', 'lab3@gmail.com');
INSERT INTO Laboratory (lab_id, lab_name, lab_email) VALUES (4, 'lab4', 'lab4@gmail.com');
INSERT INTO Laboratory (lab_id, lab_name, lab_email) VALUES (5, 'lab5', 'lab5@gmail.com');
INSERT INTO Laboratory (lab_id, lab_name, lab_email) VALUES (6, 'lab6', 'lab6@gmail.com');
INSERT INTO Laboratory (lab_id, lab_name, lab_email) VALUES (7, 'lab7', 'lab7@gmail.com');
INSERT INTO Laboratory (lab_id, lab_name, lab_email) VALUES (8, 'lab8', 'lab8@gmail.com');
INSERT INTO Laboratory (lab_id, lab_name, lab_email) VALUES (9, 'lab9', 'lab9@gmail.com');
INSERT INTO Laboratory (lab_id, lab_name, lab_email) VALUES (10, 'lab10', 'lab10@gmail.com');

INSERT INTO Patient (patient_no, patient_name, patient_surname, patient_email, patient_phone, lab_id) VALUES ('871430', 'name871430', 'surname871430', 'patient871430@gmail.com', '7499477503', 1);
INSERT INTO Patient (patient_no, patient_name, patient_surname, patient_email, patient_phone, lab_id) VALUES ('356936', 'name356936', 'surname356936', 'patient356936@gmail.com', '7731186497', 5);
INSERT INTO Patient (patient_no, patient_name, patient_surname, patient_email, patient_phone, lab_id) VALUES ('257545', 'name257545', 'surname257545', 'patient257545@gmail.com', '7275835901', 6);
INSERT INTO Patient (patient_no, patient_name, patient_surname, patient_email, patient_phone, lab_id) VALUES ('400907', 'name400907', 'surname400907', 'patient400907@gmail.com', '7313192444', 6);
INSERT INTO Patient (patient_no, patient_name, patient_surname, patient_email, patient_phone, lab_id) VALUES ('995852', 'name995852', 'surname995852', 'patient995852@gmail.com', '7170713595', 5);
INSERT INTO Patient (patient_no, patient_name, patient_surname, patient_email, patient_phone, lab_id) VALUES ('641040', 'name641040', 'surname641040', 'patient641040@gmail.com', '7665612832', 7);
INSERT INTO Patient (patient_no, patient_name, patient_surname, patient_email, patient_phone, lab_id) VALUES ('469524', 'name469524', 'surname469524', 'patient469524@gmail.com', '7571722233', 4);
INSERT INTO Patient (patient_no, patient_name, patient_surname, patient_email, patient_phone, lab_id) VALUES ('940567', 'name940567', 'surname940567', 'patient940567@gmail.com', '7995349417', 3);
INSERT INTO Patient (patient_no, patient_name, patient_surname, patient_email, patient_phone, lab_id) VALUES ('929304', 'name929304', 'surname929304', 'patient929304@gmail.com', '7167126006', 10);
INSERT INTO Patient (patient_no, patient_name, patient_surname, patient_email, patient_phone, lab_id) VALUES ('636442', 'name636442', 'surname636442', 'patient636442@gmail.com', '7182804468', 8);
INSERT INTO Patient (patient_no, patient_name, patient_surname, patient_email, patient_phone, lab_id) VALUES ('953007', 'name953007', 'surname953007', 'patient953007@gmail.com', '7645982803', 8);
INSERT INTO Patient (patient_no, patient_name, patient_surname, patient_email, patient_phone, lab_id) VALUES ('436252', 'name436252', 'surname436252', 'patient436252@gmail.com', '7077900273', 3);
INSERT INTO Patient (patient_no, patient_name, patient_surname, patient_email, patient_phone, lab_id) VALUES ('999453', 'name999453', 'surname999453', 'patient999453@gmail.com', '7890642415', 4);
INSERT INTO Patient (patient_no, patient_name, patient_surname, patient_email, patient_phone, lab_id) VALUES ('242207', 'name242207', 'surname242207', 'patient242207@gmail.com', '7615482860', 9);
INSERT INTO Patient (patient_no, patient_name, patient_surname, patient_email, patient_phone, lab_id) VALUES ('994339', 'name994339', 'surname994339', 'patient994339@gmail.com', '7486142716', 4);
INSERT INTO Patient (patient_no, patient_name, patient_surname, patient_email, patient_phone, lab_id) VALUES ('350762', 'name350762', 'surname350762', 'patient350762@gmail.com', '7120568296', 2);
INSERT INTO Patient (patient_no, patient_name, patient_surname, patient_email, patient_phone, lab_id) VALUES ('314119', 'name314119', 'surname314119', 'patient314119@gmail.com', '7949342183', 9);
INSERT INTO Patient (patient_no, patient_name, patient_surname, patient_email, patient_phone, lab_id) VALUES ('959020', 'name959020', 'surname959020', 'patient959020@gmail.com', '7201426406', 4);
INSERT INTO Patient (patient_no, patient_name, patient_surname, patient_email, patient_phone, lab_id) VALUES ('199725', 'name199725', 'surname199725', 'patient199725@gmail.com', '7353921509', 6);
INSERT INTO Patient (patient_no, patient_name, patient_surname, patient_email, patient_phone, lab_id) VALUES ('435247', 'name435247', 'surname435247', 'patient435247@gmail.com', '7322366435', 3);
INSERT INTO Patient (patient_no, patient_name, patient_surname, patient_email, patient_phone, lab_id) VALUES ('428080', 'name428080', 'surname428080', 'patient428080@gmail.com', '7721395170', 8);
INSERT INTO Patient (patient_no, patient_name, patient_surname, patient_email, patient_phone, lab_id) VALUES ('647730', 'name647730', 'surname647730', 'patient647730@gmail.com', '7378212517', 3);
INSERT INTO Patient (patient_no, patient_name, patient_surname, patient_email, patient_phone, lab_id) VALUES ('753075', 'name753075', 'surname753075', 'patient753075@gmail.com', '7903924190', 7);
INSERT INTO Patient (patient_no, patient_name, patient_surname, patient_email, patient_phone, lab_id) VALUES ('966708', 'name966708', 'surname966708', 'patient966708@gmail.com', '7951661818', 9);
INSERT INTO Patient (patient_no, patient_name, patient_surname, patient_email, patient_phone, lab_id) VALUES ('230461', 'name230461', 'surname230461', 'patient230461@gmail.com', '7012666332', 2);
INSERT INTO Patient (patient_no, patient_name, patient_surname, patient_email, patient_phone, lab_id) VALUES ('421443', 'name421443', 'surname421443', 'patient421443@gmail.com', '7799743204', 10);
INSERT INTO Patient (patient_no, patient_name, patient_surname, patient_email, patient_phone, lab_id) VALUES ('500804', 'name500804', 'surname500804', 'patient500804@gmail.com', '7008246740', 1);
INSERT INTO Patient (patient_no, patient_name, patient_surname, patient_email, patient_phone, lab_id) VALUES ('139845', 'name139845', 'surname139845', 'patient139845@gmail.com', '7904993443', 8);
INSERT INTO Patient (patient_no, patient_name, patient_surname, patient_email, patient_phone, lab_id) VALUES ('367687', 'name367687', 'surname367687', 'patient367687@gmail.com', '7382061522', 4);
INSERT INTO Patient (patient_no, patient_name, patient_surname, patient_email, patient_phone, lab_id) VALUES ('201288', 'name201288', 'surname201288', 'patient201288@gmail.com', '7634749392', 5);
INSERT INTO Patient (patient_no, patient_name, patient_surname, patient_email, patient_phone, lab_id) VALUES ('692810', 'name692810', 'surname692810', 'patient692810@gmail.com', '7517416398', 8);
INSERT INTO Patient (patient_no, patient_name, patient_surname, patient_email, patient_phone, lab_id) VALUES ('413771', 'name413771', 'surname413771', 'patient413771@gmail.com', '7964492237', 2);
INSERT INTO Patient (patient_no, patient_name, patient_surname, patient_email, patient_phone, lab_id) VALUES ('622946', 'name622946', 'surname622946', 'patient622946@gmail.com', '7140200396', 9);
INSERT INTO Patient (patient_no, patient_name, patient_surname, patient_email, patient_phone, lab_id) VALUES ('350286', 'name350286', 'surname350286', 'patient350286@gmail.com', '7082581451', 2);
INSERT INTO Patient (patient_no, patient_name, patient_surname, patient_email, patient_phone, lab_id) VALUES ('362575', 'name362575', 'surname362575', 'patient362575@gmail.com', '7146488396', 3);
INSERT INTO Patient (patient_no, patient_name, patient_surname, patient_email, patient_phone, lab_id) VALUES ('539217', 'name539217', 'surname539217', 'patient539217@gmail.com', '7828757446', 6);
INSERT INTO Patient (patient_no, patient_name, patient_surname, patient_email, patient_phone, lab_id) VALUES ('904277', 'name904277', 'surname904277', 'patient904277@gmail.com', '7536172485', 5);
INSERT INTO Patient (patient_no, patient_name, patient_surname, patient_email, patient_phone, lab_id) VALUES ('989785', 'name989785', 'surname989785', 'patient989785@gmail.com', '7503813963', 10);
INSERT INTO Patient (patient_no, patient_name, patient_surname, patient_email, patient_phone, lab_id) VALUES ('847962', 'name847962', 'surname847962', 'patient847962@gmail.com', '7099607488', 10);
INSERT INTO Patient (patient_no, patient_name, patient_surname, patient_email, patient_phone, lab_id) VALUES ('453287', 'name453287', 'surname453287', 'patient453287@gmail.com', '7505450914', 3);
INSERT INTO Patient (patient_no, patient_name, patient_surname, patient_email, patient_phone, lab_id) VALUES ('181346', 'name181346', 'surname181346', 'patient181346@gmail.com', '7647044030', 4);
INSERT INTO Patient (patient_no, patient_name, patient_surname, patient_email, patient_phone, lab_id) VALUES ('243815', 'name243815', 'surname243815', 'patient243815@gmail.com', '7079214525', 3);
INSERT INTO Patient (patient_no, patient_name, patient_surname, patient_email, patient_phone, lab_id) VALUES ('960616', 'name960616', 'surname960616', 'patient960616@gmail.com', '7718807711', 1);
INSERT INTO Patient (patient_no, patient_name, patient_surname, patient_email, patient_phone, lab_id) VALUES ('567401', 'name567401', 'surname567401', 'patient567401@gmail.com', '7861672889', 3);
INSERT INTO Patient (patient_no, patient_name, patient_surname, patient_email, patient_phone, lab_id) VALUES ('671342', 'name671342', 'surname671342', 'patient671342@gmail.com', '7606290360', 1);
INSERT INTO Patient (patient_no, patient_name, patient_surname, patient_email, patient_phone, lab_id) VALUES ('894063', 'name894063', 'surname894063', 'patient894063@gmail.com', '7021708727', 10);
INSERT INTO Patient (patient_no, patient_name, patient_surname, patient_email, patient_phone, lab_id) VALUES ('301182', 'name301182', 'surname301182', 'patient301182@gmail.com', '7690831798', 8);
INSERT INTO Patient (patient_no, patient_name, patient_surname, patient_email, patient_phone, lab_id) VALUES ('126079', 'name126079', 'surname126079', 'patient126079@gmail.com', '7033618869', 1);
INSERT INTO Patient (patient_no, patient_name, patient_surname, patient_email, patient_phone, lab_id) VALUES ('331392', 'name331392', 'surname331392', 'patient331392@gmail.com', '7107087284', 8);
INSERT INTO Patient (patient_no, patient_name, patient_surname, patient_email, patient_phone, lab_id) VALUES ('823943', 'name823943', 'surname823943', 'patient823943@gmail.com', '7073070835', 1);
INSERT INTO Patient (patient_no, patient_name, patient_surname, patient_email, patient_phone, lab_id) VALUES ('874122', 'name874122', 'surname874122', 'patient874122@gmail.com', '7630939056', 5);
INSERT INTO Patient (patient_no, patient_name, patient_surname, patient_email, patient_phone, lab_id) VALUES ('954903', 'name954903', 'surname954903', 'patient954903@gmail.com', '7202915758', 7);
INSERT INTO Patient (patient_no, patient_name, patient_surname, patient_email, patient_phone, lab_id) VALUES ('317068', 'name317068', 'surname317068', 'patient317068@gmail.com', '7121398701', 2);
INSERT INTO Patient (patient_no, patient_name, patient_surname, patient_email, patient_phone, lab_id) VALUES ('820366', 'name820366', 'surname820366', 'patient820366@gmail.com', '7175020972', 6);
INSERT INTO Patient (patient_no, patient_name, patient_surname, patient_email, patient_phone, lab_id) VALUES ('758928', 'name758928', 'surname758928', 'patient758928@gmail.com', '7890779562', 8);
INSERT INTO Patient (patient_no, patient_name, patient_surname, patient_email, patient_phone, lab_id) VALUES ('373394', 'name373394', 'surname373394', 'patient373394@gmail.com', '7744339369', 10);
INSERT INTO Patient (patient_no, patient_name, patient_surname, patient_email, patient_phone, lab_id) VALUES ('961686', 'name961686', 'surname961686', 'patient961686@gmail.com', '7766376868', 2);
INSERT INTO Patient (patient_no, patient_name, patient_surname, patient_email, patient_phone, lab_id) VALUES ('907927', 'name907927', 'surname907927', 'patient907927@gmail.com', '7237010850', 10);
INSERT INTO Patient (patient_no, patient_name, patient_surname, patient_email, patient_phone, lab_id) VALUES ('945304', 'name945304', 'surname945304', 'patient945304@gmail.com', '7287928225', 4);
INSERT INTO Patient (patient_no, patient_name, patient_surname, patient_email, patient_phone, lab_id) VALUES ('950212', 'name950212', 'surname950212', 'patient950212@gmail.com', '7186274567', 3);
INSERT INTO Patient (patient_no, patient_name, patient_surname, patient_email, patient_phone, lab_id) VALUES ('585370', 'name585370', 'surname585370', 'patient585370@gmail.com', '7702339484', 8);
INSERT INTO Patient (patient_no, patient_name, patient_surname, patient_email, patient_phone, lab_id) VALUES ('92827', 'name92827', 'surname92827', 'patient92827@gmail.com', '7827461530', 4);
INSERT INTO Patient (patient_no, patient_name, patient_surname, patient_email, patient_phone, lab_id) VALUES ('463004', 'name463004', 'surname463004', 'patient463004@gmail.com', '7788664215', 5);
INSERT INTO Patient (patient_no, patient_name, patient_surname, patient_email, patient_phone, lab_id) VALUES ('368179', 'name368179', 'surname368179', 'patient368179@gmail.com', '7387397272', 2);
INSERT INTO Patient (patient_no, patient_name, patient_surname, patient_email, patient_phone, lab_id) VALUES ('959647', 'name959647', 'surname959647', 'patient959647@gmail.com', '7015472528', 7);
INSERT INTO Patient (patient_no, patient_name, patient_surname, patient_email, patient_phone, lab_id) VALUES ('14496', 'name14496', 'surname14496', 'patient14496@gmail.com', '7348576655', 10);
INSERT INTO Patient (patient_no, patient_name, patient_surname, patient_email, patient_phone, lab_id) VALUES ('127137', 'name127137', 'surname127137', 'patient127137@gmail.com', '7498338702', 2);
INSERT INTO Patient (patient_no, patient_name, patient_surname, patient_email, patient_phone, lab_id) VALUES ('677915', 'name677915', 'surname677915', 'patient677915@gmail.com', '7906518925', 10);
INSERT INTO Patient (patient_no, patient_name, patient_surname, patient_email, patient_phone, lab_id) VALUES ('885924', 'name885924', 'surname885924', 'patient885924@gmail.com', '7839880076', 5);
INSERT INTO Patient (patient_no, patient_name, patient_surname, patient_email, patient_phone, lab_id) VALUES ('207525', 'name207525', 'surname207525', 'patient207525@gmail.com', '7662465331', 5);
INSERT INTO Patient (patient_no, patient_name, patient_surname, patient_email, patient_phone, lab_id) VALUES ('693926', 'name693926', 'surname693926', 'patient693926@gmail.com', '7584670599', 3);
INSERT INTO Patient (patient_no, patient_name, patient_surname, patient_email, patient_phone, lab_id) VALUES ('420519', 'name420519', 'surname420519', 'patient420519@gmail.com', '7885350786', 2);
INSERT INTO Patient (patient_no, patient_name, patient_surname, patient_email, patient_phone, lab_id) VALUES ('179881', 'name179881', 'surname179881', 'patient179881@gmail.com', '7736250241', 3);
INSERT INTO Patient (patient_no, patient_name, patient_surname, patient_email, patient_phone, lab_id) VALUES ('976583', 'name976583', 'surname976583', 'patient976583@gmail.com', '7324674487', 4);
INSERT INTO Patient (patient_no, patient_name, patient_surname, patient_email, patient_phone, lab_id) VALUES ('423599', 'name423599', 'surname423599', 'patient423599@gmail.com', '7124525439', 8);
INSERT INTO Patient (patient_no, patient_name, patient_surname, patient_email, patient_phone, lab_id) VALUES ('364232', 'name364232', 'surname364232', 'patient364232@gmail.com', '7641031487', 5);
INSERT INTO Patient (patient_no, patient_name, patient_surname, patient_email, patient_phone, lab_id) VALUES ('296626', 'name296626', 'surname296626', 'patient296626@gmail.com', '7818745722', 10);
INSERT INTO Patient (patient_no, patient_name, patient_surname, patient_email, patient_phone, lab_id) VALUES ('226996', 'name226996', 'surname226996', 'patient226996@gmail.com', '7694038393', 8);
INSERT INTO Patient (patient_no, patient_name, patient_surname, patient_email, patient_phone, lab_id) VALUES ('854709', 'name854709', 'surname854709', 'patient854709@gmail.com', '7841140369', 10);
INSERT INTO Patient (patient_no, patient_name, patient_surname, patient_email, patient_phone, lab_id) VALUES ('954555', 'name954555', 'surname954555', 'patient954555@gmail.com', '7161204713', 10);
INSERT INTO Patient (patient_no, patient_name, patient_surname, patient_email, patient_phone, lab_id) VALUES ('67773', 'name67773', 'surname67773', 'patient67773@gmail.com', '7527947125', 5);
INSERT INTO Patient (patient_no, patient_name, patient_surname, patient_email, patient_phone, lab_id) VALUES ('67775', 'name67775', 'surname67775', 'patient67775@gmail.com', '7091140468', 3);
INSERT INTO Patient (patient_no, patient_name, patient_surname, patient_email, patient_phone, lab_id) VALUES ('997056', 'name997056', 'surname997056', 'patient997056@gmail.com', '7009834866', 10);
INSERT INTO Patient (patient_no, patient_name, patient_surname, patient_email, patient_phone, lab_id) VALUES ('410820', 'name410820', 'surname410820', 'patient410820@gmail.com', '7675249007', 5);
INSERT INTO Patient (patient_no, patient_name, patient_surname, patient_email, patient_phone, lab_id) VALUES ('962658', 'name962658', 'surname962658', 'patient962658@gmail.com', '7709969262', 8);
INSERT INTO Patient (patient_no, patient_name, patient_surname, patient_email, patient_phone, lab_id) VALUES ('916167', 'name916167', 'surname916167', 'patient916167@gmail.com', '7317128044', 7);
INSERT INTO Patient (patient_no, patient_name, patient_surname, patient_email, patient_phone, lab_id) VALUES ('310472', 'name310472', 'surname310472', 'patient310472@gmail.com', '7898120212', 3);
INSERT INTO Patient (patient_no, patient_name, patient_surname, patient_email, patient_phone, lab_id) VALUES ('85194', 'name85194', 'surname85194', 'patient85194@gmail.com', '7775232924', 10);
INSERT INTO Patient (patient_no, patient_name, patient_surname, patient_email, patient_phone, lab_id) VALUES ('504017', 'name504017', 'surname504017', 'patient504017@gmail.com', '7063668585', 1);
INSERT INTO Patient (patient_no, patient_name, patient_surname, patient_email, patient_phone, lab_id) VALUES ('189650', 'name189650', 'surname189650', 'patient189650@gmail.com', '7692663144', 6);
INSERT INTO Patient (patient_no, patient_name, patient_surname, patient_email, patient_phone, lab_id) VALUES ('414499', 'name414499', 'surname414499', 'patient414499@gmail.com', '7199120017', 7);
INSERT INTO Patient (patient_no, patient_name, patient_surname, patient_email, patient_phone, lab_id) VALUES ('225492', 'name225492', 'surname225492', 'patient225492@gmail.com', '7278743526', 1);
INSERT INTO Patient (patient_no, patient_name, patient_surname, patient_email, patient_phone, lab_id) VALUES ('453845', 'name453845', 'surname453845', 'patient453845@gmail.com', '7752830307', 3);
INSERT INTO Patient (patient_no, patient_name, patient_surname, patient_email, patient_phone, lab_id) VALUES ('736471', 'name736471', 'surname736471', 'patient736471@gmail.com', '7134759266', 7);
INSERT INTO Patient (patient_no, patient_name, patient_surname, patient_email, patient_phone, lab_id) VALUES ('27865', 'name27865', 'surname27865', 'patient27865@gmail.com', '7561125215', 1);
INSERT INTO Patient (patient_no, patient_name, patient_surname, patient_email, patient_phone, lab_id) VALUES ('334557', 'name334557', 'surname334557', 'patient334557@gmail.com', '7202806622', 7);
INSERT INTO Patient (patient_no, patient_name, patient_surname, patient_email, patient_phone, lab_id) VALUES ('452322', 'name452322', 'surname452322', 'patient452322@gmail.com', '7801434461', 5);
INSERT INTO Patient (patient_no, patient_name, patient_surname, patient_email, patient_phone, lab_id) VALUES ('14052', 'name14052', 'surname14052', 'patient14052@gmail.com', '7435940698', 2);
INSERT INTO Patient (patient_no, patient_name, patient_surname, patient_email, patient_phone, lab_id) VALUES ('504037', 'name504037', 'surname504037', 'patient504037@gmail.com', '7470255078', 4);
INSERT INTO Patient (patient_no, patient_name, patient_surname, patient_email, patient_phone, lab_id) VALUES ('297191', 'name297191', 'surname297191', 'patient297191@gmail.com', '7777404756', 6);
INSERT INTO Patient (patient_no, patient_name, patient_surname, patient_email, patient_phone, lab_id) VALUES ('885994', 'name885994', 'surname885994', 'patient885994@gmail.com', '7182971216', 9);
INSERT INTO Patient (patient_no, patient_name, patient_surname, patient_email, patient_phone, lab_id) VALUES ('400620', 'name400620', 'surname400620', 'patient400620@gmail.com', '7716911950', 4);
INSERT INTO Patient (patient_no, patient_name, patient_surname, patient_email, patient_phone, lab_id) VALUES ('761069', 'name761069', 'surname761069', 'patient761069@gmail.com', '7881199949', 5);
INSERT INTO Patient (patient_no, patient_name, patient_surname, patient_email, patient_phone, lab_id) VALUES ('169198', 'name169198', 'surname169198', 'patient169198@gmail.com', '7713295179', 10);
INSERT INTO Patient (patient_no, patient_name, patient_surname, patient_email, patient_phone, lab_id) VALUES ('225521', 'name225521', 'surname225521', 'patient225521@gmail.com', '7321462090', 9);
INSERT INTO Patient (patient_no, patient_name, patient_surname, patient_email, patient_phone, lab_id) VALUES ('643326', 'name643326', 'surname643326', 'patient643326@gmail.com', '7594406460', 4);
INSERT INTO Patient (patient_no, patient_name, patient_surname, patient_email, patient_phone, lab_id) VALUES ('308991', 'name308991', 'surname308991', 'patient308991@gmail.com', '7856839494', 9);
INSERT INTO Patient (patient_no, patient_name, patient_surname, patient_email, patient_phone, lab_id) VALUES ('572673', 'name572673', 'surname572673', 'patient572673@gmail.com', '7491695414', 2);
INSERT INTO Patient (patient_no, patient_name, patient_surname, patient_email, patient_phone, lab_id) VALUES ('594219', 'name594219', 'surname594219', 'patient594219@gmail.com', '7000142660', 3);
INSERT INTO Patient (patient_no, patient_name, patient_surname, patient_email, patient_phone, lab_id) VALUES ('316164', 'name316164', 'surname316164', 'patient316164@gmail.com', '7131090243', 10);
INSERT INTO Patient (patient_no, patient_name, patient_surname, patient_email, patient_phone, lab_id) VALUES ('277253', 'name277253', 'surname277253', 'patient277253@gmail.com', '7332443969', 9);
INSERT INTO Patient (patient_no, patient_name, patient_surname, patient_email, patient_phone, lab_id) VALUES ('259847', 'name259847', 'surname259847', 'patient259847@gmail.com', '7316961088', 8);
INSERT INTO Patient (patient_no, patient_name, patient_surname, patient_email, patient_phone, lab_id) VALUES ('941834', 'name941834', 'surname941834', 'patient941834@gmail.com', '7909195071', 9);
INSERT INTO Patient (patient_no, patient_name, patient_surname, patient_email, patient_phone, lab_id) VALUES ('958222', 'name958222', 'surname958222', 'patient958222@gmail.com', '7146315070', 1);
INSERT INTO Patient (patient_no, patient_name, patient_surname, patient_email, patient_phone, lab_id) VALUES ('636995', 'name636995', 'surname636995', 'patient636995@gmail.com', '7221860157', 8);
INSERT INTO Patient (patient_no, patient_name, patient_surname, patient_email, patient_phone, lab_id) VALUES ('45103', 'name45103', 'surname45103', 'patient45103@gmail.com', '7173592427', 1);
INSERT INTO Patient (patient_no, patient_name, patient_surname, patient_email, patient_phone, lab_id) VALUES ('883486', 'name883486', 'surname883486', 'patient883486@gmail.com', '7081643834', 6);
INSERT INTO Patient (patient_no, patient_name, patient_surname, patient_email, patient_phone, lab_id) VALUES ('302640', 'name302640', 'surname302640', 'patient302640@gmail.com', '7326143326', 6);
INSERT INTO Patient (patient_no, patient_name, patient_surname, patient_email, patient_phone, lab_id) VALUES ('425251', 'name425251', 'surname425251', 'patient425251@gmail.com', '7066078007', 9);
INSERT INTO Patient (patient_no, patient_name, patient_surname, patient_email, patient_phone, lab_id) VALUES ('107208', 'name107208', 'surname107208', 'patient107208@gmail.com', '7727033142', 10);
INSERT INTO Patient (patient_no, patient_name, patient_surname, patient_email, patient_phone, lab_id) VALUES ('843560', 'name843560', 'surname843560', 'patient843560@gmail.com', '7352748852', 2);
INSERT INTO Patient (patient_no, patient_name, patient_surname, patient_email, patient_phone, lab_id) VALUES ('105258', 'name105258', 'surname105258', 'patient105258@gmail.com', '7405527347', 10);
INSERT INTO Patient (patient_no, patient_name, patient_surname, patient_email, patient_phone, lab_id) VALUES ('17707', 'name17707', 'surname17707', 'patient17707@gmail.com', '7937097397', 7);
INSERT INTO Patient (patient_no, patient_name, patient_surname, patient_email, patient_phone, lab_id) VALUES ('586029', 'name586029', 'surname586029', 'patient586029@gmail.com', '7025541846', 8);
INSERT INTO Patient (patient_no, patient_name, patient_surname, patient_email, patient_phone, lab_id) VALUES ('345821', 'name345821', 'surname345821', 'patient345821@gmail.com', '7061850415', 7);
INSERT INTO Patient (patient_no, patient_name, patient_surname, patient_email, patient_phone, lab_id) VALUES ('38631', 'name38631', 'surname38631', 'patient38631@gmail.com', '7598137645', 2);
INSERT INTO Patient (patient_no, patient_name, patient_surname, patient_email, patient_phone, lab_id) VALUES ('725810', 'name725810', 'surname725810', 'patient725810@gmail.com', '7552559239', 4);
INSERT INTO Patient (patient_no, patient_name, patient_surname, patient_email, patient_phone, lab_id) VALUES ('68403', 'name68403', 'surname68403', 'patient68403@gmail.com', '7761864490', 1);
INSERT INTO Patient (patient_no, patient_name, patient_surname, patient_email, patient_phone, lab_id) VALUES ('778550', 'name778550', 'surname778550', 'patient778550@gmail.com', '7980156892', 4);
INSERT INTO Patient (patient_no, patient_name, patient_surname, patient_email, patient_phone, lab_id) VALUES ('259895', 'name259895', 'surname259895', 'patient259895@gmail.com', '7664254513', 10);
INSERT INTO Patient (patient_no, patient_name, patient_surname, patient_email, patient_phone, lab_id) VALUES ('955704', 'name955704', 'surname955704', 'patient955704@gmail.com', '7285119782', 5);
INSERT INTO Patient (patient_no, patient_name, patient_surname, patient_email, patient_phone, lab_id) VALUES ('470151', 'name470151', 'surname470151', 'patient470151@gmail.com', '7713143077', 5);
INSERT INTO Patient (patient_no, patient_name, patient_surname, patient_email, patient_phone, lab_id) VALUES ('94018', 'name94018', 'surname94018', 'patient94018@gmail.com', '7585282339', 2);
INSERT INTO Patient (patient_no, patient_name, patient_surname, patient_email, patient_phone, lab_id) VALUES ('389960', 'name389960', 'surname389960', 'patient389960@gmail.com', '7932734754', 10);
INSERT INTO Patient (patient_no, patient_name, patient_surname, patient_email, patient_phone, lab_id) VALUES ('113482', 'name113482', 'surname113482', 'patient113482@gmail.com', '7192273696', 3);
INSERT INTO Patient (patient_no, patient_name, patient_surname, patient_email, patient_phone, lab_id) VALUES ('625995', 'name625995', 'surname625995', 'patient625995@gmail.com', '7771415836', 9);
INSERT INTO Patient (patient_no, patient_name, patient_surname, patient_email, patient_phone, lab_id) VALUES ('872199', 'name872199', 'surname872199', 'patient872199@gmail.com', '7491837743', 5);
INSERT INTO Patient (patient_no, patient_name, patient_surname, patient_email, patient_phone, lab_id) VALUES ('285521', 'name285521', 'surname285521', 'patient285521@gmail.com', '7684701977', 4);
INSERT INTO Patient (patient_no, patient_name, patient_surname, patient_email, patient_phone, lab_id) VALUES ('661475', 'name661475', 'surname661475', 'patient661475@gmail.com', '7247832854', 10);
INSERT INTO Patient (patient_no, patient_name, patient_surname, patient_email, patient_phone, lab_id) VALUES ('964207', 'name964207', 'surname964207', 'patient964207@gmail.com', '7829043988', 7);
INSERT INTO Patient (patient_no, patient_name, patient_surname, patient_email, patient_phone, lab_id) VALUES ('786776', 'name786776', 'surname786776', 'patient786776@gmail.com', '7185181971', 4);
INSERT INTO Patient (patient_no, patient_name, patient_surname, patient_email, patient_phone, lab_id) VALUES ('745309', 'name745309', 'surname745309', 'patient745309@gmail.com', '7130736910', 9);
INSERT INTO Patient (patient_no, patient_name, patient_surname, patient_email, patient_phone, lab_id) VALUES ('715103', 'name715103', 'surname715103', 'patient715103@gmail.com', '7239418637', 2);
INSERT INTO Patient (patient_no, patient_name, patient_surname, patient_email, patient_phone, lab_id) VALUES ('637794', 'name637794', 'surname637794', 'patient637794@gmail.com', '7831637260', 9);
INSERT INTO Patient (patient_no, patient_name, patient_surname, patient_email, patient_phone, lab_id) VALUES ('908649', 'name908649', 'surname908649', 'patient908649@gmail.com', '7165075722', 8);
INSERT INTO Patient (patient_no, patient_name, patient_surname, patient_email, patient_phone, lab_id) VALUES ('254695', 'name254695', 'surname254695', 'patient254695@gmail.com', '7733889288', 1);
INSERT INTO Patient (patient_no, patient_name, patient_surname, patient_email, patient_phone, lab_id) VALUES ('525677', 'name525677', 'surname525677', 'patient525677@gmail.com', '7567910663', 1);
INSERT INTO Patient (patient_no, patient_name, patient_surname, patient_email, patient_phone, lab_id) VALUES ('92534', 'name92534', 'surname92534', 'patient92534@gmail.com', '7088508118', 5);
INSERT INTO Patient (patient_no, patient_name, patient_surname, patient_email, patient_phone, lab_id) VALUES ('497016', 'name497016', 'surname497016', 'patient497016@gmail.com', '7339350787', 5);
INSERT INTO Patient (patient_no, patient_name, patient_surname, patient_email, patient_phone, lab_id) VALUES ('185724', 'name185724', 'surname185724', 'patient185724@gmail.com', '7389597312', 6);
INSERT INTO Patient (patient_no, patient_name, patient_surname, patient_email, patient_phone, lab_id) VALUES ('418685', 'name418685', 'surname418685', 'patient418685@gmail.com', '7758910720', 1);
INSERT INTO Patient (patient_no, patient_name, patient_surname, patient_email, patient_phone, lab_id) VALUES ('209278', 'name209278', 'surname209278', 'patient209278@gmail.com', '7438201599', 10);
INSERT INTO Patient (patient_no, patient_name, patient_surname, patient_email, patient_phone, lab_id) VALUES ('70016', 'name70016', 'surname70016', 'patient70016@gmail.com', '7359896830', 10);
INSERT INTO Patient (patient_no, patient_name, patient_surname, patient_email, patient_phone, lab_id) VALUES ('769924', 'name769924', 'surname769924', 'patient769924@gmail.com', '7875182844', 8);
INSERT INTO Patient (patient_no, patient_name, patient_surname, patient_email, patient_phone, lab_id) VALUES ('306842', 'name306842', 'surname306842', 'patient306842@gmail.com', '7039045247', 5);
INSERT INTO Patient (patient_no, patient_name, patient_surname, patient_email, patient_phone, lab_id) VALUES ('183176', 'name183176', 'surname183176', 'patient183176@gmail.com', '7673317626', 2);
INSERT INTO Patient (patient_no, patient_name, patient_surname, patient_email, patient_phone, lab_id) VALUES ('227308', 'name227308', 'surname227308', 'patient227308@gmail.com', '7689338601', 6);
INSERT INTO Patient (patient_no, patient_name, patient_surname, patient_email, patient_phone, lab_id) VALUES ('579979', 'name579979', 'surname579979', 'patient579979@gmail.com', '7400553717', 7);
INSERT INTO Patient (patient_no, patient_name, patient_surname, patient_email, patient_phone, lab_id) VALUES ('831379', 'name831379', 'surname831379', 'patient831379@gmail.com', '7966798580', 3);
INSERT INTO Patient (patient_no, patient_name, patient_surname, patient_email, patient_phone, lab_id) VALUES ('5530', 'name5530', 'surname5530', 'patient5530@gmail.com', '7729161459', 3);
INSERT INTO Patient (patient_no, patient_name, patient_surname, patient_email, patient_phone, lab_id) VALUES ('138653', 'name138653', 'surname138653', 'patient138653@gmail.com', '7244678381', 7);
INSERT INTO Patient (patient_no, patient_name, patient_surname, patient_email, patient_phone, lab_id) VALUES ('247711', 'name247711', 'surname247711', 'patient247711@gmail.com', '7894975211', 3);
INSERT INTO Patient (patient_no, patient_name, patient_surname, patient_email, patient_phone, lab_id) VALUES ('391073', 'name391073', 'surname391073', 'patient391073@gmail.com', '7587307753', 6);
INSERT INTO Patient (patient_no, patient_name, patient_surname, patient_email, patient_phone, lab_id) VALUES ('390050', 'name390050', 'surname390050', 'patient390050@gmail.com', '7776993799', 9);
INSERT INTO Patient (patient_no, patient_name, patient_surname, patient_email, patient_phone, lab_id) VALUES ('786851', 'name786851', 'surname786851', 'patient786851@gmail.com', '7677307622', 2);
INSERT INTO Patient (patient_no, patient_name, patient_surname, patient_email, patient_phone, lab_id) VALUES ('548263', 'name548263', 'surname548263', 'patient548263@gmail.com', '7400850660', 9);
INSERT INTO Patient (patient_no, patient_name, patient_surname, patient_email, patient_phone, lab_id) VALUES ('388009', 'name388009', 'surname388009', 'patient388009@gmail.com', '7148987108', 7);
INSERT INTO Patient (patient_no, patient_name, patient_surname, patient_email, patient_phone, lab_id) VALUES ('387498', 'name387498', 'surname387498', 'patient387498@gmail.com', '7423296635', 10);
INSERT INTO Patient (patient_no, patient_name, patient_surname, patient_email, patient_phone, lab_id) VALUES ('159664', 'name159664', 'surname159664', 'patient159664@gmail.com', '7915492048', 9);
INSERT INTO Patient (patient_no, patient_name, patient_surname, patient_email, patient_phone, lab_id) VALUES ('370760', 'name370760', 'surname370760', 'patient370760@gmail.com', '7006160608', 5);
INSERT INTO Patient (patient_no, patient_name, patient_surname, patient_email, patient_phone, lab_id) VALUES ('159667', 'name159667', 'surname159667', 'patient159667@gmail.com', '7003034335', 7);
INSERT INTO Patient (patient_no, patient_name, patient_surname, patient_email, patient_phone, lab_id) VALUES ('806837', 'name806837', 'surname806837', 'patient806837@gmail.com', '7691837743', 10);
INSERT INTO Patient (patient_no, patient_name, patient_surname, patient_email, patient_phone, lab_id) VALUES ('20406', 'name20406', 'surname20406', 'patient20406@gmail.com', '7809253590', 1);
INSERT INTO Patient (patient_no, patient_name, patient_surname, patient_email, patient_phone, lab_id) VALUES ('31672', 'name31672', 'surname31672', 'patient31672@gmail.com', '7484105427', 1);
INSERT INTO Patient (patient_no, patient_name, patient_surname, patient_email, patient_phone, lab_id) VALUES ('72637', 'name72637', 'surname72637', 'patient72637@gmail.com', '7994168530', 10);
INSERT INTO Patient (patient_no, patient_name, patient_surname, patient_email, patient_phone, lab_id) VALUES ('420287', 'name420287', 'surname420287', 'patient420287@gmail.com', '7708549841', 1);
INSERT INTO Patient (patient_no, patient_name, patient_surname, patient_email, patient_phone, lab_id) VALUES ('579009', 'name579009', 'surname579009', 'patient579009@gmail.com', '7877666000', 3);
INSERT INTO Patient (patient_no, patient_name, patient_surname, patient_email, patient_phone, lab_id) VALUES ('326706', 'name326706', 'surname326706', 'patient326706@gmail.com', '7328499918', 9);
INSERT INTO Patient (patient_no, patient_name, patient_surname, patient_email, patient_phone, lab_id) VALUES ('583108', 'name583108', 'surname583108', 'patient583108@gmail.com', '7521206476', 7);
INSERT INTO Patient (patient_no, patient_name, patient_surname, patient_email, patient_phone, lab_id) VALUES ('967329', 'name967329', 'surname967329', 'patient967329@gmail.com', '7547965559', 5);
INSERT INTO Patient (patient_no, patient_name, patient_surname, patient_email, patient_phone, lab_id) VALUES ('89039', 'name89039', 'surname89039', 'patient89039@gmail.com', '7962399945', 4);
INSERT INTO Patient (patient_no, patient_name, patient_surname, patient_email, patient_phone, lab_id) VALUES ('550352', 'name550352', 'surname550352', 'patient550352@gmail.com', '7085475016', 9);
INSERT INTO Patient (patient_no, patient_name, patient_surname, patient_email, patient_phone, lab_id) VALUES ('895066', 'name895066', 'surname895066', 'patient895066@gmail.com', '7200329415', 2);
INSERT INTO Patient (patient_no, patient_name, patient_surname, patient_email, patient_phone, lab_id) VALUES ('951770', 'name951770', 'surname951770', 'patient951770@gmail.com', '7619468997', 10);
INSERT INTO Patient (patient_no, patient_name, patient_surname, patient_email, patient_phone, lab_id) VALUES ('335840', 'name335840', 'surname335840', 'patient335840@gmail.com', '7955759300', 10);
INSERT INTO Patient (patient_no, patient_name, patient_surname, patient_email, patient_phone, lab_id) VALUES ('634849', 'name634849', 'surname634849', 'patient634849@gmail.com', '7436275714', 3);
INSERT INTO Patient (patient_no, patient_name, patient_surname, patient_email, patient_phone, lab_id) VALUES ('69090', 'name69090', 'surname69090', 'patient69090@gmail.com', '7696162497', 3);
INSERT INTO Patient (patient_no, patient_name, patient_surname, patient_email, patient_phone, lab_id) VALUES ('206819', 'name206819', 'surname206819', 'patient206819@gmail.com', '7246061248', 3);
INSERT INTO Patient (patient_no, patient_name, patient_surname, patient_email, patient_phone, lab_id) VALUES ('870225', 'name870225', 'surname870225', 'patient870225@gmail.com', '7108410045', 8);
INSERT INTO Patient (patient_no, patient_name, patient_surname, patient_email, patient_phone, lab_id) VALUES ('129514', 'name129514', 'surname129514', 'patient129514@gmail.com', '7409315871', 10);
INSERT INTO Patient (patient_no, patient_name, patient_surname, patient_email, patient_phone, lab_id) VALUES ('286631', 'name286631', 'surname286631', 'patient286631@gmail.com', '7736711353', 8);
INSERT INTO Patient (patient_no, patient_name, patient_surname, patient_email, patient_phone, lab_id) VALUES ('953836', 'name953836', 'surname953836', 'patient953836@gmail.com', '7997265592', 3);
INSERT INTO Patient (patient_no, patient_name, patient_surname, patient_email, patient_phone, lab_id) VALUES ('536046', 'name536046', 'surname536046', 'patient536046@gmail.com', '7019099111', 3);
INSERT INTO Patient (patient_no, patient_name, patient_surname, patient_email, patient_phone, lab_id) VALUES ('402429', 'name402429', 'surname402429', 'patient402429@gmail.com', '7997660853', 3);
INSERT INTO Patient (patient_no, patient_name, patient_surname, patient_email, patient_phone, lab_id) VALUES ('508401', 'name508401', 'surname508401', 'patient508401@gmail.com', '7368027827', 4);
INSERT INTO Patient (patient_no, patient_name, patient_surname, patient_email, patient_phone, lab_id) VALUES ('473074', 'name473074', 'surname473074', 'patient473074@gmail.com', '7131903665', 1);
INSERT INTO Patient (patient_no, patient_name, patient_surname, patient_email, patient_phone, lab_id) VALUES ('201716', 'name201716', 'surname201716', 'patient201716@gmail.com', '7329074025', 7);
INSERT INTO Patient (patient_no, patient_name, patient_surname, patient_email, patient_phone, lab_id) VALUES ('217079', 'name217079', 'surname217079', 'patient217079@gmail.com', '7570357931', 3);
INSERT INTO Patient (patient_no, patient_name, patient_surname, patient_email, patient_phone, lab_id) VALUES ('123389', 'name123389', 'surname123389', 'patient123389@gmail.com', '7980892840', 8);
INSERT INTO Patient (patient_no, patient_name, patient_surname, patient_email, patient_phone, lab_id) VALUES ('922622', 'name922622', 'surname922622', 'patient922622@gmail.com', '7413055143', 10);

INSERT INTO Carer (patient_no, carer_name, carer_email, carer_phone, relationship) VALUES (391073, 'carer0', 'carer0@gmail.com', '7827026597', 'father');
INSERT INTO Carer (patient_no, carer_name, carer_email, carer_phone, relationship) VALUES (469524, 'carer1', 'carer1@gmail.com', '7138468280', 'father');
INSERT INTO Carer (patient_no, carer_name, carer_email, carer_phone, relationship) VALUES (5530, 'carer2', 'carer2@gmail.com', '7385867426', 'uncle');
INSERT INTO Carer (patient_no, carer_name, carer_email, carer_phone, relationship) VALUES (201716, 'carer3', 'carer3@gmail.com', '7957092512', 'grandparent');
INSERT INTO Carer (patient_no, carer_name, carer_email, carer_phone, relationship) VALUES (572673, 'carer4', 'carer4@gmail.com', '7256470687', 'mother');
INSERT INTO Carer (patient_no, carer_name, carer_email, carer_phone, relationship) VALUES (259895, 'carer5', 'carer5@gmail.com', '7269056669', 'mother');
INSERT INTO Carer (patient_no, carer_name, carer_email, carer_phone, relationship) VALUES (941834, 'carer6', 'carer6@gmail.com', '7732996463', 'uncle');
INSERT INTO Carer (patient_no, carer_name, carer_email, carer_phone, relationship) VALUES (820366, 'carer7', 'carer7@gmail.com', '7466291116', 'mother');
INSERT INTO Carer (patient_no, carer_name, carer_email, carer_phone, relationship) VALUES (967329, 'carer8', 'carer8@gmail.com', '7259400345', 'grandparent');
INSERT INTO Carer (patient_no, carer_name, carer_email, carer_phone, relationship) VALUES (469524, 'carer9', 'carer9@gmail.com', '7153592984', 'father');
INSERT INTO Carer (patient_no, carer_name, carer_email, carer_phone, relationship) VALUES (296626, 'carer10', 'carer10@gmail.com', '7562716310', 'grandparent');
INSERT INTO Carer (patient_no, carer_name, carer_email, carer_phone, relationship) VALUES (994339, 'carer11', 'carer11@gmail.com', '7050100371', 'uncle');
INSERT INTO Carer (patient_no, carer_name, carer_email, carer_phone, relationship) VALUES (72637, 'carer12', 'carer12@gmail.com', '7537854098', 'father');
INSERT INTO Carer (patient_no, carer_name, carer_email, carer_phone, relationship) VALUES (874122, 'carer13', 'carer13@gmail.com', '7147390097', 'grandparent');
INSERT INTO Carer (patient_no, carer_name, carer_email, carer_phone, relationship) VALUES (895066, 'carer14', 'carer14@gmail.com', '7415116944', 'uncle');
INSERT INTO Carer (patient_no, carer_name, carer_email, carer_phone, relationship) VALUES (504037, 'carer15', 'carer15@gmail.com', '7175417997', 'uncle');
INSERT INTO Carer (patient_no, carer_name, carer_email, carer_phone, relationship) VALUES (885924, 'carer16', 'carer16@gmail.com', '7393668084', 'uncle');
INSERT INTO Carer (patient_no, carer_name, carer_email, carer_phone, relationship) VALUES (962658, 'carer17', 'carer17@gmail.com', '7538226315', 'uncle');
INSERT INTO Carer (patient_no, carer_name, carer_email, carer_phone, relationship) VALUES (159664, 'carer18', 'carer18@gmail.com', '7015846026', 'mother');
INSERT INTO Carer (patient_no, carer_name, carer_email, carer_phone, relationship) VALUES (661475, 'carer19', 'carer19@gmail.com', '7793086771', 'uncle');
INSERT INTO Carer (patient_no, carer_name, carer_email, carer_phone, relationship) VALUES (955704, 'carer20', 'carer20@gmail.com', '7111182517', 'father');
INSERT INTO Carer (patient_no, carer_name, carer_email, carer_phone, relationship) VALUES (997056, 'carer21', 'carer21@gmail.com', '7587315847', 'grandparent');
INSERT INTO Carer (patient_no, carer_name, carer_email, carer_phone, relationship) VALUES (497016, 'carer22', 'carer22@gmail.com', '7028471939', 'uncle');
INSERT INTO Carer (patient_no, carer_name, carer_email, carer_phone, relationship) VALUES (367687, 'carer23', 'carer23@gmail.com', '7499225728', 'father');
INSERT INTO Carer (patient_no, carer_name, carer_email, carer_phone, relationship) VALUES (895066, 'carer24', 'carer24@gmail.com', '7508045730', 'uncle');
INSERT INTO Carer (patient_no, carer_name, carer_email, carer_phone, relationship) VALUES (883486, 'carer25', 'carer25@gmail.com', '7727794814', 'father');
INSERT INTO Carer (patient_no, carer_name, carer_email, carer_phone, relationship) VALUES (286631, 'carer26', 'carer26@gmail.com', '7196803329', 'mother');
INSERT INTO Carer (patient_no, carer_name, carer_email, carer_phone, relationship) VALUES (922622, 'carer27', 'carer27@gmail.com', '7649193857', 'grandparent');
INSERT INTO Carer (patient_no, carer_name, carer_email, carer_phone, relationship) VALUES (567401, 'carer28', 'carer28@gmail.com', '7184923771', 'grandparent');
INSERT INTO Carer (patient_no, carer_name, carer_email, carer_phone, relationship) VALUES (391073, 'carer29', 'carer29@gmail.com', '7424005241', 'uncle');
INSERT INTO Carer (patient_no, carer_name, carer_email, carer_phone, relationship) VALUES (636995, 'carer30', 'carer30@gmail.com', '7974649464', 'mother');
INSERT INTO Carer (patient_no, carer_name, carer_email, carer_phone, relationship) VALUES (243815, 'carer31', 'carer31@gmail.com', '7494874473', 'mother');
INSERT INTO Carer (patient_no, carer_name, carer_email, carer_phone, relationship) VALUES (470151, 'carer32', 'carer32@gmail.com', '7571142465', 'mother');
INSERT INTO Carer (patient_no, carer_name, carer_email, carer_phone, relationship) VALUES (958222, 'carer33', 'carer33@gmail.com', '7954162800', 'father');
INSERT INTO Carer (patient_no, carer_name, carer_email, carer_phone, relationship) VALUES (301182, 'carer34', 'carer34@gmail.com', '7105873006', 'mother');
INSERT INTO Carer (patient_no, carer_name, carer_email, carer_phone, relationship) VALUES (201288, 'carer35', 'carer35@gmail.com', '7691329207', 'father');
INSERT INTO Carer (patient_no, carer_name, carer_email, carer_phone, relationship) VALUES (995852, 'carer36', 'carer36@gmail.com', '7764900460', 'uncle');
INSERT INTO Carer (patient_no, carer_name, carer_email, carer_phone, relationship) VALUES (139845, 'carer37', 'carer37@gmail.com', '7989164649', 'uncle');
INSERT INTO Carer (patient_no, carer_name, carer_email, carer_phone, relationship) VALUES (390050, 'carer38', 'carer38@gmail.com', '7297200232', 'uncle');
INSERT INTO Carer (patient_no, carer_name, carer_email, carer_phone, relationship) VALUES (286631, 'carer39', 'carer39@gmail.com', '7654784100', 'uncle');
INSERT INTO Carer (patient_no, carer_name, carer_email, carer_phone, relationship) VALUES (308991, 'carer40', 'carer40@gmail.com', '7908516962', 'grandparent');
INSERT INTO Carer (patient_no, carer_name, carer_email, carer_phone, relationship) VALUES (961686, 'carer41', 'carer41@gmail.com', '7292088929', 'father');
INSERT INTO Carer (patient_no, carer_name, carer_email, carer_phone, relationship) VALUES (254695, 'carer42', 'carer42@gmail.com', '7876369504', 'father');
INSERT INTO Carer (patient_no, carer_name, carer_email, carer_phone, relationship) VALUES (504037, 'carer43', 'carer43@gmail.com', '7886788190', 'grandparent');
INSERT INTO Carer (patient_no, carer_name, carer_email, carer_phone, relationship) VALUES (314119, 'carer44', 'carer44@gmail.com', '7524728869', 'grandparent');
INSERT INTO Carer (patient_no, carer_name, carer_email, carer_phone, relationship) VALUES (189650, 'carer45', 'carer45@gmail.com', '7473100106', 'uncle');
INSERT INTO Carer (patient_no, carer_name, carer_email, carer_phone, relationship) VALUES (350762, 'carer46', 'carer46@gmail.com', '7296517732', 'mother');
INSERT INTO Carer (patient_no, carer_name, carer_email, carer_phone, relationship) VALUES (183176, 'carer47', 'carer47@gmail.com', '7351773369', 'father');
INSERT INTO Carer (patient_no, carer_name, carer_email, carer_phone, relationship) VALUES (27865, 'carer48', 'carer48@gmail.com', '7946780245', 'mother');
INSERT INTO Carer (patient_no, carer_name, carer_email, carer_phone, relationship) VALUES (940567, 'carer49', 'carer49@gmail.com', '7278324819', 'father');
INSERT INTO Carer (patient_no, carer_name, carer_email, carer_phone, relationship) VALUES (954903, 'carer50', 'carer50@gmail.com', '7749711953', 'uncle');
INSERT INTO Carer (patient_no, carer_name, carer_email, carer_phone, relationship) VALUES (68403, 'carer51', 'carer51@gmail.com', '7958006352', 'father');
INSERT INTO Carer (patient_no, carer_name, carer_email, carer_phone, relationship) VALUES (169198, 'carer52', 'carer52@gmail.com', '7963812943', 'mother');
INSERT INTO Carer (patient_no, carer_name, carer_email, carer_phone, relationship) VALUES (806837, 'carer53', 'carer53@gmail.com', '7043727950', 'uncle');
INSERT INTO Carer (patient_no, carer_name, carer_email, carer_phone, relationship) VALUES (356936, 'carer54', 'carer54@gmail.com', '7235333474', 'mother');
INSERT INTO Carer (patient_no, carer_name, carer_email, carer_phone, relationship) VALUES (257545, 'carer55', 'carer55@gmail.com', '7120230941', 'father');
INSERT INTO Carer (patient_no, carer_name, carer_email, carer_phone, relationship) VALUES (453287, 'carer56', 'carer56@gmail.com', '7787568203', 'father');
INSERT INTO Carer (patient_no, carer_name, carer_email, carer_phone, relationship) VALUES (693926, 'carer57', 'carer57@gmail.com', '7894546505', 'grandparent');
INSERT INTO Carer (patient_no, carer_name, carer_email, carer_phone, relationship) VALUES (367687, 'carer58', 'carer58@gmail.com', '7707786857', 'father');
INSERT INTO Carer (patient_no, carer_name, carer_email, carer_phone, relationship) VALUES (636995, 'carer59', 'carer59@gmail.com', '7968636486', 'grandparent');
INSERT INTO Carer (patient_no, carer_name, carer_email, carer_phone, relationship) VALUES (831379, 'carer60', 'carer60@gmail.com', '7363252291', 'grandparent');
INSERT INTO Carer (patient_no, carer_name, carer_email, carer_phone, relationship) VALUES (247711, 'carer61', 'carer61@gmail.com', '7735334977', 'uncle');
INSERT INTO Carer (patient_no, carer_name, carer_email, carer_phone, relationship) VALUES (508401, 'carer62', 'carer62@gmail.com', '7142618687', 'mother');
INSERT INTO Carer (patient_no, carer_name, carer_email, carer_phone, relationship) VALUES (420287, 'carer63', 'carer63@gmail.com', '7219759114', 'mother');
INSERT INTO Carer (patient_no, carer_name, carer_email, carer_phone, relationship) VALUES (420519, 'carer64', 'carer64@gmail.com', '7102365756', 'uncle');
INSERT INTO Carer (patient_no, carer_name, carer_email, carer_phone, relationship) VALUES (960616, 'carer65', 'carer65@gmail.com', '7856703924', 'uncle');
INSERT INTO Carer (patient_no, carer_name, carer_email, carer_phone, relationship) VALUES (436252, 'carer66', 'carer66@gmail.com', '7082931209', 'uncle');
INSERT INTO Carer (patient_no, carer_name, carer_email, carer_phone, relationship) VALUES (625995, 'carer67', 'carer67@gmail.com', '7007880758', 'mother');
INSERT INTO Carer (patient_no, carer_name, carer_email, carer_phone, relationship) VALUES (874122, 'carer68', 'carer68@gmail.com', '7787468028', 'grandparent');
INSERT INTO Carer (patient_no, carer_name, carer_email, carer_phone, relationship) VALUES (367687, 'carer69', 'carer69@gmail.com', '7024581170', 'grandparent');
INSERT INTO Carer (patient_no, carer_name, carer_email, carer_phone, relationship) VALUES (950212, 'carer70', 'carer70@gmail.com', '7356557873', 'mother');
INSERT INTO Carer (patient_no, carer_name, carer_email, carer_phone, relationship) VALUES (107208, 'carer71', 'carer71@gmail.com', '7253872176', 'grandparent');
INSERT INTO Carer (patient_no, carer_name, carer_email, carer_phone, relationship) VALUES (331392, 'carer72', 'carer72@gmail.com', '7488265774', 'father');
INSERT INTO Carer (patient_no, carer_name, carer_email, carer_phone, relationship) VALUES (420519, 'carer73', 'carer73@gmail.com', '7214157357', 'grandparent');
INSERT INTO Carer (patient_no, carer_name, carer_email, carer_phone, relationship) VALUES (806837, 'carer74', 'carer74@gmail.com', '7588538924', 'father');
INSERT INTO Carer (patient_no, carer_name, carer_email, carer_phone, relationship) VALUES (310472, 'carer75', 'carer75@gmail.com', '7609665799', 'grandparent');
INSERT INTO Carer (patient_no, carer_name, carer_email, carer_phone, relationship) VALUES (954903, 'carer76', 'carer76@gmail.com', '7126196711', 'mother');
INSERT INTO Carer (patient_no, carer_name, carer_email, carer_phone, relationship) VALUES (497016, 'carer77', 'carer77@gmail.com', '7801336052', 'mother');
INSERT INTO Carer (patient_no, carer_name, carer_email, carer_phone, relationship) VALUES (967329, 'carer78', 'carer78@gmail.com', '7884401184', 'grandparent');
INSERT INTO Carer (patient_no, carer_name, carer_email, carer_phone, relationship) VALUES (181346, 'carer79', 'carer79@gmail.com', '7940065311', 'father');
INSERT INTO Carer (patient_no, carer_name, carer_email, carer_phone, relationship) VALUES (907927, 'carer80', 'carer80@gmail.com', '7054192670', 'uncle');
INSERT INTO Carer (patient_no, carer_name, carer_email, carer_phone, relationship) VALUES (954903, 'carer81', 'carer81@gmail.com', '7284112925', 'grandparent');
INSERT INTO Carer (patient_no, carer_name, carer_email, carer_phone, relationship) VALUES (242207, 'carer82', 'carer82@gmail.com', '7961400348', 'uncle');
INSERT INTO Carer (patient_no, carer_name, carer_email, carer_phone, relationship) VALUES (453845, 'carer83', 'carer83@gmail.com', '7648562203', 'father');
INSERT INTO Carer (patient_no, carer_name, carer_email, carer_phone, relationship) VALUES (181346, 'carer84', 'carer84@gmail.com', '7624746522', 'father');
INSERT INTO Carer (patient_no, carer_name, carer_email, carer_phone, relationship) VALUES (847962, 'carer85', 'carer85@gmail.com', '7179845777', 'mother');
INSERT INTO Carer (patient_no, carer_name, carer_email, carer_phone, relationship) VALUES (843560, 'carer86', 'carer86@gmail.com', '7403486232', 'grandparent');
INSERT INTO Carer (patient_no, carer_name, carer_email, carer_phone, relationship) VALUES (413771, 'carer87', 'carer87@gmail.com', '7198870873', 'grandparent');
INSERT INTO Carer (patient_no, carer_name, carer_email, carer_phone, relationship) VALUES (761069, 'carer88', 'carer88@gmail.com', '7104929443', 'mother');
INSERT INTO Carer (patient_no, carer_name, carer_email, carer_phone, relationship) VALUES (14052, 'carer89', 'carer89@gmail.com', '7272005652', 'mother');
INSERT INTO Carer (patient_no, carer_name, carer_email, carer_phone, relationship) VALUES (259895, 'carer90', 'carer90@gmail.com', '7326728722', 'uncle');
INSERT INTO Carer (patient_no, carer_name, carer_email, carer_phone, relationship) VALUES (953007, 'carer91', 'carer91@gmail.com', '7966709775', 'mother');
INSERT INTO Carer (patient_no, carer_name, carer_email, carer_phone, relationship) VALUES (922622, 'carer92', 'carer92@gmail.com', '7132256781', 'grandparent');
INSERT INTO Carer (patient_no, carer_name, carer_email, carer_phone, relationship) VALUES (453287, 'carer93', 'carer93@gmail.com', '7340085259', 'mother');
INSERT INTO Carer (patient_no, carer_name, carer_email, carer_phone, relationship) VALUES (636995, 'carer94', 'carer94@gmail.com', '7044542474', 'mother');
INSERT INTO Carer (patient_no, carer_name, carer_email, carer_phone, relationship) VALUES (636995, 'carer95', 'carer95@gmail.com', '7292089865', 'mother');
INSERT INTO Carer (patient_no, carer_name, carer_email, carer_phone, relationship) VALUES (964207, 'carer96', 'carer96@gmail.com', '7968768519', 'mother');
INSERT INTO Carer (patient_no, carer_name, carer_email, carer_phone, relationship) VALUES (643326, 'carer97', 'carer97@gmail.com', '7212438531', 'mother');
INSERT INTO Carer (patient_no, carer_name, carer_email, carer_phone, relationship) VALUES (387498, 'carer98', 'carer98@gmail.com', '7649540610', 'mother');
INSERT INTO Carer (patient_no, carer_name, carer_email, carer_phone, relationship) VALUES (45103, 'carer99', 'carer99@gmail.com', '7280019200', 'uncle');

INSERT INTO Test (patient_no, added, first_due_date, frequency, lab_id, completed_status, completed_date) VALUES (916167, 20181213, 20181220, 'weekly', 4, 'no', NULL);
INSERT INTO Test (patient_no, added, first_due_date, frequency, lab_id, completed_status, completed_date) VALUES (585370, 20181211, 20181218, 'weekly', 7, 'yes', 20181228);
INSERT INTO Test (patient_no, added, first_due_date, frequency, lab_id, completed_status, completed_date) VALUES (831379, 20190222, 20190301, 'weekly', 6, 'in review', 20190311);
INSERT INTO Test (patient_no, added, first_due_date, frequency, lab_id, completed_status, completed_date) VALUES (536046, 20190220, 20190227, 'weekly', 1, 'in review', 20190227);
INSERT INTO Test (patient_no, added, first_due_date, frequency, lab_id, completed_status, completed_date) VALUES (677915, 20190309, 20190316, 'weekly', 1, 'in review', 20190326);
INSERT INTO Test (patient_no, added, first_due_date, frequency, lab_id, completed_status, completed_date) VALUES (350286, 20181017, 20181024, 'weekly', 4, 'no', NULL);
INSERT INTO Test (patient_no, added, first_due_date, frequency, lab_id, completed_status, completed_date) VALUES (370760, 20190323, 20190402, 'weekly', 2, 'in review', 20190412);
INSERT INTO Test (patient_no, added, first_due_date, frequency, lab_id, completed_status, completed_date) VALUES (428080, 20190324, 20190403, 'weekly', 9, 'in review', 20190403);
INSERT INTO Test (patient_no, added, first_due_date, frequency, lab_id, completed_status, completed_date) VALUES (428080, 20190102, 20190109, 'weekly', 8, 'in review', 20190119);
INSERT INTO Test (patient_no, added, first_due_date, frequency, lab_id, completed_status, completed_date) VALUES (367687, 20190216, 20190223, 'weekly', 9, 'in review', 20190305);
INSERT INTO Test (patient_no, added, first_due_date, frequency, lab_id, completed_status, completed_date) VALUES (536046, 20190321, 20190328, 'weekly', 2, 'yes', 20190328);
INSERT INTO Test (patient_no, added, first_due_date, frequency, lab_id, completed_status, completed_date) VALUES (227308, 20190119, 20190126, 'weekly', 7, 'yes', 20190208);
INSERT INTO Test (patient_no, added, first_due_date, frequency, lab_id, completed_status, completed_date) VALUES (806837, 20190123, 20190202, 'weekly', 10, 'yes', 20190212);
INSERT INTO Test (patient_no, added, first_due_date, frequency, lab_id, completed_status, completed_date) VALUES (922622, 20181016, 20181023, 'weekly', 2, 'no', NULL);
INSERT INTO Test (patient_no, added, first_due_date, frequency, lab_id, completed_status, completed_date) VALUES (335840, 20190223, 20190302, 'weekly', 3, 'yes', 20190312);
INSERT INTO Test (patient_no, added, first_due_date, frequency, lab_id, completed_status, completed_date) VALUES (916167, 20181026, 20181105, 'weekly', 3, 'in review', 20181115);
INSERT INTO Test (patient_no, added, first_due_date, frequency, lab_id, completed_status, completed_date) VALUES (400620, 20190224, 20190303, 'weekly', 10, 'no', NULL);
INSERT INTO Test (patient_no, added, first_due_date, frequency, lab_id, completed_status, completed_date) VALUES (453845, 20190115, 20190122, 'weekly', 8, 'no', NULL);
INSERT INTO Test (patient_no, added, first_due_date, frequency, lab_id, completed_status, completed_date) VALUES (277253, 20190128, 20190207, 'weekly', 3, 'in review', 20190217);
INSERT INTO Test (patient_no, added, first_due_date, frequency, lab_id, completed_status, completed_date) VALUES (20406, 20181210, 20181217, 'weekly', 6, 'in review', 20181227);
INSERT INTO Test (patient_no, added, first_due_date, frequency, lab_id, completed_status, completed_date) VALUES (179881, 20190113, 20190120, 'weekly', 5, 'in review', 20190202);
INSERT INTO Test (patient_no, added, first_due_date, frequency, lab_id, completed_status, completed_date) VALUES (847962, 20190328, 20190407, 'weekly', 10, 'in review', 20190417);
INSERT INTO Test (patient_no, added, first_due_date, frequency, lab_id, completed_status, completed_date) VALUES (428080, 20181119, 20181126, 'weekly', 4, 'yes', 20181208);
INSERT INTO Test (patient_no, added, first_due_date, frequency, lab_id, completed_status, completed_date) VALUES (69090, 20181027, 20181106, 'weekly', 4, 'no', NULL);
INSERT INTO Test (patient_no, added, first_due_date, frequency, lab_id, completed_status, completed_date) VALUES (85194, 20181228, 20190107, 'weekly', 1, 'yes', 20190117);
INSERT INTO Test (patient_no, added, first_due_date, frequency, lab_id, completed_status, completed_date) VALUES (677915, 20181115, 20181122, 'weekly', 9, 'no', NULL);
INSERT INTO Test (patient_no, added, first_due_date, frequency, lab_id, completed_status, completed_date) VALUES (105258, 20181224, 20190103, 'weekly', 4, 'in review', 20190113);
INSERT INTO Test (patient_no, added, first_due_date, frequency, lab_id, completed_status, completed_date) VALUES (129514, 20190122, 20190201, 'weekly', 6, 'yes', 20190201);
INSERT INTO Test (patient_no, added, first_due_date, frequency, lab_id, completed_status, completed_date) VALUES (753075, 20190127, 20190206, 'weekly', 3, 'in review', 20190216);
INSERT INTO Test (patient_no, added, first_due_date, frequency, lab_id, completed_status, completed_date) VALUES (661475, 20190220, 20190227, 'weekly', 3, 'yes', 20190227);
INSERT INTO Test (patient_no, added, first_due_date, frequency, lab_id, completed_status, completed_date) VALUES (14052, 20181109, 20181116, 'weekly', 6, 'no', NULL);
INSERT INTO Test (patient_no, added, first_due_date, frequency, lab_id, completed_status, completed_date) VALUES (316164, 20190121, 20190128, 'weekly', 8, 'no', NULL);
INSERT INTO Test (patient_no, added, first_due_date, frequency, lab_id, completed_status, completed_date) VALUES (677915, 20181203, 20181210, 'weekly', 3, 'yes', 20181220);
INSERT INTO Test (patient_no, added, first_due_date, frequency, lab_id, completed_status, completed_date) VALUES (758928, 20190224, 20190303, 'weekly', 2, 'in review', 20190313);
INSERT INTO Test (patient_no, added, first_due_date, frequency, lab_id, completed_status, completed_date) VALUES (831379, 20190305, 20190312, 'weekly', 1, 'yes', 20190322);
INSERT INTO Test (patient_no, added, first_due_date, frequency, lab_id, completed_status, completed_date) VALUES (473074, 20190120, 20190127, 'weekly', 6, 'no', NULL);
INSERT INTO Test (patient_no, added, first_due_date, frequency, lab_id, completed_status, completed_date) VALUES (958222, 20190305, 20190312, 'weekly', 8, 'in review', 20190322);
INSERT INTO Test (patient_no, added, first_due_date, frequency, lab_id, completed_status, completed_date) VALUES (217079, 20190224, 20190303, 'weekly', 7, 'yes', 20190313);
INSERT INTO Test (patient_no, added, first_due_date, frequency, lab_id, completed_status, completed_date) VALUES (820366, 20181110, 20181117, 'weekly', 9, 'yes', 20181117);
INSERT INTO Test (patient_no, added, first_due_date, frequency, lab_id, completed_status, completed_date) VALUES (997056, 20190324, 20190403, 'weekly', 5, 'in review', 20190413);
INSERT INTO Test (patient_no, added, first_due_date, frequency, lab_id, completed_status, completed_date) VALUES (123389, 20181121, 20181128, 'weekly', 9, 'yes', 20181210);
INSERT INTO Test (patient_no, added, first_due_date, frequency, lab_id, completed_status, completed_date) VALUES (894063, 20190327, 20190406, 'weekly', 9, 'yes', 20190416);
INSERT INTO Test (patient_no, added, first_due_date, frequency, lab_id, completed_status, completed_date) VALUES (436252, 20181010, 20181017, 'weekly', 8, 'no', NULL);
INSERT INTO Test (patient_no, added, first_due_date, frequency, lab_id, completed_status, completed_date) VALUES (425251, 20190312, 20190319, 'weekly', 2, 'in review', 20190319);
INSERT INTO Test (patient_no, added, first_due_date, frequency, lab_id, completed_status, completed_date) VALUES (692810, 20190220, 20190227, 'weekly', 3, 'yes', 20190309);
INSERT INTO Test (patient_no, added, first_due_date, frequency, lab_id, completed_status, completed_date) VALUES (368179, 20181128, 20181207, 'weekly', 1, 'in review', 20181217);
INSERT INTO Test (patient_no, added, first_due_date, frequency, lab_id, completed_status, completed_date) VALUES (420287, 20190119, 20190126, 'weekly', 10, 'yes', 20190208);
INSERT INTO Test (patient_no, added, first_due_date, frequency, lab_id, completed_status, completed_date) VALUES (954903, 20190207, 20190214, 'weekly', 8, 'in review', 20190214);
INSERT INTO Test (patient_no, added, first_due_date, frequency, lab_id, completed_status, completed_date) VALUES (885994, 20181121, 20181128, 'weekly', 7, 'in review', 20181210);
INSERT INTO Test (patient_no, added, first_due_date, frequency, lab_id, completed_status, completed_date) VALUES (504017, 20190301, 20190308, 'weekly', 10, 'yes', 20190308);
INSERT INTO Test (patient_no, added, first_due_date, frequency, lab_id, completed_status, completed_date) VALUES (225492, 20190118, 20190125, 'weekly', 3, 'yes', 20190207);
INSERT INTO Test (patient_no, added, first_due_date, frequency, lab_id, completed_status, completed_date) VALUES (179881, 20190316, 20190323, 'weekly', 1, 'in review', 20190405);
INSERT INTO Test (patient_no, added, first_due_date, frequency, lab_id, completed_status, completed_date) VALUES (113482, 20190311, 20190318, 'weekly', 5, 'in review', 20190318);
INSERT INTO Test (patient_no, added, first_due_date, frequency, lab_id, completed_status, completed_date) VALUES (504037, 20190318, 20190325, 'weekly', 3, 'in review', 20190325);
INSERT INTO Test (patient_no, added, first_due_date, frequency, lab_id, completed_status, completed_date) VALUES (17707, 20190212, 20190219, 'weekly', 4, 'in review', 20190219);
INSERT INTO Test (patient_no, added, first_due_date, frequency, lab_id, completed_status, completed_date) VALUES (368179, 20190208, 20190215, 'weekly', 5, 'yes', 20190225);
INSERT INTO Test (patient_no, added, first_due_date, frequency, lab_id, completed_status, completed_date) VALUES (127137, 20190128, 20190207, 'weekly', 8, 'no', NULL);
INSERT INTO Test (patient_no, added, first_due_date, frequency, lab_id, completed_status, completed_date) VALUES (994339, 20181210, 20181217, 'weekly', 4, 'no', NULL);
INSERT INTO Test (patient_no, added, first_due_date, frequency, lab_id, completed_status, completed_date) VALUES (350286, 20190213, 20190220, 'weekly', 2, 'yes', 20190302);
INSERT INTO Test (patient_no, added, first_due_date, frequency, lab_id, completed_status, completed_date) VALUES (225521, 20190324, 20190403, 'weekly', 4, 'no', NULL);
INSERT INTO Test (patient_no, added, first_due_date, frequency, lab_id, completed_status, completed_date) VALUES (962658, 20190122, 20190201, 'weekly', 8, 'no', NULL);
INSERT INTO Test (patient_no, added, first_due_date, frequency, lab_id, completed_status, completed_date) VALUES (308991, 20190125, 20190204, 'weekly', 8, 'yes', 20190204);
INSERT INTO Test (patient_no, added, first_due_date, frequency, lab_id, completed_status, completed_date) VALUES (753075, 20190119, 20190126, 'weekly', 6, 'no', NULL);
INSERT INTO Test (patient_no, added, first_due_date, frequency, lab_id, completed_status, completed_date) VALUES (959020, 20181224, 20190103, 'weekly', 1, 'in review', 20190113);
INSERT INTO Test (patient_no, added, first_due_date, frequency, lab_id, completed_status, completed_date) VALUES (113482, 20181028, 20181107, 'weekly', 5, 'yes', 20181117);
INSERT INTO Test (patient_no, added, first_due_date, frequency, lab_id, completed_status, completed_date) VALUES (908649, 20181017, 20181024, 'weekly', 1, 'in review', 20181106);
INSERT INTO Test (patient_no, added, first_due_date, frequency, lab_id, completed_status, completed_date) VALUES (297191, 20190325, 20190404, 'weekly', 3, 'no', NULL);
INSERT INTO Test (patient_no, added, first_due_date, frequency, lab_id, completed_status, completed_date) VALUES (390050, 20190103, 20190110, 'weekly', 5, 'yes', 20190110);
INSERT INTO Test (patient_no, added, first_due_date, frequency, lab_id, completed_status, completed_date) VALUES (786776, 20181220, 20181227, 'weekly', 4, 'in review', 20181227);
INSERT INTO Test (patient_no, added, first_due_date, frequency, lab_id, completed_status, completed_date) VALUES (997056, 20190222, 20190301, 'weekly', 7, 'in review', 20190311);
INSERT INTO Test (patient_no, added, first_due_date, frequency, lab_id, completed_status, completed_date) VALUES (286631, 20181020, 20181027, 'weekly', 1, 'yes', 20181109);
INSERT INTO Test (patient_no, added, first_due_date, frequency, lab_id, completed_status, completed_date) VALUES (201288, 20190125, 20190204, 'weekly', 6, 'in review', 20190204);
INSERT INTO Test (patient_no, added, first_due_date, frequency, lab_id, completed_status, completed_date) VALUES (967329, 20190128, 20190207, 'weekly', 10, 'in review', 20190217);
INSERT INTO Test (patient_no, added, first_due_date, frequency, lab_id, completed_status, completed_date) VALUES (955704, 20181208, 20181215, 'weekly', 5, 'yes', 20181225);
INSERT INTO Test (patient_no, added, first_due_date, frequency, lab_id, completed_status, completed_date) VALUES (961686, 20190101, 20190108, 'weekly', 7, 'no', NULL);
INSERT INTO Test (patient_no, added, first_due_date, frequency, lab_id, completed_status, completed_date) VALUES (954903, 20190306, 20190313, 'weekly', 9, 'yes', 20190313);
INSERT INTO Test (patient_no, added, first_due_date, frequency, lab_id, completed_status, completed_date) VALUES (953836, 20190324, 20190403, 'weekly', 3, 'no', NULL);
INSERT INTO Test (patient_no, added, first_due_date, frequency, lab_id, completed_status, completed_date) VALUES (127137, 20190208, 20190215, 'weekly', 9, 'in review', 20190225);
INSERT INTO Test (patient_no, added, first_due_date, frequency, lab_id, completed_status, completed_date) VALUES (548263, 20190222, 20190301, 'weekly', 4, 'in review', 20190311);
INSERT INTO Test (patient_no, added, first_due_date, frequency, lab_id, completed_status, completed_date) VALUES (894063, 20181101, 20181108, 'weekly', 7, 'yes', 20181118);
INSERT INTO Test (patient_no, added, first_due_date, frequency, lab_id, completed_status, completed_date) VALUES (594219, 20190209, 20190216, 'weekly', 1, 'yes', 20190226);
INSERT INTO Test (patient_no, added, first_due_date, frequency, lab_id, completed_status, completed_date) VALUES (418685, 20190314, 20190321, 'weekly', 9, 'no', NULL);
INSERT INTO Test (patient_no, added, first_due_date, frequency, lab_id, completed_status, completed_date) VALUES (940567, 20181108, 20181115, 'weekly', 1, 'yes', 20181125);
INSERT INTO Test (patient_no, added, first_due_date, frequency, lab_id, completed_status, completed_date) VALUES (959647, 20190206, 20190213, 'weekly', 7, 'no', NULL);
INSERT INTO Test (patient_no, added, first_due_date, frequency, lab_id, completed_status, completed_date) VALUES (17707, 20181208, 20181215, 'weekly', 8, 'yes', 20181225);
INSERT INTO Test (patient_no, added, first_due_date, frequency, lab_id, completed_status, completed_date) VALUES (189650, 20190204, 20190211, 'weekly', 10, 'no', NULL);
INSERT INTO Test (patient_no, added, first_due_date, frequency, lab_id, completed_status, completed_date) VALUES (831379, 20181120, 20181127, 'weekly', 3, 'in review', 20181209);
INSERT INTO Test (patient_no, added, first_due_date, frequency, lab_id, completed_status, completed_date) VALUES (31672, 20181114, 20181121, 'weekly', 3, 'yes', 20181121);
INSERT INTO Test (patient_no, added, first_due_date, frequency, lab_id, completed_status, completed_date) VALUES (693926, 20181209, 20181216, 'weekly', 5, 'yes', 20181226);
INSERT INTO Test (patient_no, added, first_due_date, frequency, lab_id, completed_status, completed_date) VALUES (586029, 20181023, 20181102, 'weekly', 5, 'no', NULL);
INSERT INTO Test (patient_no, added, first_due_date, frequency, lab_id, completed_status, completed_date) VALUES (959647, 20190328, 20190407, 'weekly', 3, 'no', NULL);
INSERT INTO Test (patient_no, added, first_due_date, frequency, lab_id, completed_status, completed_date) VALUES (310472, 20181110, 20181117, 'weekly', 9, 'no', NULL);
INSERT INTO Test (patient_no, added, first_due_date, frequency, lab_id, completed_status, completed_date) VALUES (225521, 20181102, 20181109, 'weekly', 6, 'yes', 20181119);
INSERT INTO Test (patient_no, added, first_due_date, frequency, lab_id, completed_status, completed_date) VALUES (567401, 20181019, 20181026, 'weekly', 1, 'in review', 20181108);
INSERT INTO Test (patient_no, added, first_due_date, frequency, lab_id, completed_status, completed_date) VALUES (31672, 20181111, 20181118, 'weekly', 8, 'no', NULL);
INSERT INTO Test (patient_no, added, first_due_date, frequency, lab_id, completed_status, completed_date) VALUES (469524, 20181125, 20181204, 'weekly', 5, 'yes', 20181214);
INSERT INTO Test (patient_no, added, first_due_date, frequency, lab_id, completed_status, completed_date) VALUES (885924, 20190216, 20190223, 'weekly', 6, 'no', NULL);
INSERT INTO Test (patient_no, added, first_due_date, frequency, lab_id, completed_status, completed_date) VALUES (594219, 20190120, 20190127, 'weekly', 7, 'in review', 20190209);
INSERT INTO Test (patient_no, added, first_due_date, frequency, lab_id, completed_status, completed_date) VALUES (989785, 20190108, 20190115, 'weekly', 8, 'in review', 20190125);
INSERT INTO Test (patient_no, added, first_due_date, frequency, lab_id, completed_status, completed_date) VALUES (885994, 20190219, 20190226, 'weekly', 1, 'no', NULL);
