-- This is a generated file. Please, do not modify it manually.

USE BloodTestDB;

DELETE FROM Carer;
DELETE FROM Test;
DELETE FROM Patient;
DELETE FROM Laboratory;
DELETE FROM TokenControl;

INSERT INTO Laboratory (lab_id, lab_name, lab_email) VALUES (1, 'lab1', 'lab1@gmail.com');
INSERT INTO Laboratory (lab_id, lab_name, lab_email) VALUES (2, 'lab2', 'lab2@gmail.com');
INSERT INTO Laboratory (lab_id, lab_name, lab_email) VALUES (3, 'lab3', 'lab3@gmail.com');
INSERT INTO Laboratory (lab_id, lab_name, lab_email) VALUES (4, 'lab4', 'lab4@gmail.com');
INSERT INTO Laboratory (lab_id, lab_name, lab_email) VALUES (5, 'lab5', 'lab5@gmail.com');
INSERT INTO Laboratory (lab_id, lab_name, lab_email) VALUES (6, 'lab6', 'lab6@gmail.com');
INSERT INTO Laboratory (lab_id, lab_name, lab_email) VALUES (7, 'lab7', 'lab7@gmail.com');
INSERT INTO Laboratory (lab_id, lab_name, lab_email) VALUES (8, 'lab8', 'lab8@gmail.com');
INSERT INTO Laboratory (lab_id, lab_name, lab_email) VALUES (9, 'lab9', 'lab9@gmail.com');
INSERT INTO Laboratory (lab_id, lab_name, lab_email) VALUES (10, 'lab10', 'lab10@gmail.com');

INSERT INTO Patient (patient_no, patient_name, patient_surname, patient_email, patient_phone) VALUES ('290816', 'name290816', 'surname290816', 'patient290816@gmail.com', '7348471806');
INSERT INTO Patient (patient_no, patient_name, patient_surname, patient_email, patient_phone) VALUES ('878592', 'name878592', 'surname878592', 'patient878592@gmail.com', '7919860733');
INSERT INTO Patient (patient_no, patient_name, patient_surname, patient_email, patient_phone) VALUES ('462850', 'name462850', 'surname462850', 'patient462850@gmail.com', '7614868476');
INSERT INTO Patient (patient_no, patient_name, patient_surname, patient_email, patient_phone) VALUES ('466947', 'name466947', 'surname466947', 'patient466947@gmail.com', '7448932095');
INSERT INTO Patient (patient_no, patient_name, patient_surname, patient_email, patient_phone) VALUES ('203268', 'name203268', 'surname203268', 'patient203268@gmail.com', '7971166318');
INSERT INTO Patient (patient_no, patient_name, patient_surname, patient_email, patient_phone) VALUES ('561669', 'name561669', 'surname561669', 'patient561669@gmail.com', '7488277161');
INSERT INTO Patient (patient_no, patient_name, patient_surname, patient_email, patient_phone) VALUES ('773640', 'name773640', 'surname773640', 'patient773640@gmail.com', '7172292594');
INSERT INTO Patient (patient_no, patient_name, patient_surname, patient_email, patient_phone) VALUES ('739341', 'name739341', 'surname739341', 'patient739341@gmail.com', '7559862257');
INSERT INTO Patient (patient_no, patient_name, patient_surname, patient_email, patient_phone) VALUES ('573338', 'name573338', 'surname573338', 'patient573338@gmail.com', '7207748591');
INSERT INTO Patient (patient_no, patient_name, patient_surname, patient_email, patient_phone) VALUES ('934927', 'name934927', 'surname934927', 'patient934927@gmail.com', '7966890990');
INSERT INTO Patient (patient_no, patient_name, patient_surname, patient_email, patient_phone) VALUES ('591378', 'name591378', 'surname591378', 'patient591378@gmail.com', '7500159981');
INSERT INTO Patient (patient_no, patient_name, patient_surname, patient_email, patient_phone) VALUES ('135699', 'name135699', 'surname135699', 'patient135699@gmail.com', '7977770919');
INSERT INTO Patient (patient_no, patient_name, patient_surname, patient_email, patient_phone) VALUES ('275476', 'name275476', 'surname275476', 'patient275476@gmail.com', '7521693162');
INSERT INTO Patient (patient_no, patient_name, patient_surname, patient_email, patient_phone) VALUES ('637463', 'name637463', 'surname637463', 'patient637463@gmail.com', '7083976169');
INSERT INTO Patient (patient_no, patient_name, patient_surname, patient_email, patient_phone) VALUES ('841247', 'name841247', 'surname841247', 'patient841247@gmail.com', '7826699238');
INSERT INTO Patient (patient_no, patient_name, patient_surname, patient_email, patient_phone) VALUES ('413733', 'name413733', 'surname413733', 'patient413733@gmail.com', '7941106930');
INSERT INTO Patient (patient_no, patient_name, patient_surname, patient_email, patient_phone) VALUES ('793127', 'name793127', 'surname793127', 'patient793127@gmail.com', '7581923299');
INSERT INTO Patient (patient_no, patient_name, patient_surname, patient_email, patient_phone) VALUES ('8749', 'name8749', 'surname8749', 'patient8749@gmail.com', '7467688523');
INSERT INTO Patient (patient_no, patient_name, patient_surname, patient_email, patient_phone) VALUES ('210485', 'name210485', 'surname210485', 'patient210485@gmail.com', '7394230752');
INSERT INTO Patient (patient_no, patient_name, patient_surname, patient_email, patient_phone) VALUES ('12553', 'name12553', 'surname12553', 'patient12553@gmail.com', '7444428767');
INSERT INTO Patient (patient_no, patient_name, patient_surname, patient_email, patient_phone) VALUES ('824888', 'name824888', 'surname824888', 'patient824888@gmail.com', '7483926778');
INSERT INTO Patient (patient_no, patient_name, patient_surname, patient_email, patient_phone) VALUES ('869433', 'name869433', 'surname869433', 'patient869433@gmail.com', '7396800988');
INSERT INTO Patient (patient_no, patient_name, patient_surname, patient_email, patient_phone) VALUES ('795896', 'name795896', 'surname795896', 'patient795896@gmail.com', '7381094361');
INSERT INTO Patient (patient_no, patient_name, patient_surname, patient_email, patient_phone) VALUES ('989756', 'name989756', 'surname989756', 'patient989756@gmail.com', '7028136408');
INSERT INTO Patient (patient_no, patient_name, patient_surname, patient_email, patient_phone) VALUES ('453181', 'name453181', 'surname453181', 'patient453181@gmail.com', '7196969195');
INSERT INTO Patient (patient_no, patient_name, patient_surname, patient_email, patient_phone) VALUES ('214078', 'name214078', 'surname214078', 'patient214078@gmail.com', '7671568340');
INSERT INTO Patient (patient_no, patient_name, patient_surname, patient_email, patient_phone) VALUES ('16453', 'name16453', 'surname16453', 'patient16453@gmail.com', '7882152915');
INSERT INTO Patient (patient_no, patient_name, patient_surname, patient_email, patient_phone) VALUES ('466502', 'name466502', 'surname466502', 'patient466502@gmail.com', '7602794961');
INSERT INTO Patient (patient_no, patient_name, patient_surname, patient_email, patient_phone) VALUES ('522311', 'name522311', 'surname522311', 'patient522311@gmail.com', '7710556109');
INSERT INTO Patient (patient_no, patient_name, patient_surname, patient_email, patient_phone) VALUES ('979529', 'name979529', 'surname979529', 'patient979529@gmail.com', '7806932983');
INSERT INTO Patient (patient_no, patient_name, patient_surname, patient_email, patient_phone) VALUES ('713911', 'name713911', 'surname713911', 'patient713911@gmail.com', '7160963529');
INSERT INTO Patient (patient_no, patient_name, patient_surname, patient_email, patient_phone) VALUES ('823885', 'name823885', 'surname823885', 'patient823885@gmail.com', '7368443847');
INSERT INTO Patient (patient_no, patient_name, patient_surname, patient_email, patient_phone) VALUES ('17999', 'name17999', 'surname17999', 'patient17999@gmail.com', '7137890245');
INSERT INTO Patient (patient_no, patient_name, patient_surname, patient_email, patient_phone) VALUES ('201808', 'name201808', 'surname201808', 'patient201808@gmail.com', '7664163267');
INSERT INTO Patient (patient_no, patient_name, patient_surname, patient_email, patient_phone) VALUES ('481873', 'name481873', 'surname481873', 'patient481873@gmail.com', '7632588737');
INSERT INTO Patient (patient_no, patient_name, patient_surname, patient_email, patient_phone) VALUES ('588883', 'name588883', 'surname588883', 'patient588883@gmail.com', '7105276352');
INSERT INTO Patient (patient_no, patient_name, patient_surname, patient_email, patient_phone) VALUES ('531540', 'name531540', 'surname531540', 'patient531540@gmail.com', '7938218741');
INSERT INTO Patient (patient_no, patient_name, patient_surname, patient_email, patient_phone) VALUES ('2134', 'name2134', 'surname2134', 'patient2134@gmail.com', '7680301501');
INSERT INTO Patient (patient_no, patient_name, patient_surname, patient_email, patient_phone) VALUES ('627215', 'name627215', 'surname627215', 'patient627215@gmail.com', '7398252988');
INSERT INTO Patient (patient_no, patient_name, patient_surname, patient_email, patient_phone) VALUES ('662458', 'name662458', 'surname662458', 'patient662458@gmail.com', '7272789947');
INSERT INTO Patient (patient_no, patient_name, patient_surname, patient_email, patient_phone) VALUES ('990814', 'name990814', 'surname990814', 'patient990814@gmail.com', '7733608888');
INSERT INTO Patient (patient_no, patient_name, patient_surname, patient_email, patient_phone) VALUES ('502544', 'name502544', 'surname502544', 'patient502544@gmail.com', '7301901238');
INSERT INTO Patient (patient_no, patient_name, patient_surname, patient_email, patient_phone) VALUES ('811107', 'name811107', 'surname811107', 'patient811107@gmail.com', '7432683422');
INSERT INTO Patient (patient_no, patient_name, patient_surname, patient_email, patient_phone) VALUES ('282724', 'name282724', 'surname282724', 'patient282724@gmail.com', '7715427764');
INSERT INTO Patient (patient_no, patient_name, patient_surname, patient_email, patient_phone) VALUES ('70759', 'name70759', 'surname70759', 'patient70759@gmail.com', '7477315507');
INSERT INTO Patient (patient_no, patient_name, patient_surname, patient_email, patient_phone) VALUES ('477800', 'name477800', 'surname477800', 'patient477800@gmail.com', '7481468317');
INSERT INTO Patient (patient_no, patient_name, patient_surname, patient_email, patient_phone) VALUES ('318570', 'name318570', 'surname318570', 'patient318570@gmail.com', '7168923566');
INSERT INTO Patient (patient_no, patient_name, patient_surname, patient_email, patient_phone) VALUES ('414311', 'name414311', 'surname414311', 'patient414311@gmail.com', '7192801197');
INSERT INTO Patient (patient_no, patient_name, patient_surname, patient_email, patient_phone) VALUES ('523374', 'name523374', 'surname523374', 'patient523374@gmail.com', '7282357676');
INSERT INTO Patient (patient_no, patient_name, patient_surname, patient_email, patient_phone) VALUES ('857714', 'name857714', 'surname857714', 'patient857714@gmail.com', '7228505159');
INSERT INTO Patient (patient_no, patient_name, patient_surname, patient_email, patient_phone) VALUES ('931960', 'name931960', 'surname931960', 'patient931960@gmail.com', '7712560042');
INSERT INTO Patient (patient_no, patient_name, patient_surname, patient_email, patient_phone) VALUES ('929403', 'name929403', 'surname929403', 'patient929403@gmail.com', '7554330025');
INSERT INTO Patient (patient_no, patient_name, patient_surname, patient_email, patient_phone) VALUES ('123520', 'name123520', 'surname123520', 'patient123520@gmail.com', '7471189415');
INSERT INTO Patient (patient_no, patient_name, patient_surname, patient_email, patient_phone) VALUES ('564356', 'name564356', 'surname564356', 'patient564356@gmail.com', '7613270950');
INSERT INTO Patient (patient_no, patient_name, patient_surname, patient_email, patient_phone) VALUES ('438921', 'name438921', 'surname438921', 'patient438921@gmail.com', '7228366756');
INSERT INTO Patient (patient_no, patient_name, patient_surname, patient_email, patient_phone) VALUES ('669207', 'name669207', 'surname669207', 'patient669207@gmail.com', '7052799643');
INSERT INTO Patient (patient_no, patient_name, patient_surname, patient_email, patient_phone) VALUES ('905581', 'name905581', 'surname905581', 'patient905581@gmail.com', '7143094175');
INSERT INTO Patient (patient_no, patient_name, patient_surname, patient_email, patient_phone) VALUES ('296593', 'name296593', 'surname296593', 'patient296593@gmail.com', '7840344990');
INSERT INTO Patient (patient_no, patient_name, patient_surname, patient_email, patient_phone) VALUES ('683666', 'name683666', 'surname683666', 'patient683666@gmail.com', '7189055130');
INSERT INTO Patient (patient_no, patient_name, patient_surname, patient_email, patient_phone) VALUES ('406676', 'name406676', 'surname406676', 'patient406676@gmail.com', '7513866138');
INSERT INTO Patient (patient_no, patient_name, patient_surname, patient_email, patient_phone) VALUES ('441401', 'name441401', 'surname441401', 'patient441401@gmail.com', '7384896407');
INSERT INTO Patient (patient_no, patient_name, patient_surname, patient_email, patient_phone) VALUES ('357528', 'name357528', 'surname357528', 'patient357528@gmail.com', '7861056405');
INSERT INTO Patient (patient_no, patient_name, patient_surname, patient_email, patient_phone) VALUES ('602023', 'name602023', 'surname602023', 'patient602023@gmail.com', '7524067220');
INSERT INTO Patient (patient_no, patient_name, patient_surname, patient_email, patient_phone) VALUES ('179869', 'name179869', 'surname179869', 'patient179869@gmail.com', '7756917827');
INSERT INTO Patient (patient_no, patient_name, patient_surname, patient_email, patient_phone) VALUES ('412870', 'name412870', 'surname412870', 'patient412870@gmail.com', '7457541520');
INSERT INTO Patient (patient_no, patient_name, patient_surname, patient_email, patient_phone) VALUES ('216742', 'name216742', 'surname216742', 'patient216742@gmail.com', '7151903117');
INSERT INTO Patient (patient_no, patient_name, patient_surname, patient_email, patient_phone) VALUES ('122140', 'name122140', 'surname122140', 'patient122140@gmail.com', '7898331020');
INSERT INTO Patient (patient_no, patient_name, patient_surname, patient_email, patient_phone) VALUES ('172146', 'name172146', 'surname172146', 'patient172146@gmail.com', '7250918283');
INSERT INTO Patient (patient_no, patient_name, patient_surname, patient_email, patient_phone) VALUES ('318152', 'name318152', 'surname318152', 'patient318152@gmail.com', '7646828103');
INSERT INTO Patient (patient_no, patient_name, patient_surname, patient_email, patient_phone) VALUES ('313523', 'name313523', 'surname313523', 'patient313523@gmail.com', '7936722308');
INSERT INTO Patient (patient_no, patient_name, patient_surname, patient_email, patient_phone) VALUES ('316105', 'name316105', 'surname316105', 'patient316105@gmail.com', '7922129131');
INSERT INTO Patient (patient_no, patient_name, patient_surname, patient_email, patient_phone) VALUES ('516793', 'name516793', 'surname516793', 'patient516793@gmail.com', '7790915011');
INSERT INTO Patient (patient_no, patient_name, patient_surname, patient_email, patient_phone) VALUES ('330426', 'name330426', 'surname330426', 'patient330426@gmail.com', '7776812417');
INSERT INTO Patient (patient_no, patient_name, patient_surname, patient_email, patient_phone) VALUES ('549563', 'name549563', 'surname549563', 'patient549563@gmail.com', '7220661632');
INSERT INTO Patient (patient_no, patient_name, patient_surname, patient_email, patient_phone) VALUES ('971969', 'name971969', 'surname971969', 'patient971969@gmail.com', '7381487727');
INSERT INTO Patient (patient_no, patient_name, patient_surname, patient_email, patient_phone) VALUES ('569026', 'name569026', 'surname569026', 'patient569026@gmail.com', '7639339242');
INSERT INTO Patient (patient_no, patient_name, patient_surname, patient_email, patient_phone) VALUES ('704971', 'name704971', 'surname704971', 'patient704971@gmail.com', '7302391537');
INSERT INTO Patient (patient_no, patient_name, patient_surname, patient_email, patient_phone) VALUES ('181958', 'name181958', 'surname181958', 'patient181958@gmail.com', '7517641082');
INSERT INTO Patient (patient_no, patient_name, patient_surname, patient_email, patient_phone) VALUES ('935623', 'name935623', 'surname935623', 'patient935623@gmail.com', '7591011058');
INSERT INTO Patient (patient_no, patient_name, patient_surname, patient_email, patient_phone) VALUES ('30408', 'name30408', 'surname30408', 'patient30408@gmail.com', '7201656482');
INSERT INTO Patient (patient_no, patient_name, patient_surname, patient_email, patient_phone) VALUES ('208585', 'name208585', 'surname208585', 'patient208585@gmail.com', '7850738549');
INSERT INTO Patient (patient_no, patient_name, patient_surname, patient_email, patient_phone) VALUES ('798410', 'name798410', 'surname798410', 'patient798410@gmail.com', '7175176564');
INSERT INTO Patient (patient_no, patient_name, patient_surname, patient_email, patient_phone) VALUES ('26317', 'name26317', 'surname26317', 'patient26317@gmail.com', '7582762355');
INSERT INTO Patient (patient_no, patient_name, patient_surname, patient_email, patient_phone) VALUES ('172750', 'name172750', 'surname172750', 'patient172750@gmail.com', '7254089073');
INSERT INTO Patient (patient_no, patient_name, patient_surname, patient_email, patient_phone) VALUES ('71375', 'name71375', 'surname71375', 'patient71375@gmail.com', '7234858864');
INSERT INTO Patient (patient_no, patient_name, patient_surname, patient_email, patient_phone) VALUES ('155861', 'name155861', 'surname155861', 'patient155861@gmail.com', '7252626798');
INSERT INTO Patient (patient_no, patient_name, patient_surname, patient_email, patient_phone) VALUES ('346326', 'name346326', 'surname346326', 'patient346326@gmail.com', '7831501820');
INSERT INTO Patient (patient_no, patient_name, patient_surname, patient_email, patient_phone) VALUES ('797403', 'name797403', 'surname797403', 'patient797403@gmail.com', '7343355756');
INSERT INTO Patient (patient_no, patient_name, patient_surname, patient_email, patient_phone) VALUES ('460511', 'name460511', 'surname460511', 'patient460511@gmail.com', '7274896234');
INSERT INTO Patient (patient_no, patient_name, patient_surname, patient_email, patient_phone) VALUES ('775904', 'name775904', 'surname775904', 'patient775904@gmail.com', '7213146984');
INSERT INTO Patient (patient_no, patient_name, patient_surname, patient_email, patient_phone) VALUES ('23780', 'name23780', 'surname23780', 'patient23780@gmail.com', '7924333411');
INSERT INTO Patient (patient_no, patient_name, patient_surname, patient_email, patient_phone) VALUES ('756775', 'name756775', 'surname756775', 'patient756775@gmail.com', '7985052001');
INSERT INTO Patient (patient_no, patient_name, patient_surname, patient_email, patient_phone) VALUES ('101612', 'name101612', 'surname101612', 'patient101612@gmail.com', '7130084581');
INSERT INTO Patient (patient_no, patient_name, patient_surname, patient_email, patient_phone) VALUES ('503479', 'name503479', 'surname503479', 'patient503479@gmail.com', '7812604252');
INSERT INTO Patient (patient_no, patient_name, patient_surname, patient_email, patient_phone) VALUES ('111342', 'name111342', 'surname111342', 'patient111342@gmail.com', '7053623131');
INSERT INTO Patient (patient_no, patient_name, patient_surname, patient_email, patient_phone) VALUES ('201458', 'name201458', 'surname201458', 'patient201458@gmail.com', '7854528740');
INSERT INTO Patient (patient_no, patient_name, patient_surname, patient_email, patient_phone) VALUES ('80628', 'name80628', 'surname80628', 'patient80628@gmail.com', '7732608609');
INSERT INTO Patient (patient_no, patient_name, patient_surname, patient_email, patient_phone) VALUES ('529141', 'name529141', 'surname529141', 'patient529141@gmail.com', '7869904725');
INSERT INTO Patient (patient_no, patient_name, patient_surname, patient_email, patient_phone) VALUES ('212215', 'name212215', 'surname212215', 'patient212215@gmail.com', '7178507082');
INSERT INTO Patient (patient_no, patient_name, patient_surname, patient_email, patient_phone) VALUES ('921336', 'name921336', 'surname921336', 'patient921336@gmail.com', '7690876387');
INSERT INTO Patient (patient_no, patient_name, patient_surname, patient_email, patient_phone) VALUES ('762619', 'name762619', 'surname762619', 'patient762619@gmail.com', '7501632849');
INSERT INTO Patient (patient_no, patient_name, patient_surname, patient_email, patient_phone) VALUES ('120106', 'name120106', 'surname120106', 'patient120106@gmail.com', '7684886861');
INSERT INTO Patient (patient_no, patient_name, patient_surname, patient_email, patient_phone) VALUES ('742101', 'name742101', 'surname742101', 'patient742101@gmail.com', '7543780172');
INSERT INTO Patient (patient_no, patient_name, patient_surname, patient_email, patient_phone) VALUES ('166658', 'name166658', 'surname166658', 'patient166658@gmail.com', '7253089099');
INSERT INTO Patient (patient_no, patient_name, patient_surname, patient_email, patient_phone) VALUES ('356054', 'name356054', 'surname356054', 'patient356054@gmail.com', '7238445691');
INSERT INTO Patient (patient_no, patient_name, patient_surname, patient_email, patient_phone) VALUES ('364809', 'name364809', 'surname364809', 'patient364809@gmail.com', '7645502793');
INSERT INTO Patient (patient_no, patient_name, patient_surname, patient_email, patient_phone) VALUES ('218381', 'name218381', 'surname218381', 'patient218381@gmail.com', '7064401735');
INSERT INTO Patient (patient_no, patient_name, patient_surname, patient_email, patient_phone) VALUES ('31789', 'name31789', 'surname31789', 'patient31789@gmail.com', '7920416069');
INSERT INTO Patient (patient_no, patient_name, patient_surname, patient_email, patient_phone) VALUES ('504592', 'name504592', 'surname504592', 'patient504592@gmail.com', '7872010052');
INSERT INTO Patient (patient_no, patient_name, patient_surname, patient_email, patient_phone) VALUES ('448789', 'name448789', 'surname448789', 'patient448789@gmail.com', '7517269984');
INSERT INTO Patient (patient_no, patient_name, patient_surname, patient_email, patient_phone) VALUES ('659734', 'name659734', 'surname659734', 'patient659734@gmail.com', '7461605694');
INSERT INTO Patient (patient_no, patient_name, patient_surname, patient_email, patient_phone) VALUES ('502042', 'name502042', 'surname502042', 'patient502042@gmail.com', '7798371641');
INSERT INTO Patient (patient_no, patient_name, patient_surname, patient_email, patient_phone) VALUES ('31535', 'name31535', 'surname31535', 'patient31535@gmail.com', '7473229624');
INSERT INTO Patient (patient_no, patient_name, patient_surname, patient_email, patient_phone) VALUES ('668956', 'name668956', 'surname668956', 'patient668956@gmail.com', '7235382071');
INSERT INTO Patient (patient_no, patient_name, patient_surname, patient_email, patient_phone) VALUES ('618781', 'name618781', 'surname618781', 'patient618781@gmail.com', '7103414069');
INSERT INTO Patient (patient_no, patient_name, patient_surname, patient_email, patient_phone) VALUES ('805157', 'name805157', 'surname805157', 'patient805157@gmail.com', '7223872799');
INSERT INTO Patient (patient_no, patient_name, patient_surname, patient_email, patient_phone) VALUES ('564007', 'name564007', 'surname564007', 'patient564007@gmail.com', '7535428403');
INSERT INTO Patient (patient_no, patient_name, patient_surname, patient_email, patient_phone) VALUES ('77608', 'name77608', 'surname77608', 'patient77608@gmail.com', '7565946162');
INSERT INTO Patient (patient_no, patient_name, patient_surname, patient_email, patient_phone) VALUES ('299818', 'name299818', 'surname299818', 'patient299818@gmail.com', '7547730225');
INSERT INTO Patient (patient_no, patient_name, patient_surname, patient_email, patient_phone) VALUES ('326445', 'name326445', 'surname326445', 'patient326445@gmail.com', '7445170480');
INSERT INTO Patient (patient_no, patient_name, patient_surname, patient_email, patient_phone) VALUES ('567087', 'name567087', 'surname567087', 'patient567087@gmail.com', '7404206383');
INSERT INTO Patient (patient_no, patient_name, patient_surname, patient_email, patient_phone) VALUES ('955263', 'name955263', 'surname955263', 'patient955263@gmail.com', '7580812082');
INSERT INTO Patient (patient_no, patient_name, patient_surname, patient_email, patient_phone) VALUES ('989493', 'name989493', 'surname989493', 'patient989493@gmail.com', '7717922601');
INSERT INTO Patient (patient_no, patient_name, patient_surname, patient_email, patient_phone) VALUES ('393353', 'name393353', 'surname393353', 'patient393353@gmail.com', '7180590888');
INSERT INTO Patient (patient_no, patient_name, patient_surname, patient_email, patient_phone) VALUES ('858426', 'name858426', 'surname858426', 'patient858426@gmail.com', '7061803209');
INSERT INTO Patient (patient_no, patient_name, patient_surname, patient_email, patient_phone) VALUES ('352573', 'name352573', 'surname352573', 'patient352573@gmail.com', '7270809893');
INSERT INTO Patient (patient_no, patient_name, patient_surname, patient_email, patient_phone) VALUES ('877888', 'name877888', 'surname877888', 'patient877888@gmail.com', '7109795620');
INSERT INTO Patient (patient_no, patient_name, patient_surname, patient_email, patient_phone) VALUES ('734018', 'name734018', 'surname734018', 'patient734018@gmail.com', '7665927457');
INSERT INTO Patient (patient_no, patient_name, patient_surname, patient_email, patient_phone) VALUES ('172355', 'name172355', 'surname172355', 'patient172355@gmail.com', '7116226693');
INSERT INTO Patient (patient_no, patient_name, patient_surname, patient_email, patient_phone) VALUES ('644932', 'name644932', 'surname644932', 'patient644932@gmail.com', '7363542814');
INSERT INTO Patient (patient_no, patient_name, patient_surname, patient_email, patient_phone) VALUES ('635717', 'name635717', 'surname635717', 'patient635717@gmail.com', '7017408730');
INSERT INTO Patient (patient_no, patient_name, patient_surname, patient_email, patient_phone) VALUES ('232776', 'name232776', 'surname232776', 'patient232776@gmail.com', '7531403548');
INSERT INTO Patient (patient_no, patient_name, patient_surname, patient_email, patient_phone) VALUES ('498231', 'name498231', 'surname498231', 'patient498231@gmail.com', '7704658735');
INSERT INTO Patient (patient_no, patient_name, patient_surname, patient_email, patient_phone) VALUES ('586572', 'name586572', 'surname586572', 'patient586572@gmail.com', '7288715546');
INSERT INTO Patient (patient_no, patient_name, patient_surname, patient_email, patient_phone) VALUES ('639459', 'name639459', 'surname639459', 'patient639459@gmail.com', '7263137049');
INSERT INTO Patient (patient_no, patient_name, patient_surname, patient_email, patient_phone) VALUES ('193673', 'name193673', 'surname193673', 'patient193673@gmail.com', '7445682456');
INSERT INTO Patient (patient_no, patient_name, patient_surname, patient_email, patient_phone) VALUES ('357207', 'name357207', 'surname357207', 'patient357207@gmail.com', '7265921302');
INSERT INTO Patient (patient_no, patient_name, patient_surname, patient_email, patient_phone) VALUES ('405732', 'name405732', 'surname405732', 'patient405732@gmail.com', '7045085461');
INSERT INTO Patient (patient_no, patient_name, patient_surname, patient_email, patient_phone) VALUES ('788826', 'name788826', 'surname788826', 'patient788826@gmail.com', '7812268820');
INSERT INTO Patient (patient_no, patient_name, patient_surname, patient_email, patient_phone) VALUES ('1372', 'name1372', 'surname1372', 'patient1372@gmail.com', '7122551055');
INSERT INTO Patient (patient_no, patient_name, patient_surname, patient_email, patient_phone) VALUES ('670522', 'name670522', 'surname670522', 'patient670522@gmail.com', '7634238222');
INSERT INTO Patient (patient_no, patient_name, patient_surname, patient_email, patient_phone) VALUES ('362336', 'name362336', 'surname362336', 'patient362336@gmail.com', '7651580685');
INSERT INTO Patient (patient_no, patient_name, patient_surname, patient_email, patient_phone) VALUES ('659300', 'name659300', 'surname659300', 'patient659300@gmail.com', '7681353996');
INSERT INTO Patient (patient_no, patient_name, patient_surname, patient_email, patient_phone) VALUES ('21861', 'name21861', 'surname21861', 'patient21861@gmail.com', '7510014218');
INSERT INTO Patient (patient_no, patient_name, patient_surname, patient_email, patient_phone) VALUES ('556390', 'name556390', 'surname556390', 'patient556390@gmail.com', '7486098697');
INSERT INTO Patient (patient_no, patient_name, patient_surname, patient_email, patient_phone) VALUES ('508561', 'name508561', 'surname508561', 'patient508561@gmail.com', '7792179975');
INSERT INTO Patient (patient_no, patient_name, patient_surname, patient_email, patient_phone) VALUES ('154984', 'name154984', 'surname154984', 'patient154984@gmail.com', '7691432710');
INSERT INTO Patient (patient_no, patient_name, patient_surname, patient_email, patient_phone) VALUES ('516754', 'name516754', 'surname516754', 'patient516754@gmail.com', '7919842053');
INSERT INTO Patient (patient_no, patient_name, patient_surname, patient_email, patient_phone) VALUES ('107375', 'name107375', 'surname107375', 'patient107375@gmail.com', '7084892418');
INSERT INTO Patient (patient_no, patient_name, patient_surname, patient_email, patient_phone) VALUES ('198008', 'name198008', 'surname198008', 'patient198008@gmail.com', '7623084928');
INSERT INTO Patient (patient_no, patient_name, patient_surname, patient_email, patient_phone) VALUES ('365717', 'name365717', 'surname365717', 'patient365717@gmail.com', '7011452160');
INSERT INTO Patient (patient_no, patient_name, patient_surname, patient_email, patient_phone) VALUES ('112107', 'name112107', 'surname112107', 'patient112107@gmail.com', '7481057023');
INSERT INTO Patient (patient_no, patient_name, patient_surname, patient_email, patient_phone) VALUES ('63877', 'name63877', 'surname63877', 'patient63877@gmail.com', '7914522877');
INSERT INTO Patient (patient_no, patient_name, patient_surname, patient_email, patient_phone) VALUES ('640903', 'name640903', 'surname640903', 'patient640903@gmail.com', '7907918076');
INSERT INTO Patient (patient_no, patient_name, patient_surname, patient_email, patient_phone) VALUES ('910060', 'name910060', 'surname910060', 'patient910060@gmail.com', '7498032378');
INSERT INTO Patient (patient_no, patient_name, patient_surname, patient_email, patient_phone) VALUES ('608142', 'name608142', 'surname608142', 'patient608142@gmail.com', '7596940024');
INSERT INTO Patient (patient_no, patient_name, patient_surname, patient_email, patient_phone) VALUES ('499352', 'name499352', 'surname499352', 'patient499352@gmail.com', '7775480105');
INSERT INTO Patient (patient_no, patient_name, patient_surname, patient_email, patient_phone) VALUES ('363413', 'name363413', 'surname363413', 'patient363413@gmail.com', '7291575109');
INSERT INTO Patient (patient_no, patient_name, patient_surname, patient_email, patient_phone) VALUES ('383897', 'name383897', 'surname383897', 'patient383897@gmail.com', '7702011637');
INSERT INTO Patient (patient_no, patient_name, patient_surname, patient_email, patient_phone) VALUES ('218436', 'name218436', 'surname218436', 'patient218436@gmail.com', '7847924901');
INSERT INTO Patient (patient_no, patient_name, patient_surname, patient_email, patient_phone) VALUES ('380314', 'name380314', 'surname380314', 'patient380314@gmail.com', '7010731250');
INSERT INTO Patient (patient_no, patient_name, patient_surname, patient_email, patient_phone) VALUES ('768925', 'name768925', 'surname768925', 'patient768925@gmail.com', '7712356593');
INSERT INTO Patient (patient_no, patient_name, patient_surname, patient_email, patient_phone) VALUES ('761413', 'name761413', 'surname761413', 'patient761413@gmail.com', '7809564911');
INSERT INTO Patient (patient_no, patient_name, patient_surname, patient_email, patient_phone) VALUES ('517025', 'name517025', 'surname517025', 'patient517025@gmail.com', '7995196142');
INSERT INTO Patient (patient_no, patient_name, patient_surname, patient_email, patient_phone) VALUES ('716707', 'name716707', 'surname716707', 'patient716707@gmail.com', '7248786669');
INSERT INTO Patient (patient_no, patient_name, patient_surname, patient_email, patient_phone) VALUES ('341413', 'name341413', 'surname341413', 'patient341413@gmail.com', '7542332139');
INSERT INTO Patient (patient_no, patient_name, patient_surname, patient_email, patient_phone) VALUES ('138663', 'name138663', 'surname138663', 'patient138663@gmail.com', '7912022250');
INSERT INTO Patient (patient_no, patient_name, patient_surname, patient_email, patient_phone) VALUES ('115114', 'name115114', 'surname115114', 'patient115114@gmail.com', '7039641320');
INSERT INTO Patient (patient_no, patient_name, patient_surname, patient_email, patient_phone) VALUES ('692295', 'name692295', 'surname692295', 'patient692295@gmail.com', '7623304933');
INSERT INTO Patient (patient_no, patient_name, patient_surname, patient_email, patient_phone) VALUES ('866733', 'name866733', 'surname866733', 'patient866733@gmail.com', '7048039652');
INSERT INTO Patient (patient_no, patient_name, patient_surname, patient_email, patient_phone) VALUES ('15790', 'name15790', 'surname15790', 'patient15790@gmail.com', '7241373923');
INSERT INTO Patient (patient_no, patient_name, patient_surname, patient_email, patient_phone) VALUES ('491439', 'name491439', 'surname491439', 'patient491439@gmail.com', '7524571361');
INSERT INTO Patient (patient_no, patient_name, patient_surname, patient_email, patient_phone) VALUES ('516529', 'name516529', 'surname516529', 'patient516529@gmail.com', '7590726949');
INSERT INTO Patient (patient_no, patient_name, patient_surname, patient_email, patient_phone) VALUES ('832949', 'name832949', 'surname832949', 'patient832949@gmail.com', '7675018973');
INSERT INTO Patient (patient_no, patient_name, patient_surname, patient_email, patient_phone) VALUES ('829001', 'name829001', 'surname829001', 'patient829001@gmail.com', '7431750304');
INSERT INTO Patient (patient_no, patient_name, patient_surname, patient_email, patient_phone) VALUES ('537528', 'name537528', 'surname537528', 'patient537528@gmail.com', '7025450202');
INSERT INTO Patient (patient_no, patient_name, patient_surname, patient_email, patient_phone) VALUES ('674233', 'name674233', 'surname674233', 'patient674233@gmail.com', '7861263827');
INSERT INTO Patient (patient_no, patient_name, patient_surname, patient_email, patient_phone) VALUES ('327098', 'name327098', 'surname327098', 'patient327098@gmail.com', '7231780056');
INSERT INTO Patient (patient_no, patient_name, patient_surname, patient_email, patient_phone) VALUES ('195516', 'name195516', 'surname195516', 'patient195516@gmail.com', '7239714173');
INSERT INTO Patient (patient_no, patient_name, patient_surname, patient_email, patient_phone) VALUES ('312769', 'name312769', 'surname312769', 'patient312769@gmail.com', '7614338262');
INSERT INTO Patient (patient_no, patient_name, patient_surname, patient_email, patient_phone) VALUES ('486343', 'name486343', 'surname486343', 'patient486343@gmail.com', '7885585614');
INSERT INTO Patient (patient_no, patient_name, patient_surname, patient_email, patient_phone) VALUES ('561096', 'name561096', 'surname561096', 'patient561096@gmail.com', '7716766418');
INSERT INTO Patient (patient_no, patient_name, patient_surname, patient_email, patient_phone) VALUES ('333257', 'name333257', 'surname333257', 'patient333257@gmail.com', '7199695567');
INSERT INTO Patient (patient_no, patient_name, patient_surname, patient_email, patient_phone) VALUES ('359883', 'name359883', 'surname359883', 'patient359883@gmail.com', '7609116878');
INSERT INTO Patient (patient_no, patient_name, patient_surname, patient_email, patient_phone) VALUES ('416209', 'name416209', 'surname416209', 'patient416209@gmail.com', '7795175116');
INSERT INTO Patient (patient_no, patient_name, patient_surname, patient_email, patient_phone) VALUES ('486868', 'name486868', 'surname486868', 'patient486868@gmail.com', '7997656266');
INSERT INTO Patient (patient_no, patient_name, patient_surname, patient_email, patient_phone) VALUES ('114649', 'name114649', 'surname114649', 'patient114649@gmail.com', '7159979721');
INSERT INTO Patient (patient_no, patient_name, patient_surname, patient_email, patient_phone) VALUES ('49114', 'name49114', 'surname49114', 'patient49114@gmail.com', '7358974664');
INSERT INTO Patient (patient_no, patient_name, patient_surname, patient_email, patient_phone) VALUES ('958939', 'name958939', 'surname958939', 'patient958939@gmail.com', '7674450209');
INSERT INTO Patient (patient_no, patient_name, patient_surname, patient_email, patient_phone) VALUES ('524252', 'name524252', 'surname524252', 'patient524252@gmail.com', '7870773446');
INSERT INTO Patient (patient_no, patient_name, patient_surname, patient_email, patient_phone) VALUES ('785885', 'name785885', 'surname785885', 'patient785885@gmail.com', '7338670027');
INSERT INTO Patient (patient_no, patient_name, patient_surname, patient_email, patient_phone) VALUES ('584955', 'name584955', 'surname584955', 'patient584955@gmail.com', '7233301186');
INSERT INTO Patient (patient_no, patient_name, patient_surname, patient_email, patient_phone) VALUES ('566841', 'name566841', 'surname566841', 'patient566841@gmail.com', '7247275141');
INSERT INTO Patient (patient_no, patient_name, patient_surname, patient_email, patient_phone) VALUES ('997353', 'name997353', 'surname997353', 'patient997353@gmail.com', '7203735743');
INSERT INTO Patient (patient_no, patient_name, patient_surname, patient_email, patient_phone) VALUES ('365991', 'name365991', 'surname365991', 'patient365991@gmail.com', '7278385342');
INSERT INTO Patient (patient_no, patient_name, patient_surname, patient_email, patient_phone) VALUES ('757431', 'name757431', 'surname757431', 'patient757431@gmail.com', '7264395551');
INSERT INTO Patient (patient_no, patient_name, patient_surname, patient_email, patient_phone) VALUES ('657909', 'name657909', 'surname657909', 'patient657909@gmail.com', '7639307124');
INSERT INTO Patient (patient_no, patient_name, patient_surname, patient_email, patient_phone) VALUES ('171516', 'name171516', 'surname171516', 'patient171516@gmail.com', '7619980745');
INSERT INTO Patient (patient_no, patient_name, patient_surname, patient_email, patient_phone) VALUES ('125437', 'name125437', 'surname125437', 'patient125437@gmail.com', '7330567965');
INSERT INTO Patient (patient_no, patient_name, patient_surname, patient_email, patient_phone) VALUES ('955902', 'name955902', 'surname955902', 'patient955902@gmail.com', '7171217339');

INSERT INTO Carer (patient_no, carer_name, carer_email, carer_phone, relationship) VALUES (502544, 'carer0', 'carer0@gmail.com', '7130798764', 'uncle');
INSERT INTO Carer (patient_no, carer_name, carer_email, carer_phone, relationship) VALUES (71375, 'carer1', 'carer1@gmail.com', '7420702919', 'grandparent');
INSERT INTO Carer (patient_no, carer_name, carer_email, carer_phone, relationship) VALUES (929403, 'carer2', 'carer2@gmail.com', '7721132792', 'uncle');
INSERT INTO Carer (patient_no, carer_name, carer_email, carer_phone, relationship) VALUES (21861, 'carer3', 'carer3@gmail.com', '7240891561', 'uncle');
INSERT INTO Carer (patient_no, carer_name, carer_email, carer_phone, relationship) VALUES (101612, 'carer4', 'carer4@gmail.com', '7470930086', 'father');
INSERT INTO Carer (patient_no, carer_name, carer_email, carer_phone, relationship) VALUES (107375, 'carer5', 'carer5@gmail.com', '7916476581', 'mother');
INSERT INTO Carer (patient_no, carer_name, carer_email, carer_phone, relationship) VALUES (318570, 'carer6', 'carer6@gmail.com', '7708914339', 'mother');
INSERT INTO Carer (patient_no, carer_name, carer_email, carer_phone, relationship) VALUES (788826, 'carer7', 'carer7@gmail.com', '7037884066', 'uncle');
INSERT INTO Carer (patient_no, carer_name, carer_email, carer_phone, relationship) VALUES (393353, 'carer8', 'carer8@gmail.com', '7732080800', 'grandparent');
INSERT INTO Carer (patient_no, carer_name, carer_email, carer_phone, relationship) VALUES (365991, 'carer9', 'carer9@gmail.com', '7813329055', 'mother');
INSERT INTO Carer (patient_no, carer_name, carer_email, carer_phone, relationship) VALUES (761413, 'carer10', 'carer10@gmail.com', '7252756638', 'grandparent');
INSERT INTO Carer (patient_no, carer_name, carer_email, carer_phone, relationship) VALUES (773640, 'carer11', 'carer11@gmail.com', '7043148957', 'mother');
INSERT INTO Carer (patient_no, carer_name, carer_email, carer_phone, relationship) VALUES (958939, 'carer12', 'carer12@gmail.com', '7358587503', 'grandparent');
INSERT INTO Carer (patient_no, carer_name, carer_email, carer_phone, relationship) VALUES (12553, 'carer13', 'carer13@gmail.com', '7033963674', 'grandparent');
INSERT INTO Carer (patient_no, carer_name, carer_email, carer_phone, relationship) VALUES (588883, 'carer14', 'carer14@gmail.com', '7383327513', 'uncle');
INSERT INTO Carer (patient_no, carer_name, carer_email, carer_phone, relationship) VALUES (208585, 'carer15', 'carer15@gmail.com', '7316428995', 'mother');
INSERT INTO Carer (patient_no, carer_name, carer_email, carer_phone, relationship) VALUES (327098, 'carer16', 'carer16@gmail.com', '7019281859', 'uncle');
INSERT INTO Carer (patient_no, carer_name, carer_email, carer_phone, relationship) VALUES (522311, 'carer17', 'carer17@gmail.com', '7234065646', 'father');
INSERT INTO Carer (patient_no, carer_name, carer_email, carer_phone, relationship) VALUES (659300, 'carer18', 'carer18@gmail.com', '7494509239', 'uncle');
INSERT INTO Carer (patient_no, carer_name, carer_email, carer_phone, relationship) VALUES (23780, 'carer19', 'carer19@gmail.com', '7940659581', 'mother');
INSERT INTO Carer (patient_no, carer_name, carer_email, carer_phone, relationship) VALUES (179869, 'carer20', 'carer20@gmail.com', '7747565705', 'uncle');
INSERT INTO Carer (patient_no, carer_name, carer_email, carer_phone, relationship) VALUES (8749, 'carer21', 'carer21@gmail.com', '7031023749', 'father');
INSERT INTO Carer (patient_no, carer_name, carer_email, carer_phone, relationship) VALUES (181958, 'carer22', 'carer22@gmail.com', '7786062468', 'mother');
INSERT INTO Carer (patient_no, carer_name, carer_email, carer_phone, relationship) VALUES (299818, 'carer23', 'carer23@gmail.com', '7418883715', 'uncle');
INSERT INTO Carer (patient_no, carer_name, carer_email, carer_phone, relationship) VALUES (71375, 'carer24', 'carer24@gmail.com', '7130006855', 'grandparent');
INSERT INTO Carer (patient_no, carer_name, carer_email, carer_phone, relationship) VALUES (299818, 'carer25', 'carer25@gmail.com', '7109281918', 'mother');
INSERT INTO Carer (patient_no, carer_name, carer_email, carer_phone, relationship) VALUES (564007, 'carer26', 'carer26@gmail.com', '7918834264', 'uncle');
INSERT INTO Carer (patient_no, carer_name, carer_email, carer_phone, relationship) VALUES (990814, 'carer27', 'carer27@gmail.com', '7470066623', 'father');
INSERT INTO Carer (patient_no, carer_name, carer_email, carer_phone, relationship) VALUES (491439, 'carer28', 'carer28@gmail.com', '7296494713', 'mother');
INSERT INTO Carer (patient_no, carer_name, carer_email, carer_phone, relationship) VALUES (529141, 'carer29', 'carer29@gmail.com', '7454055544', 'uncle');
INSERT INTO Carer (patient_no, carer_name, carer_email, carer_phone, relationship) VALUES (49114, 'carer30', 'carer30@gmail.com', '7280188009', 'uncle');
INSERT INTO Carer (patient_no, carer_name, carer_email, carer_phone, relationship) VALUES (26317, 'carer31', 'carer31@gmail.com', '7273536118', 'father');
INSERT INTO Carer (patient_no, carer_name, carer_email, carer_phone, relationship) VALUES (516793, 'carer32', 'carer32@gmail.com', '7166450805', 'mother');
INSERT INTO Carer (patient_no, carer_name, carer_email, carer_phone, relationship) VALUES (138663, 'carer33', 'carer33@gmail.com', '7951797777', 'father');
INSERT INTO Carer (patient_no, carer_name, carer_email, carer_phone, relationship) VALUES (523374, 'carer34', 'carer34@gmail.com', '7215944304', 'father');
INSERT INTO Carer (patient_no, carer_name, carer_email, carer_phone, relationship) VALUES (602023, 'carer35', 'carer35@gmail.com', '7242058863', 'mother');
INSERT INTO Carer (patient_no, carer_name, carer_email, carer_phone, relationship) VALUES (921336, 'carer36', 'carer36@gmail.com', '7990685294', 'grandparent');
INSERT INTO Carer (patient_no, carer_name, carer_email, carer_phone, relationship) VALUES (955902, 'carer37', 'carer37@gmail.com', '7981685868', 'uncle');
INSERT INTO Carer (patient_no, carer_name, carer_email, carer_phone, relationship) VALUES (635717, 'carer38', 'carer38@gmail.com', '7673405545', 'mother');
INSERT INTO Carer (patient_no, carer_name, carer_email, carer_phone, relationship) VALUES (312769, 'carer39', 'carer39@gmail.com', '7702317160', 'uncle');
INSERT INTO Carer (patient_no, carer_name, carer_email, carer_phone, relationship) VALUES (657909, 'carer40', 'carer40@gmail.com', '7545879057', 'grandparent');
INSERT INTO Carer (patient_no, carer_name, carer_email, carer_phone, relationship) VALUES (989756, 'carer41', 'carer41@gmail.com', '7184937915', 'mother');
INSERT INTO Carer (patient_no, carer_name, carer_email, carer_phone, relationship) VALUES (212215, 'carer42', 'carer42@gmail.com', '7716515426', 'mother');
INSERT INTO Carer (patient_no, carer_name, carer_email, carer_phone, relationship) VALUES (659734, 'carer43', 'carer43@gmail.com', '7266620001', 'father');
INSERT INTO Carer (patient_no, carer_name, carer_email, carer_phone, relationship) VALUES (997353, 'carer44', 'carer44@gmail.com', '7111495264', 'grandparent');
INSERT INTO Carer (patient_no, carer_name, carer_email, carer_phone, relationship) VALUES (218381, 'carer45', 'carer45@gmail.com', '7591448671', 'uncle');
INSERT INTO Carer (patient_no, carer_name, carer_email, carer_phone, relationship) VALUES (77608, 'carer46', 'carer46@gmail.com', '7165692672', 'uncle');
INSERT INTO Carer (patient_no, carer_name, carer_email, carer_phone, relationship) VALUES (330426, 'carer47', 'carer47@gmail.com', '7448881757', 'grandparent');
INSERT INTO Carer (patient_no, carer_name, carer_email, carer_phone, relationship) VALUES (346326, 'carer48', 'carer48@gmail.com', '7797112187', 'father');
INSERT INTO Carer (patient_no, carer_name, carer_email, carer_phone, relationship) VALUES (120106, 'carer49', 'carer49@gmail.com', '7986409049', 'uncle');
INSERT INTO Carer (patient_no, carer_name, carer_email, carer_phone, relationship) VALUES (704971, 'carer50', 'carer50@gmail.com', '7362947672', 'grandparent');
INSERT INTO Carer (patient_no, carer_name, carer_email, carer_phone, relationship) VALUES (135699, 'carer51', 'carer51@gmail.com', '7314350166', 'uncle');
INSERT INTO Carer (patient_no, carer_name, carer_email, carer_phone, relationship) VALUES (120106, 'carer52', 'carer52@gmail.com', '7697719889', 'uncle');
INSERT INTO Carer (patient_no, carer_name, carer_email, carer_phone, relationship) VALUES (762619, 'carer53', 'carer53@gmail.com', '7338998352', 'mother');
INSERT INTO Carer (patient_no, carer_name, carer_email, carer_phone, relationship) VALUES (12553, 'carer54', 'carer54@gmail.com', '7529752143', 'grandparent');
INSERT INTO Carer (patient_no, carer_name, carer_email, carer_phone, relationship) VALUES (618781, 'carer55', 'carer55@gmail.com', '7497164366', 'uncle');
INSERT INTO Carer (patient_no, carer_name, carer_email, carer_phone, relationship) VALUES (49114, 'carer56', 'carer56@gmail.com', '7977531469', 'grandparent');
INSERT INTO Carer (patient_no, carer_name, carer_email, carer_phone, relationship) VALUES (504592, 'carer57', 'carer57@gmail.com', '7267483724', 'uncle');
INSERT INTO Carer (patient_no, carer_name, carer_email, carer_phone, relationship) VALUES (657909, 'carer58', 'carer58@gmail.com', '7863375031', 'father');
INSERT INTO Carer (patient_no, carer_name, carer_email, carer_phone, relationship) VALUES (529141, 'carer59', 'carer59@gmail.com', '7190236463', 'father');
INSERT INTO Carer (patient_no, carer_name, carer_email, carer_phone, relationship) VALUES (23780, 'carer60', 'carer60@gmail.com', '7727344712', 'mother');
INSERT INTO Carer (patient_no, carer_name, carer_email, carer_phone, relationship) VALUES (971969, 'carer61', 'carer61@gmail.com', '7035728967', 'uncle');
INSERT INTO Carer (patient_no, carer_name, carer_email, carer_phone, relationship) VALUES (627215, 'carer62', 'carer62@gmail.com', '7053858374', 'uncle');
INSERT INTO Carer (patient_no, carer_name, carer_email, carer_phone, relationship) VALUES (299818, 'carer63', 'carer63@gmail.com', '7913964100', 'mother');
INSERT INTO Carer (patient_no, carer_name, carer_email, carer_phone, relationship) VALUES (668956, 'carer64', 'carer64@gmail.com', '7967331395', 'mother');
INSERT INTO Carer (patient_no, carer_name, carer_email, carer_phone, relationship) VALUES (416209, 'carer65', 'carer65@gmail.com', '7887575103', 'mother');
INSERT INTO Carer (patient_no, carer_name, carer_email, carer_phone, relationship) VALUES (832949, 'carer66', 'carer66@gmail.com', '7698903711', 'uncle');
INSERT INTO Carer (patient_no, carer_name, carer_email, carer_phone, relationship) VALUES (934927, 'carer67', 'carer67@gmail.com', '7775713887', 'father');
INSERT INTO Carer (patient_no, carer_name, carer_email, carer_phone, relationship) VALUES (8749, 'carer68', 'carer68@gmail.com', '7802198585', 'mother');
INSERT INTO Carer (patient_no, carer_name, carer_email, carer_phone, relationship) VALUES (529141, 'carer69', 'carer69@gmail.com', '7742049847', 'father');
INSERT INTO Carer (patient_no, carer_name, carer_email, carer_phone, relationship) VALUES (704971, 'carer70', 'carer70@gmail.com', '7677102646', 'father');
INSERT INTO Carer (patient_no, carer_name, carer_email, carer_phone, relationship) VALUES (716707, 'carer71', 'carer71@gmail.com', '7565308469', 'mother');
INSERT INTO Carer (patient_no, carer_name, carer_email, carer_phone, relationship) VALUES (499352, 'carer72', 'carer72@gmail.com', '7354143794', 'uncle');
INSERT INTO Carer (patient_no, carer_name, carer_email, carer_phone, relationship) VALUES (662458, 'carer73', 'carer73@gmail.com', '7388426289', 'grandparent');
INSERT INTO Carer (patient_no, carer_name, carer_email, carer_phone, relationship) VALUES (172750, 'carer74', 'carer74@gmail.com', '7168531037', 'grandparent');
INSERT INTO Carer (patient_no, carer_name, carer_email, carer_phone, relationship) VALUES (516529, 'carer75', 'carer75@gmail.com', '7460538926', 'grandparent');
INSERT INTO Carer (patient_no, carer_name, carer_email, carer_phone, relationship) VALUES (561669, 'carer76', 'carer76@gmail.com', '7765529645', 'mother');
INSERT INTO Carer (patient_no, carer_name, carer_email, carer_phone, relationship) VALUES (618781, 'carer77', 'carer77@gmail.com', '7841680936', 'mother');
INSERT INTO Carer (patient_no, carer_name, carer_email, carer_phone, relationship) VALUES (486868, 'carer78', 'carer78@gmail.com', '7020772903', 'grandparent');
INSERT INTO Carer (patient_no, carer_name, carer_email, carer_phone, relationship) VALUES (508561, 'carer79', 'carer79@gmail.com', '7860721700', 'father');
INSERT INTO Carer (patient_no, carer_name, carer_email, carer_phone, relationship) VALUES (346326, 'carer80', 'carer80@gmail.com', '7460606085', 'father');
INSERT INTO Carer (patient_no, carer_name, carer_email, carer_phone, relationship) VALUES (341413, 'carer81', 'carer81@gmail.com', '7102838139', 'father');
INSERT INTO Carer (patient_no, carer_name, carer_email, carer_phone, relationship) VALUES (823885, 'carer82', 'carer82@gmail.com', '7687503386', 'grandparent');
INSERT INTO Carer (patient_no, carer_name, carer_email, carer_phone, relationship) VALUES (346326, 'carer83', 'carer83@gmail.com', '7287458841', 'uncle');
INSERT INTO Carer (patient_no, carer_name, carer_email, carer_phone, relationship) VALUES (670522, 'carer84', 'carer84@gmail.com', '7639464537', 'mother');
INSERT INTO Carer (patient_no, carer_name, carer_email, carer_phone, relationship) VALUES (768925, 'carer85', 'carer85@gmail.com', '7637708310', 'mother');
INSERT INTO Carer (patient_no, carer_name, carer_email, carer_phone, relationship) VALUES (564356, 'carer86', 'carer86@gmail.com', '7737285550', 'grandparent');
INSERT INTO Carer (patient_no, carer_name, carer_email, carer_phone, relationship) VALUES (637463, 'carer87', 'carer87@gmail.com', '7658648083', 'grandparent');
INSERT INTO Carer (patient_no, carer_name, carer_email, carer_phone, relationship) VALUES (193673, 'carer88', 'carer88@gmail.com', '7765748753', 'uncle');
INSERT INTO Carer (patient_no, carer_name, carer_email, carer_phone, relationship) VALUES (26317, 'carer89', 'carer89@gmail.com', '7655285776', 'uncle');
INSERT INTO Carer (patient_no, carer_name, carer_email, carer_phone, relationship) VALUES (49114, 'carer90', 'carer90@gmail.com', '7717953197', 'grandparent');
INSERT INTO Carer (patient_no, carer_name, carer_email, carer_phone, relationship) VALUES (123520, 'carer91', 'carer91@gmail.com', '7712937671', 'uncle');
INSERT INTO Carer (patient_no, carer_name, carer_email, carer_phone, relationship) VALUES (823885, 'carer92', 'carer92@gmail.com', '7421677314', 'uncle');
INSERT INTO Carer (patient_no, carer_name, carer_email, carer_phone, relationship) VALUES (692295, 'carer93', 'carer93@gmail.com', '7047691692', 'uncle');
INSERT INTO Carer (patient_no, carer_name, carer_email, carer_phone, relationship) VALUES (112107, 'carer94', 'carer94@gmail.com', '7994435592', 'father');
INSERT INTO Carer (patient_no, carer_name, carer_email, carer_phone, relationship) VALUES (172355, 'carer95', 'carer95@gmail.com', '7219192328', 'uncle');
INSERT INTO Carer (patient_no, carer_name, carer_email, carer_phone, relationship) VALUES (71375, 'carer96', 'carer96@gmail.com', '7372571653', 'uncle');
INSERT INTO Carer (patient_no, carer_name, carer_email, carer_phone, relationship) VALUES (111342, 'carer97', 'carer97@gmail.com', '7449466884', 'mother');
INSERT INTO Carer (patient_no, carer_name, carer_email, carer_phone, relationship) VALUES (195516, 'carer98', 'carer98@gmail.com', '7399506945', 'uncle');
INSERT INTO Carer (patient_no, carer_name, carer_email, carer_phone, relationship) VALUES (357207, 'carer99', 'carer99@gmail.com', '7716795392', 'grandparent');

INSERT INTO Test (patient_no, added, first_due_date, frequency, laboratory, completed_status, completed_date) VALUES (477800, 20190924, 20191003, 'weekly', 9, 'yes', 20191013);
INSERT INTO Test (patient_no, added, first_due_date, frequency, laboratory, completed_status, completed_date) VALUES (508561, 20180827, 20180906, 'weekly', 8, 'no', NULL);
INSERT INTO Test (patient_no, added, first_due_date, frequency, laboratory, completed_status, completed_date) VALUES (405732, 20180521, 20180528, 'weekly', 6, 'in review', 20180610);
INSERT INTO Test (patient_no, added, first_due_date, frequency, laboratory, completed_status, completed_date) VALUES (2134, 20180103, 20180110, 'weekly', 6, 'in review', 20180110);
INSERT INTO Test (patient_no, added, first_due_date, frequency, laboratory, completed_status, completed_date) VALUES (120106, 20180802, 20180809, 'weekly', 3, 'yes', 20180819);
INSERT INTO Test (patient_no, added, first_due_date, frequency, laboratory, completed_status, completed_date) VALUES (111342, 20180501, 20180508, 'weekly', 1, 'yes', 20180508);
INSERT INTO Test (patient_no, added, first_due_date, frequency, laboratory, completed_status, completed_date) VALUES (357207, 20181212, 20181219, 'weekly', 5, 'in review', 20190101);
INSERT INTO Test (patient_no, added, first_due_date, frequency, laboratory, completed_status, completed_date) VALUES (564007, 20181205, 20181212, 'weekly', 1, 'in review', 20181222);
INSERT INTO Test (patient_no, added, first_due_date, frequency, laboratory, completed_status, completed_date) VALUES (26317, 20180823, 20180902, 'weekly', 4, 'in review', 20180902);
INSERT INTO Test (patient_no, added, first_due_date, frequency, laboratory, completed_status, completed_date) VALUES (77608, 20180818, 20180825, 'weekly', 5, 'in review', 20180907);
INSERT INTO Test (patient_no, added, first_due_date, frequency, laboratory, completed_status, completed_date) VALUES (172355, 20180520, 20180527, 'weekly', 8, 'in review', 20180527);
INSERT INTO Test (patient_no, added, first_due_date, frequency, laboratory, completed_status, completed_date) VALUES (523374, 20180620, 20180627, 'weekly', 4, 'yes', 20180709);
INSERT INTO Test (patient_no, added, first_due_date, frequency, laboratory, completed_status, completed_date) VALUES (333257, 20190903, 20190910, 'weekly', 4, 'yes', 20190920);
INSERT INTO Test (patient_no, added, first_due_date, frequency, laboratory, completed_status, completed_date) VALUES (683666, 20190501, 20190508, 'weekly', 3, 'yes', 20190518);
INSERT INTO Test (patient_no, added, first_due_date, frequency, laboratory, completed_status, completed_date) VALUES (208585, 20180916, 20180923, 'weekly', 7, 'in review', 20181005);
INSERT INTO Test (patient_no, added, first_due_date, frequency, laboratory, completed_status, completed_date) VALUES (524252, 20181112, 20181119, 'weekly', 7, 'no', NULL);
INSERT INTO Test (patient_no, added, first_due_date, frequency, laboratory, completed_status, completed_date) VALUES (516793, 20190218, 20190225, 'weekly', 8, 'in review', 20190307);
INSERT INTO Test (patient_no, added, first_due_date, frequency, laboratory, completed_status, completed_date) VALUES (138663, 20180621, 20180628, 'weekly', 2, 'no', NULL);
INSERT INTO Test (patient_no, added, first_due_date, frequency, laboratory, completed_status, completed_date) VALUES (2134, 20181110, 20181117, 'weekly', 5, 'yes', 20181127);
INSERT INTO Test (patient_no, added, first_due_date, frequency, laboratory, completed_status, completed_date) VALUES (296593, 20180605, 20180612, 'weekly', 9, 'yes', 20180612);
INSERT INTO Test (patient_no, added, first_due_date, frequency, laboratory, completed_status, completed_date) VALUES (504592, 20180221, 20180228, 'weekly', 2, 'in review', 20180310);
INSERT INTO Test (patient_no, added, first_due_date, frequency, laboratory, completed_status, completed_date) VALUES (742101, 20190410, 20190417, 'weekly', 3, 'yes', 20190427);
INSERT INTO Test (patient_no, added, first_due_date, frequency, laboratory, completed_status, completed_date) VALUES (318152, 20180224, 20180303, 'weekly', 7, 'yes', 20180303);
INSERT INTO Test (patient_no, added, first_due_date, frequency, laboratory, completed_status, completed_date) VALUES (523374, 20181103, 20181110, 'weekly', 1, 'yes', 20181110);
INSERT INTO Test (patient_no, added, first_due_date, frequency, laboratory, completed_status, completed_date) VALUES (670522, 20191217, 20191224, 'weekly', 6, 'yes', 20200106);
INSERT INTO Test (patient_no, added, first_due_date, frequency, laboratory, completed_status, completed_date) VALUES (905581, 20180301, 20180308, 'weekly', 8, 'in review', 20180318);
INSERT INTO Test (patient_no, added, first_due_date, frequency, laboratory, completed_status, completed_date) VALUES (112107, 20191028, 20191107, 'weekly', 7, 'in review', 20191107);
INSERT INTO Test (patient_no, added, first_due_date, frequency, laboratory, completed_status, completed_date) VALUES (537528, 20180122, 20180201, 'weekly', 4, 'in review', 20180211);
INSERT INTO Test (patient_no, added, first_due_date, frequency, laboratory, completed_status, completed_date) VALUES (971969, 20181119, 20181126, 'weekly', 2, 'in review', 20181208);
INSERT INTO Test (patient_no, added, first_due_date, frequency, laboratory, completed_status, completed_date) VALUES (413733, 20180105, 20180112, 'weekly', 7, 'yes', 20180122);
INSERT INTO Test (patient_no, added, first_due_date, frequency, laboratory, completed_status, completed_date) VALUES (857714, 20180502, 20180509, 'weekly', 6, 'no', NULL);
INSERT INTO Test (patient_no, added, first_due_date, frequency, laboratory, completed_status, completed_date) VALUES (203268, 20180414, 20180421, 'weekly', 10, 'in review', 20180421);
INSERT INTO Test (patient_no, added, first_due_date, frequency, laboratory, completed_status, completed_date) VALUES (734018, 20180207, 20180214, 'weekly', 6, 'in review', 20180224);
INSERT INTO Test (patient_no, added, first_due_date, frequency, laboratory, completed_status, completed_date) VALUES (531540, 20180114, 20180121, 'weekly', 6, 'no', NULL);
INSERT INTO Test (patient_no, added, first_due_date, frequency, laboratory, completed_status, completed_date) VALUES (212215, 20181002, 20181009, 'weekly', 6, 'yes', 20181019);
INSERT INTO Test (patient_no, added, first_due_date, frequency, laboratory, completed_status, completed_date) VALUES (448789, 20190307, 20190314, 'weekly', 9, 'yes', 20190324);
INSERT INTO Test (patient_no, added, first_due_date, frequency, laboratory, completed_status, completed_date) VALUES (841247, 20181009, 20181016, 'weekly', 6, 'in review', 20181016);
INSERT INTO Test (patient_no, added, first_due_date, frequency, laboratory, completed_status, completed_date) VALUES (357528, 20181218, 20181225, 'weekly', 3, 'in review', 20181225);
INSERT INTO Test (patient_no, added, first_due_date, frequency, laboratory, completed_status, completed_date) VALUES (931960, 20180622, 20180701, 'weekly', 4, 'yes', 20180711);
INSERT INTO Test (patient_no, added, first_due_date, frequency, laboratory, completed_status, completed_date) VALUES (829001, 20190816, 20190823, 'weekly', 9, 'in review', 20190905);
INSERT INTO Test (patient_no, added, first_due_date, frequency, laboratory, completed_status, completed_date) VALUES (618781, 20190822, 20190901, 'weekly', 5, 'yes', 20190911);
INSERT INTO Test (patient_no, added, first_due_date, frequency, laboratory, completed_status, completed_date) VALUES (135699, 20190608, 20190615, 'weekly', 8, 'no', NULL);
INSERT INTO Test (patient_no, added, first_due_date, frequency, laboratory, completed_status, completed_date) VALUES (564007, 20180105, 20180112, 'weekly', 2, 'yes', 20180122);
INSERT INTO Test (patient_no, added, first_due_date, frequency, laboratory, completed_status, completed_date) VALUES (756775, 20180717, 20180724, 'weekly', 2, 'no', NULL);
INSERT INTO Test (patient_no, added, first_due_date, frequency, laboratory, completed_status, completed_date) VALUES (564007, 20181212, 20181219, 'weekly', 5, 'in review', 20190101);
INSERT INTO Test (patient_no, added, first_due_date, frequency, laboratory, completed_status, completed_date) VALUES (70759, 20180128, 20180207, 'weekly', 2, 'in review', 20180217);
INSERT INTO Test (patient_no, added, first_due_date, frequency, laboratory, completed_status, completed_date) VALUES (414311, 20180310, 20180317, 'weekly', 10, 'yes', 20180317);
INSERT INTO Test (patient_no, added, first_due_date, frequency, laboratory, completed_status, completed_date) VALUES (989756, 20180601, 20180608, 'weekly', 6, 'yes', 20180608);
INSERT INTO Test (patient_no, added, first_due_date, frequency, laboratory, completed_status, completed_date) VALUES (438921, 20180524, 20180603, 'weekly', 4, 'yes', 20180613);
INSERT INTO Test (patient_no, added, first_due_date, frequency, laboratory, completed_status, completed_date) VALUES (795896, 20180321, 20180328, 'weekly', 10, 'yes', 20180410);
INSERT INTO Test (patient_no, added, first_due_date, frequency, laboratory, completed_status, completed_date) VALUES (208585, 20180926, 20181005, 'weekly', 1, 'yes', 20181015);
INSERT INTO Test (patient_no, added, first_due_date, frequency, laboratory, completed_status, completed_date) VALUES (12553, 20180109, 20180116, 'weekly', 5, 'no', NULL);
INSERT INTO Test (patient_no, added, first_due_date, frequency, laboratory, completed_status, completed_date) VALUES (181958, 20180716, 20180723, 'weekly', 3, 'yes', 20180723);
INSERT INTO Test (patient_no, added, first_due_date, frequency, laboratory, completed_status, completed_date) VALUES (866733, 20180126, 20180205, 'weekly', 9, 'in review', 20180215);
INSERT INTO Test (patient_no, added, first_due_date, frequency, laboratory, completed_status, completed_date) VALUES (111342, 20190609, 20190616, 'weekly', 1, 'in review', 20190626);
INSERT INTO Test (patient_no, added, first_due_date, frequency, laboratory, completed_status, completed_date) VALUES (537528, 20180206, 20180213, 'weekly', 3, 'in review', 20180213);
INSERT INTO Test (patient_no, added, first_due_date, frequency, laboratory, completed_status, completed_date) VALUES (412870, 20181126, 20181205, 'weekly', 2, 'yes', 20181215);
INSERT INTO Test (patient_no, added, first_due_date, frequency, laboratory, completed_status, completed_date) VALUES (120106, 20180501, 20180508, 'weekly', 5, 'in review', 20180518);
INSERT INTO Test (patient_no, added, first_due_date, frequency, laboratory, completed_status, completed_date) VALUES (674233, 20180901, 20180908, 'weekly', 10, 'yes', 20180908);
INSERT INTO Test (patient_no, added, first_due_date, frequency, laboratory, completed_status, completed_date) VALUES (275476, 20181204, 20181211, 'weekly', 7, 'no', NULL);
INSERT INTO Test (patient_no, added, first_due_date, frequency, laboratory, completed_status, completed_date) VALUES (524252, 20180606, 20180613, 'weekly', 3, 'no', NULL);
INSERT INTO Test (patient_no, added, first_due_date, frequency, laboratory, completed_status, completed_date) VALUES (798410, 20180421, 20180428, 'weekly', 10, 'no', NULL);
INSERT INTO Test (patient_no, added, first_due_date, frequency, laboratory, completed_status, completed_date) VALUES (832949, 20180210, 20180217, 'weekly', 4, 'no', NULL);
INSERT INTO Test (patient_no, added, first_due_date, frequency, laboratory, completed_status, completed_date) VALUES (531540, 20180421, 20180428, 'weekly', 8, 'in review', 20180428);
INSERT INTO Test (patient_no, added, first_due_date, frequency, laboratory, completed_status, completed_date) VALUES (618781, 20191109, 20191116, 'weekly', 9, 'yes', 20191126);
INSERT INTO Test (patient_no, added, first_due_date, frequency, laboratory, completed_status, completed_date) VALUES (637463, 20180406, 20180413, 'weekly', 4, 'yes', 20180423);
INSERT INTO Test (patient_no, added, first_due_date, frequency, laboratory, completed_status, completed_date) VALUES (30408, 20181207, 20181214, 'weekly', 10, 'yes', 20181224);
INSERT INTO Test (patient_no, added, first_due_date, frequency, laboratory, completed_status, completed_date) VALUES (232776, 20190501, 20190508, 'weekly', 7, 'yes', 20190518);
INSERT INTO Test (patient_no, added, first_due_date, frequency, laboratory, completed_status, completed_date) VALUES (522311, 20180226, 20180305, 'weekly', 3, 'yes', 20180315);
INSERT INTO Test (patient_no, added, first_due_date, frequency, laboratory, completed_status, completed_date) VALUES (63877, 20180813, 20180820, 'weekly', 6, 'yes', 20180902);
INSERT INTO Test (patient_no, added, first_due_date, frequency, laboratory, completed_status, completed_date) VALUES (406676, 20180405, 20180412, 'weekly', 4, 'no', NULL);
INSERT INTO Test (patient_no, added, first_due_date, frequency, laboratory, completed_status, completed_date) VALUES (26317, 20180923, 20181002, 'weekly', 4, 'in review', 20181012);
INSERT INTO Test (patient_no, added, first_due_date, frequency, laboratory, completed_status, completed_date) VALUES (742101, 20181119, 20181126, 'weekly', 4, 'no', NULL);
INSERT INTO Test (patient_no, added, first_due_date, frequency, laboratory, completed_status, completed_date) VALUES (549563, 20190417, 20190424, 'weekly', 5, 'yes', 20190424);
INSERT INTO Test (patient_no, added, first_due_date, frequency, laboratory, completed_status, completed_date) VALUES (591378, 20180904, 20180911, 'weekly', 2, 'no', NULL);
INSERT INTO Test (patient_no, added, first_due_date, frequency, laboratory, completed_status, completed_date) VALUES (498231, 20180608, 20180615, 'weekly', 10, 'in review', 20180615);
INSERT INTO Test (patient_no, added, first_due_date, frequency, laboratory, completed_status, completed_date) VALUES (135699, 20180525, 20180604, 'weekly', 3, 'yes', 20180614);
INSERT INTO Test (patient_no, added, first_due_date, frequency, laboratory, completed_status, completed_date) VALUES (523374, 20180311, 20180318, 'weekly', 10, 'yes', 20180328);
INSERT INTO Test (patient_no, added, first_due_date, frequency, laboratory, completed_status, completed_date) VALUES (608142, 20190808, 20190815, 'weekly', 4, 'yes', 20190825);
INSERT INTO Test (patient_no, added, first_due_date, frequency, laboratory, completed_status, completed_date) VALUES (210485, 20180513, 20180520, 'weekly', 1, 'in review', 20180602);
INSERT INTO Test (patient_no, added, first_due_date, frequency, laboratory, completed_status, completed_date) VALUES (30408, 20180220, 20180227, 'weekly', 7, 'yes', 20180309);
INSERT INTO Test (patient_no, added, first_due_date, frequency, laboratory, completed_status, completed_date) VALUES (491439, 20180227, 20180306, 'weekly', 9, 'no', NULL);
INSERT INTO Test (patient_no, added, first_due_date, frequency, laboratory, completed_status, completed_date) VALUES (793127, 20180520, 20180527, 'weekly', 9, 'yes', 20180527);
INSERT INTO Test (patient_no, added, first_due_date, frequency, laboratory, completed_status, completed_date) VALUES (71375, 20180521, 20180528, 'weekly', 7, 'yes', 20180528);
INSERT INTO Test (patient_no, added, first_due_date, frequency, laboratory, completed_status, completed_date) VALUES (218381, 20180903, 20180910, 'weekly', 4, 'yes', 20180920);
INSERT INTO Test (patient_no, added, first_due_date, frequency, laboratory, completed_status, completed_date) VALUES (201808, 20180617, 20180624, 'weekly', 1, 'in review', 20180706);
INSERT INTO Test (patient_no, added, first_due_date, frequency, laboratory, completed_status, completed_date) VALUES (934927, 20191006, 20191013, 'weekly', 1, 'yes', 20191013);
INSERT INTO Test (patient_no, added, first_due_date, frequency, laboratory, completed_status, completed_date) VALUES (716707, 20180308, 20180315, 'weekly', 3, 'in review', 20180315);
INSERT INTO Test (patient_no, added, first_due_date, frequency, laboratory, completed_status, completed_date) VALUES (333257, 20191116, 20191123, 'weekly', 4, 'yes', 20191123);
INSERT INTO Test (patient_no, added, first_due_date, frequency, laboratory, completed_status, completed_date) VALUES (516793, 20190316, 20190323, 'weekly', 5, 'yes', 20190405);
INSERT INTO Test (patient_no, added, first_due_date, frequency, laboratory, completed_status, completed_date) VALUES (657909, 20180311, 20180318, 'weekly', 2, 'in review', 20180328);
INSERT INTO Test (patient_no, added, first_due_date, frequency, laboratory, completed_status, completed_date) VALUES (556390, 20180807, 20180814, 'weekly', 9, 'yes', 20180824);
INSERT INTO Test (patient_no, added, first_due_date, frequency, laboratory, completed_status, completed_date) VALUES (692295, 20191109, 20191116, 'weekly', 3, 'yes', 20191126);
INSERT INTO Test (patient_no, added, first_due_date, frequency, laboratory, completed_status, completed_date) VALUES (448789, 20180322, 20180401, 'weekly', 2, 'in review', 20180411);
INSERT INTO Test (patient_no, added, first_due_date, frequency, laboratory, completed_status, completed_date) VALUES (529141, 20180907, 20180914, 'weekly', 9, 'no', NULL);
INSERT INTO Test (patient_no, added, first_due_date, frequency, laboratory, completed_status, completed_date) VALUES (327098, 20180316, 20180323, 'weekly', 3, 'yes', 20180405);
INSERT INTO Test (patient_no, added, first_due_date, frequency, laboratory, completed_status, completed_date) VALUES (659734, 20180526, 20180605, 'weekly', 10, 'no', NULL);
INSERT INTO Test (patient_no, added, first_due_date, frequency, laboratory, completed_status, completed_date) VALUES (365717, 20180924, 20181003, 'weekly', 8, 'in review', 20181013);
INSERT INTO Test (patient_no, added, first_due_date, frequency, laboratory, completed_status, completed_date) VALUES (172146, 20180727, 20180806, 'weekly', 10, 'yes', 20180816);
INSERT INTO Test (patient_no, added, first_due_date, frequency, laboratory, completed_status, completed_date) VALUES (107375, 20180323, 20180402, 'weekly', 9, 'in review', 20180402);
