-- This is a generated file. Please, do not modify it manually.

USE BloodTestDB;

DELETE FROM Carer;
DELETE FROM Test;
DELETE FROM Patient;
DELETE FROM Laboratory;
DELETE FROM TokenControl;

INSERT INTO Laboratory (lab_id, lab_name, lab_email) VALUES (1, 'lab1', 'lab1@gmail.com');
INSERT INTO Laboratory (lab_id, lab_name, lab_email) VALUES (2, 'lab2', 'lab2@gmail.com');
INSERT INTO Laboratory (lab_id, lab_name, lab_email) VALUES (3, 'lab3', 'lab3@gmail.com');
INSERT INTO Laboratory (lab_id, lab_name, lab_email) VALUES (4, 'lab4', 'lab4@gmail.com');
INSERT INTO Laboratory (lab_id, lab_name, lab_email) VALUES (5, 'lab5', 'lab5@gmail.com');
INSERT INTO Laboratory (lab_id, lab_name, lab_email) VALUES (6, 'lab6', 'lab6@gmail.com');
INSERT INTO Laboratory (lab_id, lab_name, lab_email) VALUES (7, 'lab7', 'lab7@gmail.com');
INSERT INTO Laboratory (lab_id, lab_name, lab_email) VALUES (8, 'lab8', 'lab8@gmail.com');
INSERT INTO Laboratory (lab_id, lab_name, lab_email) VALUES (9, 'lab9', 'lab9@gmail.com');
INSERT INTO Laboratory (lab_id, lab_name, lab_email) VALUES (10, 'lab10', 'lab10@gmail.com');

INSERT INTO Patient (patient_no, patient_name, patient_surname, patient_email, patient_phone) VALUES ('607239', 'name607239', 'surname607239', 'patient607239@gmail.com', '7423424906');
INSERT INTO Patient (patient_no, patient_name, patient_surname, patient_email, patient_phone) VALUES ('317963', 'name317963', 'surname317963', 'patient317963@gmail.com', '7259854845');
INSERT INTO Patient (patient_no, patient_name, patient_surname, patient_email, patient_phone) VALUES ('518157', 'name518157', 'surname518157', 'patient518157@gmail.com', '7861552634');
INSERT INTO Patient (patient_no, patient_name, patient_surname, patient_email, patient_phone) VALUES ('756751', 'name756751', 'surname756751', 'patient756751@gmail.com', '7598345044');
INSERT INTO Patient (patient_no, patient_name, patient_surname, patient_email, patient_phone) VALUES ('192016', 'name192016', 'surname192016', 'patient192016@gmail.com', '7818184183');
INSERT INTO Patient (patient_no, patient_name, patient_surname, patient_email, patient_phone) VALUES ('944148', 'name944148', 'surname944148', 'patient944148@gmail.com', '7078090742');
INSERT INTO Patient (patient_no, patient_name, patient_surname, patient_email, patient_phone) VALUES ('76665', 'name76665', 'surname76665', 'patient76665@gmail.com', '7165292533');
INSERT INTO Patient (patient_no, patient_name, patient_surname, patient_email, patient_phone) VALUES ('568343', 'name568343', 'surname568343', 'patient568343@gmail.com', '7695609332');
INSERT INTO Patient (patient_no, patient_name, patient_surname, patient_email, patient_phone) VALUES ('494618', 'name494618', 'surname494618', 'patient494618@gmail.com', '7882669043');
INSERT INTO Patient (patient_no, patient_name, patient_surname, patient_email, patient_phone) VALUES ('779297', 'name779297', 'surname779297', 'patient779297@gmail.com', '7981441010');
INSERT INTO Patient (patient_no, patient_name, patient_surname, patient_email, patient_phone) VALUES ('551464', 'name551464', 'surname551464', 'patient551464@gmail.com', '7958066349');
INSERT INTO Patient (patient_no, patient_name, patient_surname, patient_email, patient_phone) VALUES ('934442', 'name934442', 'surname934442', 'patient934442@gmail.com', '7282177008');
INSERT INTO Patient (patient_no, patient_name, patient_surname, patient_email, patient_phone) VALUES ('902189', 'name902189', 'surname902189', 'patient902189@gmail.com', '7070734077');
INSERT INTO Patient (patient_no, patient_name, patient_surname, patient_email, patient_phone) VALUES ('164445', 'name164445', 'surname164445', 'patient164445@gmail.com', '7753189869');
INSERT INTO Patient (patient_no, patient_name, patient_surname, patient_email, patient_phone) VALUES ('843825', 'name843825', 'surname843825', 'patient843825@gmail.com', '7849828843');
INSERT INTO Patient (patient_no, patient_name, patient_surname, patient_email, patient_phone) VALUES ('838194', 'name838194', 'surname838194', 'patient838194@gmail.com', '7031385065');
INSERT INTO Patient (patient_no, patient_name, patient_surname, patient_email, patient_phone) VALUES ('862777', 'name862777', 'surname862777', 'patient862777@gmail.com', '7345881576');
INSERT INTO Patient (patient_no, patient_name, patient_surname, patient_email, patient_phone) VALUES ('300602', 'name300602', 'surname300602', 'patient300602@gmail.com', '7832345681');
INSERT INTO Patient (patient_no, patient_name, patient_surname, patient_email, patient_phone) VALUES ('67935', 'name67935', 'surname67935', 'patient67935@gmail.com', '7973066214');
INSERT INTO Patient (patient_no, patient_name, patient_surname, patient_email, patient_phone) VALUES ('51779', 'name51779', 'surname51779', 'patient51779@gmail.com', '7511383918');
INSERT INTO Patient (patient_no, patient_name, patient_surname, patient_email, patient_phone) VALUES ('955460', 'name955460', 'surname955460', 'patient955460@gmail.com', '7501046244');
INSERT INTO Patient (patient_no, patient_name, patient_surname, patient_email, patient_phone) VALUES ('362565', 'name362565', 'surname362565', 'patient362565@gmail.com', '7800782307');
INSERT INTO Patient (patient_no, patient_name, patient_surname, patient_email, patient_phone) VALUES ('600077', 'name600077', 'surname600077', 'patient600077@gmail.com', '7887478240');
INSERT INTO Patient (patient_no, patient_name, patient_surname, patient_email, patient_phone) VALUES ('98889', 'name98889', 'surname98889', 'patient98889@gmail.com', '7857658789');
INSERT INTO Patient (patient_no, patient_name, patient_surname, patient_email, patient_phone) VALUES ('94903', 'name94903', 'surname94903', 'patient94903@gmail.com', '7420656094');
INSERT INTO Patient (patient_no, patient_name, patient_surname, patient_email, patient_phone) VALUES ('421964', 'name421964', 'surname421964', 'patient421964@gmail.com', '7043017180');
INSERT INTO Patient (patient_no, patient_name, patient_surname, patient_email, patient_phone) VALUES ('516685', 'name516685', 'surname516685', 'patient516685@gmail.com', '7954245455');
INSERT INTO Patient (patient_no, patient_name, patient_surname, patient_email, patient_phone) VALUES ('188495', 'name188495', 'surname188495', 'patient188495@gmail.com', '7242011096');
INSERT INTO Patient (patient_no, patient_name, patient_surname, patient_email, patient_phone) VALUES ('202833', 'name202833', 'surname202833', 'patient202833@gmail.com', '7708531671');
INSERT INTO Patient (patient_no, patient_name, patient_surname, patient_email, patient_phone) VALUES ('295507', 'name295507', 'surname295507', 'patient295507@gmail.com', '7311627939');
INSERT INTO Patient (patient_no, patient_name, patient_surname, patient_email, patient_phone) VALUES ('594005', 'name594005', 'surname594005', 'patient594005@gmail.com', '7614152658');
INSERT INTO Patient (patient_no, patient_name, patient_surname, patient_email, patient_phone) VALUES ('428631', 'name428631', 'surname428631', 'patient428631@gmail.com', '7848765564');
INSERT INTO Patient (patient_no, patient_name, patient_surname, patient_email, patient_phone) VALUES ('410639', 'name410639', 'surname410639', 'patient410639@gmail.com', '7964549709');
INSERT INTO Patient (patient_no, patient_name, patient_surname, patient_email, patient_phone) VALUES ('957021', 'name957021', 'surname957021', 'patient957021@gmail.com', '7161160142');
INSERT INTO Patient (patient_no, patient_name, patient_surname, patient_email, patient_phone) VALUES ('429667', 'name429667', 'surname429667', 'patient429667@gmail.com', '7230528973');
INSERT INTO Patient (patient_no, patient_name, patient_surname, patient_email, patient_phone) VALUES ('759396', 'name759396', 'surname759396', 'patient759396@gmail.com', '7152643019');
INSERT INTO Patient (patient_no, patient_name, patient_surname, patient_email, patient_phone) VALUES ('545807', 'name545807', 'surname545807', 'patient545807@gmail.com', '7154419146');
INSERT INTO Patient (patient_no, patient_name, patient_surname, patient_email, patient_phone) VALUES ('302188', 'name302188', 'surname302188', 'patient302188@gmail.com', '7749201353');
INSERT INTO Patient (patient_no, patient_name, patient_surname, patient_email, patient_phone) VALUES ('885357', 'name885357', 'surname885357', 'patient885357@gmail.com', '7842060791');
INSERT INTO Patient (patient_no, patient_name, patient_surname, patient_email, patient_phone) VALUES ('897134', 'name897134', 'surname897134', 'patient897134@gmail.com', '7815836639');
INSERT INTO Patient (patient_no, patient_name, patient_surname, patient_email, patient_phone) VALUES ('514673', 'name514673', 'surname514673', 'patient514673@gmail.com', '7247476982');
INSERT INTO Patient (patient_no, patient_name, patient_surname, patient_email, patient_phone) VALUES ('704626', 'name704626', 'surname704626', 'patient704626@gmail.com', '7055942084');
INSERT INTO Patient (patient_no, patient_name, patient_surname, patient_email, patient_phone) VALUES ('485492', 'name485492', 'surname485492', 'patient485492@gmail.com', '7032265665');
INSERT INTO Patient (patient_no, patient_name, patient_surname, patient_email, patient_phone) VALUES ('709238', 'name709238', 'surname709238', 'patient709238@gmail.com', '7208211904');
INSERT INTO Patient (patient_no, patient_name, patient_surname, patient_email, patient_phone) VALUES ('938516', 'name938516', 'surname938516', 'patient938516@gmail.com', '7563599295');
INSERT INTO Patient (patient_no, patient_name, patient_surname, patient_email, patient_phone) VALUES ('763514', 'name763514', 'surname763514', 'patient763514@gmail.com', '7057029053');
INSERT INTO Patient (patient_no, patient_name, patient_surname, patient_email, patient_phone) VALUES ('50299', 'name50299', 'surname50299', 'patient50299@gmail.com', '7858712223');
INSERT INTO Patient (patient_no, patient_name, patient_surname, patient_email, patient_phone) VALUES ('857213', 'name857213', 'surname857213', 'patient857213@gmail.com', '7565495853');
INSERT INTO Patient (patient_no, patient_name, patient_surname, patient_email, patient_phone) VALUES ('557700', 'name557700', 'surname557700', 'patient557700@gmail.com', '7072315833');
INSERT INTO Patient (patient_no, patient_name, patient_surname, patient_email, patient_phone) VALUES ('270475', 'name270475', 'surname270475', 'patient270475@gmail.com', '7896993207');
INSERT INTO Patient (patient_no, patient_name, patient_surname, patient_email, patient_phone) VALUES ('892557', 'name892557', 'surname892557', 'patient892557@gmail.com', '7639006646');
INSERT INTO Patient (patient_no, patient_name, patient_surname, patient_email, patient_phone) VALUES ('431758', 'name431758', 'surname431758', 'patient431758@gmail.com', '7601436318');
INSERT INTO Patient (patient_no, patient_name, patient_surname, patient_email, patient_phone) VALUES ('223887', 'name223887', 'surname223887', 'patient223887@gmail.com', '7630302131');
INSERT INTO Patient (patient_no, patient_name, patient_surname, patient_email, patient_phone) VALUES ('960144', 'name960144', 'surname960144', 'patient960144@gmail.com', '7284183112');
INSERT INTO Patient (patient_no, patient_name, patient_surname, patient_email, patient_phone) VALUES ('4242', 'name4242', 'surname4242', 'patient4242@gmail.com', '7756411310');
INSERT INTO Patient (patient_no, patient_name, patient_surname, patient_email, patient_phone) VALUES ('419475', 'name419475', 'surname419475', 'patient419475@gmail.com', '7164821501');
INSERT INTO Patient (patient_no, patient_name, patient_surname, patient_email, patient_phone) VALUES ('462484', 'name462484', 'surname462484', 'patient462484@gmail.com', '7709253788');
INSERT INTO Patient (patient_no, patient_name, patient_surname, patient_email, patient_phone) VALUES ('263317', 'name263317', 'surname263317', 'patient263317@gmail.com', '7038950641');
INSERT INTO Patient (patient_no, patient_name, patient_surname, patient_email, patient_phone) VALUES ('784665', 'name784665', 'surname784665', 'patient784665@gmail.com', '7087761830');
INSERT INTO Patient (patient_no, patient_name, patient_surname, patient_email, patient_phone) VALUES ('259736', 'name259736', 'surname259736', 'patient259736@gmail.com', '7181213093');
INSERT INTO Patient (patient_no, patient_name, patient_surname, patient_email, patient_phone) VALUES ('612505', 'name612505', 'surname612505', 'patient612505@gmail.com', '7284252066');
INSERT INTO Patient (patient_no, patient_name, patient_surname, patient_email, patient_phone) VALUES ('580253', 'name580253', 'surname580253', 'patient580253@gmail.com', '7607993328');
INSERT INTO Patient (patient_no, patient_name, patient_surname, patient_email, patient_phone) VALUES ('515743', 'name515743', 'surname515743', 'patient515743@gmail.com', '7365406139');
INSERT INTO Patient (patient_no, patient_name, patient_surname, patient_email, patient_phone) VALUES ('15728', 'name15728', 'surname15728', 'patient15728@gmail.com', '7162275740');
INSERT INTO Patient (patient_no, patient_name, patient_surname, patient_email, patient_phone) VALUES ('170146', 'name170146', 'surname170146', 'patient170146@gmail.com', '7651797915');
INSERT INTO Patient (patient_no, patient_name, patient_surname, patient_email, patient_phone) VALUES ('104498', 'name104498', 'surname104498', 'patient104498@gmail.com', '7407987098');
INSERT INTO Patient (patient_no, patient_name, patient_surname, patient_email, patient_phone) VALUES ('248488', 'name248488', 'surname248488', 'patient248488@gmail.com', '7372460441');
INSERT INTO Patient (patient_no, patient_name, patient_surname, patient_email, patient_phone) VALUES ('20082', 'name20082', 'surname20082', 'patient20082@gmail.com', '7865898393');
INSERT INTO Patient (patient_no, patient_name, patient_surname, patient_email, patient_phone) VALUES ('845491', 'name845491', 'surname845491', 'patient845491@gmail.com', '7713676692');
INSERT INTO Patient (patient_no, patient_name, patient_surname, patient_email, patient_phone) VALUES ('838837', 'name838837', 'surname838837', 'patient838837@gmail.com', '7585506705');
INSERT INTO Patient (patient_no, patient_name, patient_surname, patient_email, patient_phone) VALUES ('606390', 'name606390', 'surname606390', 'patient606390@gmail.com', '7361283984');
INSERT INTO Patient (patient_no, patient_name, patient_surname, patient_email, patient_phone) VALUES ('511159', 'name511159', 'surname511159', 'patient511159@gmail.com', '7237931406');
INSERT INTO Patient (patient_no, patient_name, patient_surname, patient_email, patient_phone) VALUES ('753524', 'name753524', 'surname753524', 'patient753524@gmail.com', '7799412109');
INSERT INTO Patient (patient_no, patient_name, patient_surname, patient_email, patient_phone) VALUES ('403134', 'name403134', 'surname403134', 'patient403134@gmail.com', '7613089164');
INSERT INTO Patient (patient_no, patient_name, patient_surname, patient_email, patient_phone) VALUES ('293664', 'name293664', 'surname293664', 'patient293664@gmail.com', '7328925758');
INSERT INTO Patient (patient_no, patient_name, patient_surname, patient_email, patient_phone) VALUES ('608451', 'name608451', 'surname608451', 'patient608451@gmail.com', '7574367626');
INSERT INTO Patient (patient_no, patient_name, patient_surname, patient_email, patient_phone) VALUES ('749715', 'name749715', 'surname749715', 'patient749715@gmail.com', '7893540745');
INSERT INTO Patient (patient_no, patient_name, patient_surname, patient_email, patient_phone) VALUES ('935622', 'name935622', 'surname935622', 'patient935622@gmail.com', '7831178119');
INSERT INTO Patient (patient_no, patient_name, patient_surname, patient_email, patient_phone) VALUES ('734407', 'name734407', 'surname734407', 'patient734407@gmail.com', '7787912070');
INSERT INTO Patient (patient_no, patient_name, patient_surname, patient_email, patient_phone) VALUES ('446153', 'name446153', 'surname446153', 'patient446153@gmail.com', '7870925487');
INSERT INTO Patient (patient_no, patient_name, patient_surname, patient_email, patient_phone) VALUES ('514252', 'name514252', 'surname514252', 'patient514252@gmail.com', '7509955971');
INSERT INTO Patient (patient_no, patient_name, patient_surname, patient_email, patient_phone) VALUES ('966862', 'name966862', 'surname966862', 'patient966862@gmail.com', '7610311042');
INSERT INTO Patient (patient_no, patient_name, patient_surname, patient_email, patient_phone) VALUES ('34511', 'name34511', 'surname34511', 'patient34511@gmail.com', '7374279041');
INSERT INTO Patient (patient_no, patient_name, patient_surname, patient_email, patient_phone) VALUES ('64209', 'name64209', 'surname64209', 'patient64209@gmail.com', '7610389885');
INSERT INTO Patient (patient_no, patient_name, patient_surname, patient_email, patient_phone) VALUES ('657619', 'name657619', 'surname657619', 'patient657619@gmail.com', '7033302396');
INSERT INTO Patient (patient_no, patient_name, patient_surname, patient_email, patient_phone) VALUES ('817877', 'name817877', 'surname817877', 'patient817877@gmail.com', '7176534395');
INSERT INTO Patient (patient_no, patient_name, patient_surname, patient_email, patient_phone) VALUES ('322169', 'name322169', 'surname322169', 'patient322169@gmail.com', '7629686164');
INSERT INTO Patient (patient_no, patient_name, patient_surname, patient_email, patient_phone) VALUES ('706264', 'name706264', 'surname706264', 'patient706264@gmail.com', '7768021679');
INSERT INTO Patient (patient_no, patient_name, patient_surname, patient_email, patient_phone) VALUES ('767193', 'name767193', 'surname767193', 'patient767193@gmail.com', '7502954729');
INSERT INTO Patient (patient_no, patient_name, patient_surname, patient_email, patient_phone) VALUES ('649436', 'name649436', 'surname649436', 'patient649436@gmail.com', '7624138302');
INSERT INTO Patient (patient_no, patient_name, patient_surname, patient_email, patient_phone) VALUES ('622818', 'name622818', 'surname622818', 'patient622818@gmail.com', '7520119155');
INSERT INTO Patient (patient_no, patient_name, patient_surname, patient_email, patient_phone) VALUES ('173691', 'name173691', 'surname173691', 'patient173691@gmail.com', '7740139377');
INSERT INTO Patient (patient_no, patient_name, patient_surname, patient_email, patient_phone) VALUES ('500454', 'name500454', 'surname500454', 'patient500454@gmail.com', '7586443632');
INSERT INTO Patient (patient_no, patient_name, patient_surname, patient_email, patient_phone) VALUES ('295144', 'name295144', 'surname295144', 'patient295144@gmail.com', '7991394621');
INSERT INTO Patient (patient_no, patient_name, patient_surname, patient_email, patient_phone) VALUES ('473840', 'name473840', 'surname473840', 'patient473840@gmail.com', '7154432878');
INSERT INTO Patient (patient_no, patient_name, patient_surname, patient_email, patient_phone) VALUES ('748273', 'name748273', 'surname748273', 'patient748273@gmail.com', '7579956589');
INSERT INTO Patient (patient_no, patient_name, patient_surname, patient_email, patient_phone) VALUES ('127699', 'name127699', 'surname127699', 'patient127699@gmail.com', '7428137322');
INSERT INTO Patient (patient_no, patient_name, patient_surname, patient_email, patient_phone) VALUES ('253172', 'name253172', 'surname253172', 'patient253172@gmail.com', '7765332284');
INSERT INTO Patient (patient_no, patient_name, patient_surname, patient_email, patient_phone) VALUES ('772852', 'name772852', 'surname772852', 'patient772852@gmail.com', '7257339240');
INSERT INTO Patient (patient_no, patient_name, patient_surname, patient_email, patient_phone) VALUES ('834294', 'name834294', 'surname834294', 'patient834294@gmail.com', '7180181863');
INSERT INTO Patient (patient_no, patient_name, patient_surname, patient_email, patient_phone) VALUES ('938232', 'name938232', 'surname938232', 'patient938232@gmail.com', '7996602211');
INSERT INTO Patient (patient_no, patient_name, patient_surname, patient_email, patient_phone) VALUES ('998139', 'name998139', 'surname998139', 'patient998139@gmail.com', '7141441890');
INSERT INTO Patient (patient_no, patient_name, patient_surname, patient_email, patient_phone) VALUES ('851198', 'name851198', 'surname851198', 'patient851198@gmail.com', '7471612257');
INSERT INTO Patient (patient_no, patient_name, patient_surname, patient_email, patient_phone) VALUES ('782593', 'name782593', 'surname782593', 'patient782593@gmail.com', '7717663070');
INSERT INTO Patient (patient_no, patient_name, patient_surname, patient_email, patient_phone) VALUES ('131331', 'name131331', 'surname131331', 'patient131331@gmail.com', '7146290490');
INSERT INTO Patient (patient_no, patient_name, patient_surname, patient_email, patient_phone) VALUES ('480517', 'name480517', 'surname480517', 'patient480517@gmail.com', '7384462682');
INSERT INTO Patient (patient_no, patient_name, patient_surname, patient_email, patient_phone) VALUES ('738499', 'name738499', 'surname738499', 'patient738499@gmail.com', '7547057465');
INSERT INTO Patient (patient_no, patient_name, patient_surname, patient_email, patient_phone) VALUES ('810761', 'name810761', 'surname810761', 'patient810761@gmail.com', '7123157334');
INSERT INTO Patient (patient_no, patient_name, patient_surname, patient_email, patient_phone) VALUES ('615178', 'name615178', 'surname615178', 'patient615178@gmail.com', '7091738965');
INSERT INTO Patient (patient_no, patient_name, patient_surname, patient_email, patient_phone) VALUES ('868111', 'name868111', 'surname868111', 'patient868111@gmail.com', '7365391188');
INSERT INTO Patient (patient_no, patient_name, patient_surname, patient_email, patient_phone) VALUES ('620307', 'name620307', 'surname620307', 'patient620307@gmail.com', '7616342863');
INSERT INTO Patient (patient_no, patient_name, patient_surname, patient_email, patient_phone) VALUES ('933337', 'name933337', 'surname933337', 'patient933337@gmail.com', '7723775310');
INSERT INTO Patient (patient_no, patient_name, patient_surname, patient_email, patient_phone) VALUES ('254745', 'name254745', 'surname254745', 'patient254745@gmail.com', '7072923981');
INSERT INTO Patient (patient_no, patient_name, patient_surname, patient_email, patient_phone) VALUES ('551194', 'name551194', 'surname551194', 'patient551194@gmail.com', '7227258187');
INSERT INTO Patient (patient_no, patient_name, patient_surname, patient_email, patient_phone) VALUES ('234779', 'name234779', 'surname234779', 'patient234779@gmail.com', '7236460873');
INSERT INTO Patient (patient_no, patient_name, patient_surname, patient_email, patient_phone) VALUES ('353567', 'name353567', 'surname353567', 'patient353567@gmail.com', '7455948104');
INSERT INTO Patient (patient_no, patient_name, patient_surname, patient_email, patient_phone) VALUES ('344352', 'name344352', 'surname344352', 'patient344352@gmail.com', '7558794077');
INSERT INTO Patient (patient_no, patient_name, patient_surname, patient_email, patient_phone) VALUES ('758345', 'name758345', 'surname758345', 'patient758345@gmail.com', '7195751749');
INSERT INTO Patient (patient_no, patient_name, patient_surname, patient_email, patient_phone) VALUES ('418087', 'name418087', 'surname418087', 'patient418087@gmail.com', '7439671107');
INSERT INTO Patient (patient_no, patient_name, patient_surname, patient_email, patient_phone) VALUES ('503004', 'name503004', 'surname503004', 'patient503004@gmail.com', '7667840834');
INSERT INTO Patient (patient_no, patient_name, patient_surname, patient_email, patient_phone) VALUES ('530733', 'name530733', 'surname530733', 'patient530733@gmail.com', '7135701824');
INSERT INTO Patient (patient_no, patient_name, patient_surname, patient_email, patient_phone) VALUES ('634676', 'name634676', 'surname634676', 'patient634676@gmail.com', '7486099775');
INSERT INTO Patient (patient_no, patient_name, patient_surname, patient_email, patient_phone) VALUES ('341301', 'name341301', 'surname341301', 'patient341301@gmail.com', '7002361150');
INSERT INTO Patient (patient_no, patient_name, patient_surname, patient_email, patient_phone) VALUES ('445753', 'name445753', 'surname445753', 'patient445753@gmail.com', '7744976189');
INSERT INTO Patient (patient_no, patient_name, patient_surname, patient_email, patient_phone) VALUES ('360763', 'name360763', 'surname360763', 'patient360763@gmail.com', '7633621308');
INSERT INTO Patient (patient_no, patient_name, patient_surname, patient_email, patient_phone) VALUES ('369980', 'name369980', 'surname369980', 'patient369980@gmail.com', '7854881595');
INSERT INTO Patient (patient_no, patient_name, patient_surname, patient_email, patient_phone) VALUES ('679744', 'name679744', 'surname679744', 'patient679744@gmail.com', '7587467578');
INSERT INTO Patient (patient_no, patient_name, patient_surname, patient_email, patient_phone) VALUES ('951617', 'name951617', 'surname951617', 'patient951617@gmail.com', '7664341305');
INSERT INTO Patient (patient_no, patient_name, patient_surname, patient_email, patient_phone) VALUES ('423750', 'name423750', 'surname423750', 'patient423750@gmail.com', '7816403766');
INSERT INTO Patient (patient_no, patient_name, patient_surname, patient_email, patient_phone) VALUES ('843592', 'name843592', 'surname843592', 'patient843592@gmail.com', '7013342271');
INSERT INTO Patient (patient_no, patient_name, patient_surname, patient_email, patient_phone) VALUES ('214860', 'name214860', 'surname214860', 'patient214860@gmail.com', '7651057478');
INSERT INTO Patient (patient_no, patient_name, patient_surname, patient_email, patient_phone) VALUES ('438096', 'name438096', 'surname438096', 'patient438096@gmail.com', '7503365426');
INSERT INTO Patient (patient_no, patient_name, patient_surname, patient_email, patient_phone) VALUES ('759124', 'name759124', 'surname759124', 'patient759124@gmail.com', '7576085213');
INSERT INTO Patient (patient_no, patient_name, patient_surname, patient_email, patient_phone) VALUES ('148824', 'name148824', 'surname148824', 'patient148824@gmail.com', '7985904942');
INSERT INTO Patient (patient_no, patient_name, patient_surname, patient_email, patient_phone) VALUES ('401241', 'name401241', 'surname401241', 'patient401241@gmail.com', '7920192812');
INSERT INTO Patient (patient_no, patient_name, patient_surname, patient_email, patient_phone) VALUES ('720218', 'name720218', 'surname720218', 'patient720218@gmail.com', '7109616938');
INSERT INTO Patient (patient_no, patient_name, patient_surname, patient_email, patient_phone) VALUES ('360284', 'name360284', 'surname360284', 'patient360284@gmail.com', '7027963688');
INSERT INTO Patient (patient_no, patient_name, patient_surname, patient_email, patient_phone) VALUES ('808799', 'name808799', 'surname808799', 'patient808799@gmail.com', '7394566022');
INSERT INTO Patient (patient_no, patient_name, patient_surname, patient_email, patient_phone) VALUES ('215906', 'name215906', 'surname215906', 'patient215906@gmail.com', '7826541344');
INSERT INTO Patient (patient_no, patient_name, patient_surname, patient_email, patient_phone) VALUES ('11110', 'name11110', 'surname11110', 'patient11110@gmail.com', '7864996127');
INSERT INTO Patient (patient_no, patient_name, patient_surname, patient_email, patient_phone) VALUES ('946023', 'name946023', 'surname946023', 'patient946023@gmail.com', '7738680606');
INSERT INTO Patient (patient_no, patient_name, patient_surname, patient_email, patient_phone) VALUES ('204136', 'name204136', 'surname204136', 'patient204136@gmail.com', '7318261021');
INSERT INTO Patient (patient_no, patient_name, patient_surname, patient_email, patient_phone) VALUES ('959292', 'name959292', 'surname959292', 'patient959292@gmail.com', '7375859484');
INSERT INTO Patient (patient_no, patient_name, patient_surname, patient_email, patient_phone) VALUES ('640877', 'name640877', 'surname640877', 'patient640877@gmail.com', '7242651929');
INSERT INTO Patient (patient_no, patient_name, patient_surname, patient_email, patient_phone) VALUES ('22384', 'name22384', 'surname22384', 'patient22384@gmail.com', '7391734551');
INSERT INTO Patient (patient_no, patient_name, patient_surname, patient_email, patient_phone) VALUES ('701810', 'name701810', 'surname701810', 'patient701810@gmail.com', '7423498006');
INSERT INTO Patient (patient_no, patient_name, patient_surname, patient_email, patient_phone) VALUES ('419987', 'name419987', 'surname419987', 'patient419987@gmail.com', '7478962734');
INSERT INTO Patient (patient_no, patient_name, patient_surname, patient_email, patient_phone) VALUES ('81268', 'name81268', 'surname81268', 'patient81268@gmail.com', '7048063935');
INSERT INTO Patient (patient_no, patient_name, patient_surname, patient_email, patient_phone) VALUES ('54647', 'name54647', 'surname54647', 'patient54647@gmail.com', '7096154430');
INSERT INTO Patient (patient_no, patient_name, patient_surname, patient_email, patient_phone) VALUES ('248184', 'name248184', 'surname248184', 'patient248184@gmail.com', '7475744015');
INSERT INTO Patient (patient_no, patient_name, patient_surname, patient_email, patient_phone) VALUES ('680852', 'name680852', 'surname680852', 'patient680852@gmail.com', '7804647486');
INSERT INTO Patient (patient_no, patient_name, patient_surname, patient_email, patient_phone) VALUES ('212349', 'name212349', 'surname212349', 'patient212349@gmail.com', '7097705738');
INSERT INTO Patient (patient_no, patient_name, patient_surname, patient_email, patient_phone) VALUES ('771968', 'name771968', 'surname771968', 'patient771968@gmail.com', '7469558474');
INSERT INTO Patient (patient_no, patient_name, patient_surname, patient_email, patient_phone) VALUES ('492929', 'name492929', 'surname492929', 'patient492929@gmail.com', '7111910151');
INSERT INTO Patient (patient_no, patient_name, patient_surname, patient_email, patient_phone) VALUES ('438660', 'name438660', 'surname438660', 'patient438660@gmail.com', '7839085317');
INSERT INTO Patient (patient_no, patient_name, patient_surname, patient_email, patient_phone) VALUES ('656705', 'name656705', 'surname656705', 'patient656705@gmail.com', '7533277397');
INSERT INTO Patient (patient_no, patient_name, patient_surname, patient_email, patient_phone) VALUES ('41353', 'name41353', 'surname41353', 'patient41353@gmail.com', '7030648061');
INSERT INTO Patient (patient_no, patient_name, patient_surname, patient_email, patient_phone) VALUES ('202635', 'name202635', 'surname202635', 'patient202635@gmail.com', '7427174941');
INSERT INTO Patient (patient_no, patient_name, patient_surname, patient_email, patient_phone) VALUES ('521130', 'name521130', 'surname521130', 'patient521130@gmail.com', '7232405238');
INSERT INTO Patient (patient_no, patient_name, patient_surname, patient_email, patient_phone) VALUES ('934552', 'name934552', 'surname934552', 'patient934552@gmail.com', '7976711486');
INSERT INTO Patient (patient_no, patient_name, patient_surname, patient_email, patient_phone) VALUES ('685460', 'name685460', 'surname685460', 'patient685460@gmail.com', '7168500465');
INSERT INTO Patient (patient_no, patient_name, patient_surname, patient_email, patient_phone) VALUES ('456085', 'name456085', 'surname456085', 'patient456085@gmail.com', '7184535280');
INSERT INTO Patient (patient_no, patient_name, patient_surname, patient_email, patient_phone) VALUES ('604825', 'name604825', 'surname604825', 'patient604825@gmail.com', '7399980270');
INSERT INTO Patient (patient_no, patient_name, patient_surname, patient_email, patient_phone) VALUES ('840772', 'name840772', 'surname840772', 'patient840772@gmail.com', '7481580269');
INSERT INTO Patient (patient_no, patient_name, patient_surname, patient_email, patient_phone) VALUES ('442366', 'name442366', 'surname442366', 'patient442366@gmail.com', '7861799147');
INSERT INTO Patient (patient_no, patient_name, patient_surname, patient_email, patient_phone) VALUES ('477085', 'name477085', 'surname477085', 'patient477085@gmail.com', '7805318889');
INSERT INTO Patient (patient_no, patient_name, patient_surname, patient_email, patient_phone) VALUES ('243102', 'name243102', 'surname243102', 'patient243102@gmail.com', '7389290216');
INSERT INTO Patient (patient_no, patient_name, patient_surname, patient_email, patient_phone) VALUES ('910244', 'name910244', 'surname910244', 'patient910244@gmail.com', '7598652135');
INSERT INTO Patient (patient_no, patient_name, patient_surname, patient_email, patient_phone) VALUES ('921509', 'name921509', 'surname921509', 'patient921509@gmail.com', '7124175590');
INSERT INTO Patient (patient_no, patient_name, patient_surname, patient_email, patient_phone) VALUES ('305578', 'name305578', 'surname305578', 'patient305578@gmail.com', '7218785147');
INSERT INTO Patient (patient_no, patient_name, patient_surname, patient_email, patient_phone) VALUES ('878507', 'name878507', 'surname878507', 'patient878507@gmail.com', '7831766754');
INSERT INTO Patient (patient_no, patient_name, patient_surname, patient_email, patient_phone) VALUES ('583599', 'name583599', 'surname583599', 'patient583599@gmail.com', '7373984480');
INSERT INTO Patient (patient_no, patient_name, patient_surname, patient_email, patient_phone) VALUES ('303537', 'name303537', 'surname303537', 'patient303537@gmail.com', '7381277919');
INSERT INTO Patient (patient_no, patient_name, patient_surname, patient_email, patient_phone) VALUES ('949687', 'name949687', 'surname949687', 'patient949687@gmail.com', '7296876253');
INSERT INTO Patient (patient_no, patient_name, patient_surname, patient_email, patient_phone) VALUES ('151284', 'name151284', 'surname151284', 'patient151284@gmail.com', '7901081820');
INSERT INTO Patient (patient_no, patient_name, patient_surname, patient_email, patient_phone) VALUES ('286148', 'name286148', 'surname286148', 'patient286148@gmail.com', '7923944154');
INSERT INTO Patient (patient_no, patient_name, patient_surname, patient_email, patient_phone) VALUES ('333302', 'name333302', 'surname333302', 'patient333302@gmail.com', '7081324249');
INSERT INTO Patient (patient_no, patient_name, patient_surname, patient_email, patient_phone) VALUES ('551366', 'name551366', 'surname551366', 'patient551366@gmail.com', '7380273368');
INSERT INTO Patient (patient_no, patient_name, patient_surname, patient_email, patient_phone) VALUES ('21961', 'name21961', 'surname21961', 'patient21961@gmail.com', '7445630167');
INSERT INTO Patient (patient_no, patient_name, patient_surname, patient_email, patient_phone) VALUES ('485834', 'name485834', 'surname485834', 'patient485834@gmail.com', '7717267669');
INSERT INTO Patient (patient_no, patient_name, patient_surname, patient_email, patient_phone) VALUES ('718498', 'name718498', 'surname718498', 'patient718498@gmail.com', '7524037843');
INSERT INTO Patient (patient_no, patient_name, patient_surname, patient_email, patient_phone) VALUES ('96207', 'name96207', 'surname96207', 'patient96207@gmail.com', '7487964370');
INSERT INTO Patient (patient_no, patient_name, patient_surname, patient_email, patient_phone) VALUES ('816592', 'name816592', 'surname816592', 'patient816592@gmail.com', '7002093263');
INSERT INTO Patient (patient_no, patient_name, patient_surname, patient_email, patient_phone) VALUES ('377810', 'name377810', 'surname377810', 'patient377810@gmail.com', '7707972301');
INSERT INTO Patient (patient_no, patient_name, patient_surname, patient_email, patient_phone) VALUES ('604117', 'name604117', 'surname604117', 'patient604117@gmail.com', '7636194508');
INSERT INTO Patient (patient_no, patient_name, patient_surname, patient_email, patient_phone) VALUES ('196054', 'name196054', 'surname196054', 'patient196054@gmail.com', '7895329143');
INSERT INTO Patient (patient_no, patient_name, patient_surname, patient_email, patient_phone) VALUES ('967127', 'name967127', 'surname967127', 'patient967127@gmail.com', '7816054986');
INSERT INTO Patient (patient_no, patient_name, patient_surname, patient_email, patient_phone) VALUES ('319449', 'name319449', 'surname319449', 'patient319449@gmail.com', '7546501832');
INSERT INTO Patient (patient_no, patient_name, patient_surname, patient_email, patient_phone) VALUES ('237531', 'name237531', 'surname237531', 'patient237531@gmail.com', '7222627014');
INSERT INTO Patient (patient_no, patient_name, patient_surname, patient_email, patient_phone) VALUES ('197627', 'name197627', 'surname197627', 'patient197627@gmail.com', '7778334405');
INSERT INTO Patient (patient_no, patient_name, patient_surname, patient_email, patient_phone) VALUES ('272357', 'name272357', 'surname272357', 'patient272357@gmail.com', '7017226947');
INSERT INTO Patient (patient_no, patient_name, patient_surname, patient_email, patient_phone) VALUES ('208884', 'name208884', 'surname208884', 'patient208884@gmail.com', '7631305922');
INSERT INTO Patient (patient_no, patient_name, patient_surname, patient_email, patient_phone) VALUES ('351998', 'name351998', 'surname351998', 'patient351998@gmail.com', '7491303968');
INSERT INTO Patient (patient_no, patient_name, patient_surname, patient_email, patient_phone) VALUES ('201206', 'name201206', 'surname201206', 'patient201206@gmail.com', '7246545086');
INSERT INTO Patient (patient_no, patient_name, patient_surname, patient_email, patient_phone) VALUES ('441140', 'name441140', 'surname441140', 'patient441140@gmail.com', '7106672842');
INSERT INTO Patient (patient_no, patient_name, patient_surname, patient_email, patient_phone) VALUES ('97786', 'name97786', 'surname97786', 'patient97786@gmail.com', '7480501797');
INSERT INTO Patient (patient_no, patient_name, patient_surname, patient_email, patient_phone) VALUES ('59387', 'name59387', 'surname59387', 'patient59387@gmail.com', '7289761717');
INSERT INTO Patient (patient_no, patient_name, patient_surname, patient_email, patient_phone) VALUES ('455677', 'name455677', 'surname455677', 'patient455677@gmail.com', '7381490872');
INSERT INTO Patient (patient_no, patient_name, patient_surname, patient_email, patient_phone) VALUES ('278014', 'name278014', 'surname278014', 'patient278014@gmail.com', '7677527223');
INSERT INTO Patient (patient_no, patient_name, patient_surname, patient_email, patient_phone) VALUES ('818261', 'name818261', 'surname818261', 'patient818261@gmail.com', '7481531062');

INSERT INTO Carer (patient_no, carer_name, carer_email, carer_phone, relationship) VALUES (305578, 'carer0', 'carer0@gmail.com', '7303171253', 'uncle');
INSERT INTO Carer (patient_no, carer_name, carer_email, carer_phone, relationship) VALUES (104498, 'carer1', 'carer1@gmail.com', '7470380724', 'grandparent');
INSERT INTO Carer (patient_no, carer_name, carer_email, carer_phone, relationship) VALUES (234779, 'carer2', 'carer2@gmail.com', '7417015923', 'father');
INSERT INTO Carer (patient_no, carer_name, carer_email, carer_phone, relationship) VALUES (360763, 'carer3', 'carer3@gmail.com', '7515296946', 'grandparent');
INSERT INTO Carer (patient_no, carer_name, carer_email, carer_phone, relationship) VALUES (401241, 'carer4', 'carer4@gmail.com', '7400483528', 'father');
INSERT INTO Carer (patient_no, carer_name, carer_email, carer_phone, relationship) VALUES (322169, 'carer5', 'carer5@gmail.com', '7196563229', 'mother');
INSERT INTO Carer (patient_no, carer_name, carer_email, carer_phone, relationship) VALUES (759124, 'carer6', 'carer6@gmail.com', '7416869549', 'mother');
INSERT INTO Carer (patient_no, carer_name, carer_email, carer_phone, relationship) VALUES (897134, 'carer7', 'carer7@gmail.com', '7538972332', 'father');
INSERT INTO Carer (patient_no, carer_name, carer_email, carer_phone, relationship) VALUES (500454, 'carer8', 'carer8@gmail.com', '7511496033', 'mother');
INSERT INTO Carer (patient_no, carer_name, carer_email, carer_phone, relationship) VALUES (734407, 'carer9', 'carer9@gmail.com', '7020497065', 'father');
INSERT INTO Carer (patient_no, carer_name, carer_email, carer_phone, relationship) VALUES (286148, 'carer10', 'carer10@gmail.com', '7479075641', 'father');
INSERT INTO Carer (patient_no, carer_name, carer_email, carer_phone, relationship) VALUES (278014, 'carer11', 'carer11@gmail.com', '7651865115', 'uncle');
INSERT INTO Carer (patient_no, carer_name, carer_email, carer_phone, relationship) VALUES (734407, 'carer12', 'carer12@gmail.com', '7430718111', 'grandparent');
INSERT INTO Carer (patient_no, carer_name, carer_email, carer_phone, relationship) VALUES (4242, 'carer13', 'carer13@gmail.com', '7734181022', 'grandparent');
INSERT INTO Carer (patient_no, carer_name, carer_email, carer_phone, relationship) VALUES (317963, 'carer14', 'carer14@gmail.com', '7630882460', 'uncle');
INSERT INTO Carer (patient_no, carer_name, carer_email, carer_phone, relationship) VALUES (494618, 'carer15', 'carer15@gmail.com', '7745117636', 'father');
INSERT INTO Carer (patient_no, carer_name, carer_email, carer_phone, relationship) VALUES (892557, 'carer16', 'carer16@gmail.com', '7150050670', 'uncle');
INSERT INTO Carer (patient_no, carer_name, carer_email, carer_phone, relationship) VALUES (845491, 'carer17', 'carer17@gmail.com', '7283541651', 'grandparent');
INSERT INTO Carer (patient_no, carer_name, carer_email, carer_phone, relationship) VALUES (234779, 'carer18', 'carer18@gmail.com', '7134258832', 'grandparent');
INSERT INTO Carer (patient_no, carer_name, carer_email, carer_phone, relationship) VALUES (600077, 'carer19', 'carer19@gmail.com', '7718159981', 'uncle');
INSERT INTO Carer (patient_no, carer_name, carer_email, carer_phone, relationship) VALUES (843592, 'carer20', 'carer20@gmail.com', '7100084703', 'uncle');
INSERT INTO Carer (patient_no, carer_name, carer_email, carer_phone, relationship) VALUES (41353, 'carer21', 'carer21@gmail.com', '7447804554', 'grandparent');
INSERT INTO Carer (patient_no, carer_name, carer_email, carer_phone, relationship) VALUES (170146, 'carer22', 'carer22@gmail.com', '7856708661', 'mother');
INSERT INTO Carer (patient_no, carer_name, carer_email, carer_phone, relationship) VALUES (966862, 'carer23', 'carer23@gmail.com', '7140651143', 'grandparent');
INSERT INTO Carer (patient_no, carer_name, carer_email, carer_phone, relationship) VALUES (622818, 'carer24', 'carer24@gmail.com', '7674037381', 'father');
INSERT INTO Carer (patient_no, carer_name, carer_email, carer_phone, relationship) VALUES (4242, 'carer25', 'carer25@gmail.com', '7912069251', 'grandparent');
INSERT INTO Carer (patient_no, carer_name, carer_email, carer_phone, relationship) VALUES (202833, 'carer26', 'carer26@gmail.com', '7359042178', 'mother');
INSERT INTO Carer (patient_no, carer_name, carer_email, carer_phone, relationship) VALUES (377810, 'carer27', 'carer27@gmail.com', '7500130433', 'father');
INSERT INTO Carer (patient_no, carer_name, carer_email, carer_phone, relationship) VALUES (608451, 'carer28', 'carer28@gmail.com', '7916492416', 'father');
INSERT INTO Carer (patient_no, carer_name, carer_email, carer_phone, relationship) VALUES (369980, 'carer29', 'carer29@gmail.com', '7400661118', 'grandparent');
INSERT INTO Carer (patient_no, carer_name, carer_email, carer_phone, relationship) VALUES (551464, 'carer30', 'carer30@gmail.com', '7468060284', 'grandparent');
INSERT INTO Carer (patient_no, carer_name, carer_email, carer_phone, relationship) VALUES (600077, 'carer31', 'carer31@gmail.com', '7706750911', 'uncle');
INSERT INTO Carer (patient_no, carer_name, carer_email, carer_phone, relationship) VALUES (604825, 'carer32', 'carer32@gmail.com', '7384322201', 'mother');
INSERT INTO Carer (patient_no, carer_name, carer_email, carer_phone, relationship) VALUES (164445, 'carer33', 'carer33@gmail.com', '7549591121', 'father');
INSERT INTO Carer (patient_no, carer_name, carer_email, carer_phone, relationship) VALUES (322169, 'carer34', 'carer34@gmail.com', '7814319991', 'mother');
INSERT INTO Carer (patient_no, carer_name, carer_email, carer_phone, relationship) VALUES (438096, 'carer35', 'carer35@gmail.com', '7485770865', 'grandparent');
INSERT INTO Carer (patient_no, carer_name, carer_email, carer_phone, relationship) VALUES (148824, 'carer36', 'carer36@gmail.com', '7735081426', 'uncle');
INSERT INTO Carer (patient_no, carer_name, carer_email, carer_phone, relationship) VALUES (845491, 'carer37', 'carer37@gmail.com', '7715312928', 'father');
INSERT INTO Carer (patient_no, carer_name, carer_email, carer_phone, relationship) VALUES (360763, 'carer38', 'carer38@gmail.com', '7829297262', 'mother');
INSERT INTO Carer (patient_no, carer_name, carer_email, carer_phone, relationship) VALUES (237531, 'carer39', 'carer39@gmail.com', '7575000173', 'uncle');
INSERT INTO Carer (patient_no, carer_name, carer_email, carer_phone, relationship) VALUES (878507, 'carer40', 'carer40@gmail.com', '7971748460', 'father');
INSERT INTO Carer (patient_no, carer_name, carer_email, carer_phone, relationship) VALUES (104498, 'carer41', 'carer41@gmail.com', '7979888747', 'mother');
INSERT INTO Carer (patient_no, carer_name, carer_email, carer_phone, relationship) VALUES (500454, 'carer42', 'carer42@gmail.com', '7414774889', 'mother');
INSERT INTO Carer (patient_no, carer_name, carer_email, carer_phone, relationship) VALUES (480517, 'carer43', 'carer43@gmail.com', '7922522876', 'uncle');
INSERT INTO Carer (patient_no, carer_name, carer_email, carer_phone, relationship) VALUES (278014, 'carer44', 'carer44@gmail.com', '7386452067', 'father');
INSERT INTO Carer (patient_no, carer_name, carer_email, carer_phone, relationship) VALUES (248184, 'carer45', 'carer45@gmail.com', '7391358049', 'grandparent');
INSERT INTO Carer (patient_no, carer_name, carer_email, carer_phone, relationship) VALUES (333302, 'carer46', 'carer46@gmail.com', '7130822610', 'mother');
INSERT INTO Carer (patient_no, carer_name, carer_email, carer_phone, relationship) VALUES (818261, 'carer47', 'carer47@gmail.com', '7949080000', 'grandparent');
INSERT INTO Carer (patient_no, carer_name, carer_email, carer_phone, relationship) VALUES (223887, 'carer48', 'carer48@gmail.com', '7258288911', 'mother');
INSERT INTO Carer (patient_no, carer_name, carer_email, carer_phone, relationship) VALUES (759124, 'carer49', 'carer49@gmail.com', '7171461561', 'father');
INSERT INTO Carer (patient_no, carer_name, carer_email, carer_phone, relationship) VALUES (944148, 'carer50', 'carer50@gmail.com', '7986722002', 'father');
INSERT INTO Carer (patient_no, carer_name, carer_email, carer_phone, relationship) VALUES (604117, 'carer51', 'carer51@gmail.com', '7012659795', 'grandparent');
INSERT INTO Carer (patient_no, carer_name, carer_email, carer_phone, relationship) VALUES (838837, 'carer52', 'carer52@gmail.com', '7598328913', 'mother');
INSERT INTO Carer (patient_no, carer_name, carer_email, carer_phone, relationship) VALUES (604117, 'carer53', 'carer53@gmail.com', '7783300175', 'uncle');
INSERT INTO Carer (patient_no, carer_name, carer_email, carer_phone, relationship) VALUES (966862, 'carer54', 'carer54@gmail.com', '7103742030', 'uncle');
INSERT INTO Carer (patient_no, carer_name, carer_email, carer_phone, relationship) VALUES (604825, 'carer55', 'carer55@gmail.com', '7925216845', 'uncle');
INSERT INTO Carer (patient_no, carer_name, carer_email, carer_phone, relationship) VALUES (604117, 'carer56', 'carer56@gmail.com', '7470269004', 'father');
INSERT INTO Carer (patient_no, carer_name, carer_email, carer_phone, relationship) VALUES (362565, 'carer57', 'carer57@gmail.com', '7674297783', 'mother');
INSERT INTO Carer (patient_no, carer_name, carer_email, carer_phone, relationship) VALUES (656705, 'carer58', 'carer58@gmail.com', '7503447052', 'mother');
INSERT INTO Carer (patient_no, carer_name, carer_email, carer_phone, relationship) VALUES (438660, 'carer59', 'carer59@gmail.com', '7242173512', 'grandparent');
INSERT INTO Carer (patient_no, carer_name, carer_email, carer_phone, relationship) VALUES (197627, 'carer60', 'carer60@gmail.com', '7532604513', 'grandparent');
INSERT INTO Carer (patient_no, carer_name, carer_email, carer_phone, relationship) VALUES (248488, 'carer61', 'carer61@gmail.com', '7392379251', 'mother');
INSERT INTO Carer (patient_no, carer_name, carer_email, carer_phone, relationship) VALUES (401241, 'carer62', 'carer62@gmail.com', '7966924947', 'grandparent');
INSERT INTO Carer (patient_no, carer_name, carer_email, carer_phone, relationship) VALUES (810761, 'carer63', 'carer63@gmail.com', '7798856256', 'mother');
INSERT INTO Carer (patient_no, carer_name, carer_email, carer_phone, relationship) VALUES (81268, 'carer64', 'carer64@gmail.com', '7249244735', 'grandparent');
INSERT INTO Carer (patient_no, carer_name, carer_email, carer_phone, relationship) VALUES (503004, 'carer65', 'carer65@gmail.com', '7298283070', 'mother');
INSERT INTO Carer (patient_no, carer_name, carer_email, carer_phone, relationship) VALUES (966862, 'carer66', 'carer66@gmail.com', '7915696701', 'grandparent');
INSERT INTO Carer (patient_no, carer_name, carer_email, carer_phone, relationship) VALUES (966862, 'carer67', 'carer67@gmail.com', '7292509243', 'mother');
INSERT INTO Carer (patient_no, carer_name, carer_email, carer_phone, relationship) VALUES (840772, 'carer68', 'carer68@gmail.com', '7085428256', 'grandparent');
INSERT INTO Carer (patient_no, carer_name, carer_email, carer_phone, relationship) VALUES (485492, 'carer69', 'carer69@gmail.com', '7845160501', 'grandparent');
INSERT INTO Carer (patient_no, carer_name, carer_email, carer_phone, relationship) VALUES (568343, 'carer70', 'carer70@gmail.com', '7436417588', 'father');
INSERT INTO Carer (patient_no, carer_name, carer_email, carer_phone, relationship) VALUES (514252, 'carer71', 'carer71@gmail.com', '7935733296', 'father');
INSERT INTO Carer (patient_no, carer_name, carer_email, carer_phone, relationship) VALUES (295144, 'carer72', 'carer72@gmail.com', '7364630881', 'father');
INSERT INTO Carer (patient_no, carer_name, carer_email, carer_phone, relationship) VALUES (878507, 'carer73', 'carer73@gmail.com', '7069435438', 'uncle');
INSERT INTO Carer (patient_no, carer_name, carer_email, carer_phone, relationship) VALUES (600077, 'carer74', 'carer74@gmail.com', '7628087853', 'uncle');
INSERT INTO Carer (patient_no, carer_name, carer_email, carer_phone, relationship) VALUES (955460, 'carer75', 'carer75@gmail.com', '7451292715', 'uncle');
INSERT INTO Carer (patient_no, carer_name, carer_email, carer_phone, relationship) VALUES (680852, 'carer76', 'carer76@gmail.com', '7891303978', 'mother');
INSERT INTO Carer (patient_no, carer_name, carer_email, carer_phone, relationship) VALUES (921509, 'carer77', 'carer77@gmail.com', '7601474088', 'mother');
INSERT INTO Carer (patient_no, carer_name, carer_email, carer_phone, relationship) VALUES (293664, 'carer78', 'carer78@gmail.com', '7584770086', 'grandparent');
INSERT INTO Carer (patient_no, carer_name, carer_email, carer_phone, relationship) VALUES (303537, 'carer79', 'carer79@gmail.com', '7837561893', 'father');
INSERT INTO Carer (patient_no, carer_name, carer_email, carer_phone, relationship) VALUES (51779, 'carer80', 'carer80@gmail.com', '7291311651', 'grandparent');
INSERT INTO Carer (patient_no, carer_name, carer_email, carer_phone, relationship) VALUES (622818, 'carer81', 'carer81@gmail.com', '7698175009', 'uncle');
INSERT INTO Carer (patient_no, carer_name, carer_email, carer_phone, relationship) VALUES (208884, 'carer82', 'carer82@gmail.com', '7639046688', 'father');
INSERT INTO Carer (patient_no, carer_name, carer_email, carer_phone, relationship) VALUES (608451, 'carer83', 'carer83@gmail.com', '7714076191', 'mother');
INSERT INTO Carer (patient_no, carer_name, carer_email, carer_phone, relationship) VALUES (608451, 'carer84', 'carer84@gmail.com', '7968403486', 'grandparent');
INSERT INTO Carer (patient_no, carer_name, carer_email, carer_phone, relationship) VALUES (845491, 'carer85', 'carer85@gmail.com', '7896672797', 'grandparent');
INSERT INTO Carer (patient_no, carer_name, carer_email, carer_phone, relationship) VALUES (173691, 'carer86', 'carer86@gmail.com', '7283120815', 'uncle');
INSERT INTO Carer (patient_no, carer_name, carer_email, carer_phone, relationship) VALUES (649436, 'carer87', 'carer87@gmail.com', '7807308825', 'father');
INSERT INTO Carer (patient_no, carer_name, carer_email, carer_phone, relationship) VALUES (960144, 'carer88', 'carer88@gmail.com', '7366226456', 'uncle');
INSERT INTO Carer (patient_no, carer_name, carer_email, carer_phone, relationship) VALUES (151284, 'carer89', 'carer89@gmail.com', '7345113109', 'uncle');
INSERT INTO Carer (patient_no, carer_name, carer_email, carer_phone, relationship) VALUES (749715, 'carer90', 'carer90@gmail.com', '7155766290', 'mother');
INSERT INTO Carer (patient_no, carer_name, carer_email, carer_phone, relationship) VALUES (446153, 'carer91', 'carer91@gmail.com', '7024320685', 'grandparent');
INSERT INTO Carer (patient_no, carer_name, carer_email, carer_phone, relationship) VALUES (843592, 'carer92', 'carer92@gmail.com', '7344466957', 'grandparent');
INSERT INTO Carer (patient_no, carer_name, carer_email, carer_phone, relationship) VALUES (910244, 'carer93', 'carer93@gmail.com', '7349328396', 'uncle');
INSERT INTO Carer (patient_no, carer_name, carer_email, carer_phone, relationship) VALUES (551194, 'carer94', 'carer94@gmail.com', '7335683594', 'father');
INSERT INTO Carer (patient_no, carer_name, carer_email, carer_phone, relationship) VALUES (173691, 'carer95', 'carer95@gmail.com', '7272987189', 'uncle');
INSERT INTO Carer (patient_no, carer_name, carer_email, carer_phone, relationship) VALUES (545807, 'carer96', 'carer96@gmail.com', '7922967389', 'grandparent');
INSERT INTO Carer (patient_no, carer_name, carer_email, carer_phone, relationship) VALUES (759124, 'carer97', 'carer97@gmail.com', '7589149701', 'mother');
INSERT INTO Carer (patient_no, carer_name, carer_email, carer_phone, relationship) VALUES (514252, 'carer98', 'carer98@gmail.com', '7438106628', 'grandparent');
INSERT INTO Carer (patient_no, carer_name, carer_email, carer_phone, relationship) VALUES (608451, 'carer99', 'carer99@gmail.com', '7774268301', 'uncle');

INSERT INTO Test (patient_no, added, first_due_date, frequency, lab_id, completed_status, completed_date) VALUES (188495, 20180323, 20180402, 'weekly', 9, 'in review', 20180402);
INSERT INTO Test (patient_no, added, first_due_date, frequency, lab_id, completed_status, completed_date) VALUES (612505, 20181115, 20181122, 'weekly', 4, 'yes', 20181204);
INSERT INTO Test (patient_no, added, first_due_date, frequency, lab_id, completed_status, completed_date) VALUES (201206, 20180112, 20180119, 'weekly', 6, 'in review', 20180119);
INSERT INTO Test (patient_no, added, first_due_date, frequency, lab_id, completed_status, completed_date) VALUES (960144, 20180805, 20180812, 'weekly', 1, 'no', NULL);
INSERT INTO Test (patient_no, added, first_due_date, frequency, lab_id, completed_status, completed_date) VALUES (353567, 20180112, 20180119, 'weekly', 6, 'yes', 20180201);
INSERT INTO Test (patient_no, added, first_due_date, frequency, lab_id, completed_status, completed_date) VALUES (295507, 20180109, 20180116, 'weekly', 4, 'in review', 20180126);
INSERT INTO Test (patient_no, added, first_due_date, frequency, lab_id, completed_status, completed_date) VALUES (944148, 20180110, 20180117, 'weekly', 4, 'yes', 20180127);
INSERT INTO Test (patient_no, added, first_due_date, frequency, lab_id, completed_status, completed_date) VALUES (897134, 20180813, 20180820, 'weekly', 7, 'in review', 20180820);
INSERT INTO Test (patient_no, added, first_due_date, frequency, lab_id, completed_status, completed_date) VALUES (516685, 20180202, 20180209, 'weekly', 1, 'yes', 20180219);
INSERT INTO Test (patient_no, added, first_due_date, frequency, lab_id, completed_status, completed_date) VALUES (419475, 20180712, 20180719, 'weekly', 7, 'in review', 20180719);
INSERT INTO Test (patient_no, added, first_due_date, frequency, lab_id, completed_status, completed_date) VALUES (201206, 20190521, 20190528, 'weekly', 9, 'no', NULL);
INSERT INTO Test (patient_no, added, first_due_date, frequency, lab_id, completed_status, completed_date) VALUES (938516, 20190105, 20190112, 'weekly', 1, 'in review', 20190122);
INSERT INTO Test (patient_no, added, first_due_date, frequency, lab_id, completed_status, completed_date) VALUES (22384, 20180807, 20180814, 'weekly', 4, 'in review', 20180824);
INSERT INTO Test (patient_no, added, first_due_date, frequency, lab_id, completed_status, completed_date) VALUES (500454, 20181223, 20190102, 'weekly', 8, 'in review', 20190102);
INSERT INTO Test (patient_no, added, first_due_date, frequency, lab_id, completed_status, completed_date) VALUES (421964, 20181002, 20181009, 'weekly', 3, 'yes', 20181009);
INSERT INTO Test (patient_no, added, first_due_date, frequency, lab_id, completed_status, completed_date) VALUES (492929, 20191202, 20191209, 'weekly', 4, 'in review', 20191219);
INSERT INTO Test (patient_no, added, first_due_date, frequency, lab_id, completed_status, completed_date) VALUES (148824, 20180806, 20180813, 'weekly', 2, 'yes', 20180823);
INSERT INTO Test (patient_no, added, first_due_date, frequency, lab_id, completed_status, completed_date) VALUES (503004, 20180323, 20180402, 'weekly', 9, 'yes', 20180402);
INSERT INTO Test (patient_no, added, first_due_date, frequency, lab_id, completed_status, completed_date) VALUES (557700, 20180416, 20180423, 'weekly', 5, 'yes', 20180505);
INSERT INTO Test (patient_no, added, first_due_date, frequency, lab_id, completed_status, completed_date) VALUES (600077, 20181011, 20181018, 'weekly', 10, 'in review', 20181018);
INSERT INTO Test (patient_no, added, first_due_date, frequency, lab_id, completed_status, completed_date) VALUES (808799, 20190423, 20190502, 'weekly', 4, 'yes', 20190512);
INSERT INTO Test (patient_no, added, first_due_date, frequency, lab_id, completed_status, completed_date) VALUES (938232, 20180210, 20180217, 'weekly', 4, 'no', NULL);
INSERT INTO Test (patient_no, added, first_due_date, frequency, lab_id, completed_status, completed_date) VALUES (322169, 20190218, 20190225, 'weekly', 9, 'yes', 20190225);
INSERT INTO Test (patient_no, added, first_due_date, frequency, lab_id, completed_status, completed_date) VALUES (20082, 20190526, 20190605, 'weekly', 8, 'no', NULL);
INSERT INTO Test (patient_no, added, first_due_date, frequency, lab_id, completed_status, completed_date) VALUES (834294, 20180320, 20180327, 'weekly', 5, 'in review', 20180409);
INSERT INTO Test (patient_no, added, first_due_date, frequency, lab_id, completed_status, completed_date) VALUES (606390, 20180125, 20180204, 'weekly', 7, 'in review', 20180204);
INSERT INTO Test (patient_no, added, first_due_date, frequency, lab_id, completed_status, completed_date) VALUES (500454, 20181028, 20181107, 'weekly', 7, 'no', NULL);
INSERT INTO Test (patient_no, added, first_due_date, frequency, lab_id, completed_status, completed_date) VALUES (204136, 20190508, 20190515, 'weekly', 2, 'yes', 20190515);
INSERT INTO Test (patient_no, added, first_due_date, frequency, lab_id, completed_status, completed_date) VALUES (445753, 20180104, 20180111, 'weekly', 2, 'no', NULL);
INSERT INTO Test (patient_no, added, first_due_date, frequency, lab_id, completed_status, completed_date) VALUES (59387, 20190627, 20190706, 'weekly', 1, 'yes', 20190706);
INSERT INTO Test (patient_no, added, first_due_date, frequency, lab_id, completed_status, completed_date) VALUES (838837, 20180719, 20180726, 'weekly', 3, 'no', NULL);
INSERT INTO Test (patient_no, added, first_due_date, frequency, lab_id, completed_status, completed_date) VALUES (362565, 20180111, 20180118, 'weekly', 10, 'no', NULL);
INSERT INTO Test (patient_no, added, first_due_date, frequency, lab_id, completed_status, completed_date) VALUES (720218, 20191104, 20191111, 'weekly', 9, 'yes', 20191111);
INSERT INTO Test (patient_no, added, first_due_date, frequency, lab_id, completed_status, completed_date) VALUES (41353, 20191017, 20191024, 'weekly', 10, 'in review', 20191106);
INSERT INTO Test (patient_no, added, first_due_date, frequency, lab_id, completed_status, completed_date) VALUES (718498, 20190108, 20190115, 'weekly', 3, 'in review', 20190115);
INSERT INTO Test (patient_no, added, first_due_date, frequency, lab_id, completed_status, completed_date) VALUES (857213, 20181121, 20181128, 'weekly', 8, 'in review', 20181210);
INSERT INTO Test (patient_no, added, first_due_date, frequency, lab_id, completed_status, completed_date) VALUES (305578, 20180218, 20180225, 'weekly', 3, 'no', NULL);
INSERT INTO Test (patient_no, added, first_due_date, frequency, lab_id, completed_status, completed_date) VALUES (431758, 20180202, 20180209, 'weekly', 5, 'no', NULL);
INSERT INTO Test (patient_no, added, first_due_date, frequency, lab_id, completed_status, completed_date) VALUES (998139, 20190616, 20190623, 'weekly', 7, 'in review', 20190623);
INSERT INTO Test (patient_no, added, first_due_date, frequency, lab_id, completed_status, completed_date) VALUES (223887, 20180312, 20180319, 'weekly', 8, 'no', NULL);
INSERT INTO Test (patient_no, added, first_due_date, frequency, lab_id, completed_status, completed_date) VALUES (302188, 20180112, 20180119, 'weekly', 8, 'yes', 20180201);
INSERT INTO Test (patient_no, added, first_due_date, frequency, lab_id, completed_status, completed_date) VALUES (816592, 20180308, 20180315, 'weekly', 2, 'no', NULL);
INSERT INTO Test (patient_no, added, first_due_date, frequency, lab_id, completed_status, completed_date) VALUES (319449, 20180405, 20180412, 'weekly', 5, 'yes', 20180422);
INSERT INTO Test (patient_no, added, first_due_date, frequency, lab_id, completed_status, completed_date) VALUES (944148, 20190205, 20190212, 'weekly', 3, 'yes', 20190222);
INSERT INTO Test (patient_no, added, first_due_date, frequency, lab_id, completed_status, completed_date) VALUES (503004, 20180522, 20180601, 'weekly', 1, 'no', NULL);
INSERT INTO Test (patient_no, added, first_due_date, frequency, lab_id, completed_status, completed_date) VALUES (441140, 20190426, 20190505, 'weekly', 2, 'yes', 20190505);
INSERT INTO Test (patient_no, added, first_due_date, frequency, lab_id, completed_status, completed_date) VALUES (421964, 20190302, 20190309, 'weekly', 9, 'in review', 20190319);
INSERT INTO Test (patient_no, added, first_due_date, frequency, lab_id, completed_status, completed_date) VALUES (935622, 20180505, 20180512, 'weekly', 1, 'yes', 20180522);
INSERT INTO Test (patient_no, added, first_due_date, frequency, lab_id, completed_status, completed_date) VALUES (278014, 20191205, 20191212, 'weekly', 1, 'no', NULL);
INSERT INTO Test (patient_no, added, first_due_date, frequency, lab_id, completed_status, completed_date) VALUES (418087, 20180628, 20180707, 'weekly', 10, 'in review', 20180707);
INSERT INTO Test (patient_no, added, first_due_date, frequency, lab_id, completed_status, completed_date) VALUES (779297, 20190913, 20190920, 'weekly', 1, 'no', NULL);
INSERT INTO Test (patient_no, added, first_due_date, frequency, lab_id, completed_status, completed_date) VALUES (720218, 20180423, 20180502, 'weekly', 6, 'in review', 20180512);
INSERT INTO Test (patient_no, added, first_due_date, frequency, lab_id, completed_status, completed_date) VALUES (557700, 20180226, 20180305, 'weekly', 4, 'in review', 20180315);
INSERT INTO Test (patient_no, added, first_due_date, frequency, lab_id, completed_status, completed_date) VALUES (485492, 20180325, 20180404, 'weekly', 4, 'in review', 20180404);
INSERT INTO Test (patient_no, added, first_due_date, frequency, lab_id, completed_status, completed_date) VALUES (640877, 20180613, 20180620, 'weekly', 7, 'in review', 20180702);
INSERT INTO Test (patient_no, added, first_due_date, frequency, lab_id, completed_status, completed_date) VALUES (270475, 20191018, 20191025, 'weekly', 1, 'yes', 20191107);
INSERT INTO Test (patient_no, added, first_due_date, frequency, lab_id, completed_status, completed_date) VALUES (196054, 20180927, 20181006, 'weekly', 2, 'yes', 20181016);
INSERT INTO Test (patient_no, added, first_due_date, frequency, lab_id, completed_status, completed_date) VALUES (808799, 20180827, 20180906, 'weekly', 1, 'in review', 20180916);
INSERT INTO Test (patient_no, added, first_due_date, frequency, lab_id, completed_status, completed_date) VALUES (834294, 20180410, 20180417, 'weekly', 8, 'in review', 20180427);
INSERT INTO Test (patient_no, added, first_due_date, frequency, lab_id, completed_status, completed_date) VALUES (685460, 20180723, 20180802, 'weekly', 10, 'no', NULL);
INSERT INTO Test (patient_no, added, first_due_date, frequency, lab_id, completed_status, completed_date) VALUES (131331, 20180816, 20180823, 'weekly', 9, 'no', NULL);
INSERT INTO Test (patient_no, added, first_due_date, frequency, lab_id, completed_status, completed_date) VALUES (685460, 20190719, 20190726, 'weekly', 3, 'in review', 20190808);
INSERT INTO Test (patient_no, added, first_due_date, frequency, lab_id, completed_status, completed_date) VALUES (771968, 20180824, 20180903, 'weekly', 5, 'in review', 20180913);
INSERT INTO Test (patient_no, added, first_due_date, frequency, lab_id, completed_status, completed_date) VALUES (816592, 20180226, 20180305, 'weekly', 6, 'no', NULL);
INSERT INTO Test (patient_no, added, first_due_date, frequency, lab_id, completed_status, completed_date) VALUES (223887, 20181025, 20181104, 'weekly', 2, 'no', NULL);
INSERT INTO Test (patient_no, added, first_due_date, frequency, lab_id, completed_status, completed_date) VALUES (21961, 20180901, 20180908, 'weekly', 4, 'yes', 20180908);
INSERT INTO Test (patient_no, added, first_due_date, frequency, lab_id, completed_status, completed_date) VALUES (878507, 20181217, 20181224, 'weekly', 6, 'yes', 20181224);
INSERT INTO Test (patient_no, added, first_due_date, frequency, lab_id, completed_status, completed_date) VALUES (934552, 20180409, 20180416, 'weekly', 6, 'in review', 20180416);
INSERT INTO Test (patient_no, added, first_due_date, frequency, lab_id, completed_status, completed_date) VALUES (94903, 20190414, 20190421, 'weekly', 4, 'yes', 20190503);
INSERT INTO Test (patient_no, added, first_due_date, frequency, lab_id, completed_status, completed_date) VALUES (97786, 20181024, 20181103, 'weekly', 9, 'in review', 20181113);
INSERT INTO Test (patient_no, added, first_due_date, frequency, lab_id, completed_status, completed_date) VALUES (878507, 20180708, 20180715, 'weekly', 3, 'yes', 20180725);
INSERT INTO Test (patient_no, added, first_due_date, frequency, lab_id, completed_status, completed_date) VALUES (369980, 20190911, 20190918, 'weekly', 3, 'yes', 20190918);
INSERT INTO Test (patient_no, added, first_due_date, frequency, lab_id, completed_status, completed_date) VALUES (838837, 20191023, 20191102, 'weekly', 10, 'no', NULL);
INSERT INTO Test (patient_no, added, first_due_date, frequency, lab_id, completed_status, completed_date) VALUES (857213, 20181203, 20181210, 'weekly', 4, 'no', NULL);
INSERT INTO Test (patient_no, added, first_due_date, frequency, lab_id, completed_status, completed_date) VALUES (212349, 20181219, 20181226, 'weekly', 3, 'yes', 20190108);
INSERT INTO Test (patient_no, added, first_due_date, frequency, lab_id, completed_status, completed_date) VALUES (322169, 20181116, 20181123, 'weekly', 2, 'yes', 20181205);
INSERT INTO Test (patient_no, added, first_due_date, frequency, lab_id, completed_status, completed_date) VALUES (485492, 20180627, 20180706, 'weekly', 2, 'in review', 20180716);
INSERT INTO Test (patient_no, added, first_due_date, frequency, lab_id, completed_status, completed_date) VALUES (67935, 20190622, 20190701, 'weekly', 4, 'in review', 20190711);
INSERT INTO Test (patient_no, added, first_due_date, frequency, lab_id, completed_status, completed_date) VALUES (935622, 20180406, 20180413, 'weekly', 4, 'in review', 20180413);
INSERT INTO Test (patient_no, added, first_due_date, frequency, lab_id, completed_status, completed_date) VALUES (403134, 20181003, 20181010, 'weekly', 2, 'in review', 20181020);
INSERT INTO Test (patient_no, added, first_due_date, frequency, lab_id, completed_status, completed_date) VALUES (749715, 20180225, 20180304, 'weekly', 10, 'yes', 20180314);
INSERT INTO Test (patient_no, added, first_due_date, frequency, lab_id, completed_status, completed_date) VALUES (202635, 20180518, 20180525, 'weekly', 3, 'yes', 20180607);
INSERT INTO Test (patient_no, added, first_due_date, frequency, lab_id, completed_status, completed_date) VALUES (202833, 20180724, 20180803, 'weekly', 1, 'no', NULL);
INSERT INTO Test (patient_no, added, first_due_date, frequency, lab_id, completed_status, completed_date) VALUES (419475, 20180722, 20180801, 'weekly', 4, 'in review', 20180801);
INSERT INTO Test (patient_no, added, first_due_date, frequency, lab_id, completed_status, completed_date) VALUES (840772, 20180628, 20180707, 'weekly', 6, 'in review', 20180707);
INSERT INTO Test (patient_no, added, first_due_date, frequency, lab_id, completed_status, completed_date) VALUES (377810, 20180110, 20180117, 'weekly', 2, 'in review', 20180117);
INSERT INTO Test (patient_no, added, first_due_date, frequency, lab_id, completed_status, completed_date) VALUES (401241, 20180109, 20180116, 'weekly', 5, 'no', NULL);
INSERT INTO Test (patient_no, added, first_due_date, frequency, lab_id, completed_status, completed_date) VALUES (600077, 20180523, 20180602, 'weekly', 10, 'no', NULL);
INSERT INTO Test (patient_no, added, first_due_date, frequency, lab_id, completed_status, completed_date) VALUES (67935, 20181227, 20190106, 'weekly', 10, 'no', NULL);
INSERT INTO Test (patient_no, added, first_due_date, frequency, lab_id, completed_status, completed_date) VALUES (938516, 20180217, 20180224, 'weekly', 9, 'in review', 20180306);
INSERT INTO Test (patient_no, added, first_due_date, frequency, lab_id, completed_status, completed_date) VALUES (594005, 20180608, 20180615, 'weekly', 5, 'no', NULL);
INSERT INTO Test (patient_no, added, first_due_date, frequency, lab_id, completed_status, completed_date) VALUES (419987, 20180416, 20180423, 'weekly', 7, 'no', NULL);
INSERT INTO Test (patient_no, added, first_due_date, frequency, lab_id, completed_status, completed_date) VALUES (771968, 20191127, 20191206, 'weekly', 6, 'yes', 20191216);
INSERT INTO Test (patient_no, added, first_due_date, frequency, lab_id, completed_status, completed_date) VALUES (606390, 20191012, 20191019, 'weekly', 4, 'no', NULL);
INSERT INTO Test (patient_no, added, first_due_date, frequency, lab_id, completed_status, completed_date) VALUES (515743, 20180917, 20180924, 'weekly', 2, 'yes', 20180924);
INSERT INTO Test (patient_no, added, first_due_date, frequency, lab_id, completed_status, completed_date) VALUES (749715, 20180513, 20180520, 'weekly', 1, 'in review', 20180602);
INSERT INTO Test (patient_no, added, first_due_date, frequency, lab_id, completed_status, completed_date) VALUES (319449, 20180303, 20180310, 'weekly', 4, 'in review', 20180310);
INSERT INTO Test (patient_no, added, first_due_date, frequency, lab_id, completed_status, completed_date) VALUES (514252, 20180208, 20180215, 'weekly', 2, 'no', NULL);
INSERT INTO Test (patient_no, added, first_due_date, frequency, lab_id, completed_status, completed_date) VALUES (377810, 20180415, 20180422, 'weekly', 2, 'no', NULL);
INSERT INTO Test (patient_no, added, first_due_date, frequency, lab_id, completed_status, completed_date) VALUES (295507, 20180713, 20180720, 'weekly', 1, 'in review', 20180802);
